Timestamp,NT:/Pose/.type,NT:/Pose/robotPose,NT:/Pose/robotPose/0,NT:/Pose/robotPose/1,NT:/Pose/robotPose/2,NT:/Pose/robotPose/length
1.763594,"Field2d",null,null,null,null,null
1.763644,"Field2d",[0; 0; -0.29255889838956456],0,0,-0.29255889838956456,3
8.610991,"Field2d",[12.84576404494382; 2.8426516853932586; -3.141592653589793],12.84576404494382,2.8426516853932586,-3.141592653589793,3
8.616009,"Field2d",[12.84576404494382; 2.8426516853932586; 0.23062442407868183],12.84576404494382,2.8426516853932586,0.23062442407868183,3
8.630627,"Field2d",[12.84576404494382; 2.8426516853932586; 0.2306244240786818],12.84576404494382,2.8426516853932586,0.2306244240786818,3
8.635789,"Field2d",[12.84576404494382; 2.8426516853932586; 0.2583319520598667],12.84576404494382,2.8426516853932586,0.2583319520598667,3
8.655366,"Field2d",[12.84576404494382; 2.8426516853932586; 0.2754933621243372],12.84576404494382,2.8426516853932586,0.2754933621243372,3
8.675807,"Field2d",[12.84576404494382; 2.8426516853932586; 0.2843616885543009],12.84576404494382,2.8426516853932586,0.2843616885543009,3
8.695351,"Field2d",[12.84576404494382; 2.8426516853932586; 0.2889636309179578],12.84576404494382,2.8426516853932586,0.2889636309179578,3
8.714961,"Field2d",[12.84576404494382; 2.8426516853932586; 0.29121666520016476],12.84576404494382,2.8426516853932586,0.29121666520016476,3
8.738875,"Field2d",[12.84576404494382; 2.8426516853932586; 0.29231921389145715],12.84576404494382,2.8426516853932586,0.29231921389145715,3
8.750385,"Field2d",[12.84576404494382; 2.8426516853932586; 0.2923192138914571],12.84576404494382,2.8426516853932586,0.2923192138914571,3
8.754951,"Field2d",[12.84576404494382; 2.8426516853932586; 0.2927985828876719],12.84576404494382,2.8426516853932586,0.2927985828876719,3
8.76743,"Field2d",[12.84576404494382; 2.8426516853932586; 0.29279858288767197],12.84576404494382,2.8426516853932586,0.29279858288767197,3
8.774695,"Field2d",[12.84576404494382; 2.8426516853932586; 0.2929423935865365],12.84576404494382,2.8426516853932586,0.2929423935865365,3
8.79591,"Field2d",[12.84576404494382; 2.8426516853932586; 0.2929903304861579],12.84576404494382,2.8426516853932586,0.2929903304861579,3
8.815162,"Field2d",[12.84576404494382; 2.8426516853932586; 0.2929423935865366],12.84576404494382,2.8426516853932586,0.2929423935865366,3
8.854679,"Field2d",[12.84576404494382; 2.8426516853932586; 0.29289445668691527],12.84576404494382,2.8426516853932586,0.29289445668691527,3
8.870387,"Field2d",[12.84576404494382; 2.8426516853932586; 0.2928944566869152],12.84576404494382,2.8426516853932586,0.2928944566869152,3
8.891697,"Field2d",[12.84576404494382; 2.8426516853932586; 0.29289445668691516],12.84576404494382,2.8426516853932586,0.29289445668691516,3
8.894978,"Field2d",[12.84576404494382; 2.8426516853932586; 0.2928465197872934],12.84576404494382,2.8426516853932586,0.2928465197872934,3
8.915325,"Field2d",[12.84576404494382; 2.8426516853932586; 0.2927985828876721],12.84576404494382,2.8426516853932586,0.2927985828876721,3
8.930873,"Field2d",[12.84576404494382; 2.8426516853932586; 0.29279858288767213],12.84576404494382,2.8426516853932586,0.29279858288767213,3
8.951436,"Field2d",[12.84576404494382; 2.8426516853932586; 0.2927985828876722],12.84576404494382,2.8426516853932586,0.2927985828876722,3
8.954466,"Field2d",[12.84576404494382; 2.8426516853932586; 0.29275064598805084],12.84576404494382,2.8426516853932586,0.29275064598805084,3
8.970656,"Field2d",[12.84576404494382; 2.8426516853932586; 0.2927506459880508],12.84576404494382,2.8426516853932586,0.2927506459880508,3
8.99163,"Field2d",[12.84576404494382; 2.8426516853932586; 0.29275064598805073],12.84576404494382,2.8426516853932586,0.29275064598805073,3
8.994459,"Field2d",[12.84576404494382; 2.8426516853932586; 0.2927027090884294],12.84576404494382,2.8426516853932586,0.2927027090884294,3
9.054595,"Field2d",[12.84576404494382; 2.8426516853932586; 0.2926547721888076],12.84576404494382,2.8426516853932586,0.2926547721888076,3
9.074566,"Field2d",[12.84576404494382; 2.8426516853932586; 0.2926068352891863],12.84576404494382,2.8426516853932586,0.2926068352891863,3
9.086783,"Field2d",[12.855848847723491; 2.8435141112610514; 0.2926068352891863],12.855848847723491,2.8435141112610514,0.2926068352891863,3
9.091352,"Field2d",[12.8558424766146; 2.843513565580053; 0.2926068352891863],12.8558424766146,2.843513565580053,0.2926068352891863,3
9.094391,"Field2d",[12.855820241067862; 2.8435116508813563; 0.2926068352891863],12.855820241067862,2.8435116508813563,0.2926068352891863,3
9.098925,"Field2d",[12.85587883937762; 2.84351656215141; 0.2926068689685869],12.85587883937762,2.84351656215141,0.2926068689685869,3
9.102858,"Field2d",[12.855834866831163; 2.8435127889089498; 0.2926069611437886],12.855834866831163,2.8435127889089498,0.2926069611437886,3
9.106415,"Field2d",[12.84550494441064; 2.840231389033465; 0.29260693012328814],12.84550494441064,2.840231389033465,0.29260693012328814,3
9.111325,"Field2d",[12.84547896980206; 2.8402231219804563; 0.29260697532458785],12.84547896980206,2.8402231219804563,0.29260697532458785,3
9.114506,"Field2d",[12.8454334000857; 2.84020857277955; 0.29246130694089506],12.8454334000857,2.84020857277955,0.29246130694089506,3
9.11828,"Field2d",[12.845470579010957; 2.8402204073220827; 0.2924618145862714],12.845470579010957,2.8402204073220827,0.2924618145862714,3
9.123353,"Field2d",[12.845486878436283; 2.8402255893634516; 0.29246203016170863],12.845486878436283,2.8402255893634516,0.29246203016170863,3
9.126378,"Field2d",[12.881523311885978; 2.7914073165335838; 0.29246248217471515],12.881523311885978,2.7914073165335838,0.29246248217471515,3
9.130851,"Field2d",[12.881701317791368; 2.791163022496668; 0.29246178677009066],12.881701317791368,2.791163022496668,0.29246178677009066,3
9.134264,"Field2d",[12.88133958377349; 2.7916548569477655; 0.29246302459032186],12.88133958377349,2.7916548569477655,0.29246302459032186,3
9.138756,"Field2d",[12.88134791337533; 2.791643396102283; 0.29246302459032186],12.88134791337533,2.791643396102283,0.29246302459032186,3
9.143382,"Field2d",[12.881236777812227; 2.791794932198247; 0.29246302459032186],12.881236777812227,2.791794932198247,0.29246302459032186,3
9.146397,"Field2d",[12.943567528379916; 2.6616452702531506; 0.29246302459032186],12.943567528379916,2.6616452702531506,0.29246302459032186,3
9.150287,"Field2d",[12.943749493997958; 2.661273407378491; 0.29246302459032186],12.943749493997958,2.661273407378491,0.29246302459032186,3
9.154798,"Field2d",[12.943651945846087; 2.661499764325959; 0.29246302459032186],12.943651945846087,2.661499764325959,0.29246302459032186,3
9.159936,"Field2d",[12.943796296474314; 2.6612124271963205; 0.29246302459032186],12.943796296474314,2.6612124271963205,0.29246302459032186,3
9.162492,"Field2d",[12.943229124512099; 2.6624232911690635; 0.29246302459032186],12.943229124512099,2.6624232911690635,0.29246302459032186,3
9.167029,"Field2d",[13.161311675844617; 2.9487943353540125; 0.29246302459032186],13.161311675844617,2.9487943353540125,0.29246302459032186,3
9.171421,"Field2d",[13.161727530907099; 2.9493250545537757; 0.29246302459032186],13.161727530907099,2.9493250545537757,0.29246302459032186,3
9.175057,"Field2d",[13.160753593729671; 2.9478033850863943; 0.29246302459032186],13.160753593729671,2.9478033850863943,0.29246302459032186,3
9.178343,"Field2d",[13.15968192672582; 2.946196332417296; 0.29246302459032186],13.15968192672582,2.946196332417296,0.29246302459032186,3
9.18262,"Field2d",[13.161438455119127; 2.948517270119886; 0.29246302459032186],13.161438455119127,2.948517270119886,0.29246302459032186,3
9.186768,"Field2d",[13.509498133945508; 3.638595567910002; 0.29246302459032186],13.509498133945508,3.638595567910002,0.29246302459032186,3
9.190522,"Field2d",[13.508284971472483; 3.636468276005052; 0.29246302459032186],13.508284971472483,3.636468276005052,0.29246302459032186,3
9.194673,"Field2d",[13.510145751545616; 3.640573358035031; 0.29246302459032186],13.510145751545616,3.640573358035031,0.29246302459032186,3
9.198768,"Field2d",[13.509423895136031; 3.6391125516853586; 0.29246302459032186],13.509423895136031,3.6391125516853586,0.29246302459032186,3
9.202241,"Field2d",[13.50791033519645; 3.6364764832533254; 0.29246302459032186],13.50791033519645,3.6364764832533254,0.29246302459032186,3
9.20677,"Field2d",[11.928168314291643; 3.5453597367845844; 0.29246302459032186],11.928168314291643,3.5453597367845844,0.29246302459032186,3
9.210324,"Field2d",[11.91965094102569; 3.548523437994724; 0.29246302459032186],11.91965094102569,3.548523437994724,0.29246302459032186,3
9.215323,"Field2d",[11.918391802637306; 3.5487225626559056; 0.2924631009484768],11.918391802637306,3.5487225626559056,0.2924631009484768,3
9.218867,"Field2d",[11.921733358242916; 3.5484379369749868; 0.29246308629043793],11.921733358242916,3.5484379369749868,0.29246308629043793,3
9.224132,"Field2d",[11.913415971720902; 3.550662243031496; 0.29246303652128436],11.913415971720902,3.550662243031496,0.29246303652128436,3
9.227104,"Field2d",[8.892637751934524; 2.3448268263937564; 0.2924630982214],8.892637751934524,2.3448268263937564,0.2924630982214,3
9.232157,"Field2d",[8.904506473251802; 2.3464328935802268; 0.29246307231416946],8.904506473251802,2.3464328935802268,0.29246307231416946,3
9.235144,"Field2d",[8.916599560037604; 2.3450382787145694; 0.2924630457251686],8.916599560037604,2.3450382787145694,0.2924630457251686,3
9.238736,"Field2d",[8.887101782654305; 2.3232423910902678; 0.2924630382257072],8.887101782654305,2.3232423910902678,0.2924630382257072,3
9.242203,"Field2d",[8.899098254972273; 2.327930765628109; 0.2924630975396316],8.899098254972273,2.327930765628109,0.2924630975396316,3
9.246739,"Field2d",[10.852704164530014; -3.8951747609791827; 0.2924630716323993],10.852704164530014,-3.8951747609791827,0.2924630716323993,3
9.250249,"Field2d",[10.848509871438342; -3.8872647291537277; 0.2924630522019763],10.848509871438342,-3.8872647291537277,0.2924630522019763,3
9.255395,"Field2d",[10.845513950218301; -3.896166854667724; 0.2924630162727381],10.845513950218301,-3.896166854667724,0.2924630162727381,3
9.258366,"Field2d",[10.84439119032561; -3.9158622492914943; 0.29246299050186014],10.84439119032561,-3.9158622492914943,0.29246299050186014,3
9.263266,"Field2d",[10.844247800723121; -3.9174670872585855; 0.29246298913832164],10.844247800723121,-3.9174670872585855,0.29246298913832164,3
9.267439,"Field2d",[23.19972560959301; -8.279639027879853; 0.2924630110912913],23.19972560959301,-8.279639027879853,0.2924630110912913,3
9.271469,"Field2d",[23.228608976862354; -8.271463029931727; 0.2924630198179379],23.228608976862354,-8.271463029931727,0.2924630198179379,3
9.274514,"Field2d",[23.22704618754492; -8.271789230589416; 0.2923654818881582],23.22704618754492,-8.271789230589416,0.2923654818881582,3
9.280079,"Field2d",[23.216007696148594; -8.271566149409207; 0.2923659223792605],23.216007696148594,-8.271566149409207,0.2923659223792605,3
9.283453,"Field2d",[23.204870234400133; -8.26865268531174; 0.29236637527856696],23.204870234400133,-8.26865268531174,0.29236637527856696,3
9.286448,"Field2d",[8.04995602269272; -29.793104447189997; 0.29236612711456517],8.04995602269272,-29.793104447189997,0.29236612711456517,3
9.290912,"Field2d",[8.035858201332404; -29.80287149987355; 0.2923654446635571],8.035858201332404,-29.80287149987355,0.2923654446635571,3
9.294441,"Field2d",[8.043453850820413; -29.795293749552865; 0.2919310155093806],8.043453850820413,-29.795293749552865,0.2919310155093806,3
9.299532,"Field2d",[8.048847139767963; -29.787192413115346; 0.2919323470047066],8.048847139767963,-29.787192413115346,0.2919323470047066,3
9.302979,"Field2d",[8.052992000036232; -29.772697448726497; 0.2919344086748799],8.052992000036232,-29.772697448726497,0.2919344086748799,3
9.306565,"Field2d",[21.55939033398586; -80.96788473745738; 0.29193494556816174],21.55939033398586,-80.96788473745738,0.29193494556816174,3
9.311577,"Field2d",[21.559620302901312; -80.95444824060581; 0.2919312732181625],21.559620302901312,-80.95444824060581,0.2919312732181625,3
9.315108,"Field2d",[21.56237078723536; -80.94134535546601; 0.29193571869448687],21.56237078723536,-80.94134535546601,0.29193571869448687,3
9.319663,"Field2d",[21.568552012911315; -80.94066261457633; 0.29193571869448687],21.568552012911315,-80.94066261457633,0.29193571869448687,3
9.323515,"Field2d",[21.57196068710494; -80.93269403982802; 0.29193571869448687],21.57196068710494,-80.93269403982802,0.29193571869448687,3
9.327008,"Field2d",[87.78414355388692; 2.442412693793358; 0.29193571869448687],87.78414355388692,2.442412693793358,0.29193571869448687,3
9.331683,"Field2d",[87.5808848980679; 2.490033171482078; 0.29193571869448687],87.5808848980679,2.490033171482078,0.29193571869448687,3
9.334797,"Field2d",[87.53236951518376; 2.262780663815783; 0.29193571869448687],87.53236951518376,2.262780663815783,0.29193571869448687,3
9.339735,"Field2d",[87.53480730932716; 2.2693709574435386; 0.29193571869448687],87.53480730932716,2.2693709574435386,0.29193571869448687,3
9.343029,"Field2d",[87.5332983582075; 2.259951976434462; 0.29193571869448687],87.5332983582075,2.259951976434462,0.29193571869448687,3
9.346691,"Field2d",[-37.62149845792722; -171.46720480434874; 0.29193571869448687],-37.62149845792722,-171.46720480434874,0.29193571869448687,3
9.350493,"Field2d",[-37.620464309670254; -171.4658692730697; 0.29193571869448687],-37.620464309670254,-171.4658692730697,0.29193571869448687,3
9.355116,"Field2d",[-37.61956490825613; -171.46478437040966; 0.29135499529245684],-37.61956490825613,-171.46478437040966,0.29135499529245684,3
9.358177,"Field2d",[-37.620247664564666; -171.4656463164133; 0.2913548063060334],-37.620247664564666,-171.4656463164133,0.2913548063060334,3
9.362748,"Field2d",[-37.614580469626524; -171.46043775008076; 0.29135612921107057],-37.614580469626524,-171.46043775008076,0.29135612921107057,3
9.366988,"Field2d",[-393.7476383454311; 70.65556171926545; 0.2913527814513957],-393.7476383454311,70.65556171926545,0.2913527814513957,3
9.371958,"Field2d",[-393.7282109535395; 70.65179055876074; 0.29135618320718837],-393.7282109535395,70.65179055876074,0.29135618320718837,3
9.375388,"Field2d",[-393.7520709094513; 70.66802243344557; 0.2907363389999345],-393.7520709094513,70.66802243344557,0.2907363389999345,3
9.378406,"Field2d",[-393.7430689483745; 70.66423512917949; 0.29073018098746467],-393.7430689483745,70.66423512917949,0.29073018098746467,3
9.383616,"Field2d",[-393.7473262300915; 70.66654546650281; 0.2907291599698254],-393.7473262300915,70.66654546650281,0.2907291599698254,3
9.386959,"Field2d",[415.94635951017307; 378.11606720550236; 0.2907285537406155],415.94635951017307,378.11606720550236,0.2907285537406155,3
9.392069,"Field2d",[415.94105574515777; 378.1207582279048; 0.29073582849110063],415.94105574515777,378.1207582279048,0.29073582849110063,3
9.395089,"Field2d",[1957.4490480521151; -432.84076232438275; 0.2906403056666916],1957.4490480521151,-432.84076232438275,0.2906403056666916,3
9.400172,"Field2d",[1957.4410997939788; -432.8381896165501; 0.29063173685001187],1957.4410997939788,-432.8381896165501,0.29063173685001187,3
9.403296,"Field2d",[1957.4406881428683; -432.8380604489086; 0.2906405461948823],1957.4406881428683,-432.8380604489086,0.2906405461948823,3
9.406747,"Field2d",[1957.4276754860664; -432.8375763966823; 0.29064090269201714],1957.4276754860664,-432.8375763966823,0.29064090269201714,3
9.411826,"Field2d",[1957.429892778945; -432.8437783440273; 0.2906410530221345],1957.429892778945,-432.8437783440273,0.2906410530221345,3
9.414483,"Field2d",[1957.4475423881129; -432.84908765534567; 0.2906414224047083],1957.4475423881129,-432.84908765534567,0.2906414224047083,3
9.418861,"Field2d",[1957.452957784225; -432.8514539865633; 0.2906414224047083],1957.452957784225,-432.8514539865633,0.2906414224047083,3
9.423573,"Field2d",[1957.45555504127; -432.8527782680975; 0.2906414224047083],1957.45555504127,-432.8527782680975,0.2906414224047083,3
9.427631,"Field2d",[3996.532264594195; 2415.6497764925557; 0.2906414224047083],3996.532264594195,2415.6497764925557,0.2906414224047083,3
9.431245,"Field2d",[3996.510070129953; 2415.644646248999; 0.2906414224047083],3996.510070129953,2415.644646248999,0.2906414224047083,3
9.434331,"Field2d",[3996.559105502833; 2415.6925995967795; 0.29054514118016944],3996.559105502833,2415.6925995967795,0.29054514118016944,3
9.438428,"Field2d",[3996.5577273745726; 2415.691498314759; 0.2905452090843828],3996.5577273745726,2415.691498314759,0.2905452090843828,3
9.442946,"Field2d",[3996.5615494226377; 2415.6953249511957; 0.29054429237746265],3996.5615494226377,2415.6953249511957,0.29054429237746265,3
9.446418,"Field2d",[2692.042782021364; -4507.805410468485; 0.2905449714196273],2692.042782021364,-4507.805410468485,0.2905449714196273,3
9.450468,"Field2d",[2692.023966140701; -4507.819430070617; 0.29054520908438264],2692.023966140701,-4507.819430070617,0.29054520908438264,3
9.45593,"Field2d",[2692.0259007969184; -4507.812639204858; 0.2905455486054656],2692.0259007969184,-4507.812639204858,0.2905455486054656,3
9.459013,"Field2d",[2692.0263738656504; -4507.810680155032; 0.2905455486054656],2692.0263738656504,-4507.810680155032,0.2905455486054656,3
9.464032,"Field2d",[2692.011810400779; -4507.827993341215; 0.2905455486054656],2692.011810400779,-4507.827993341215,0.2905455486054656,3
9.466832,"Field2d",[-4464.862192362085; -10189.362832337121; 0.2905455486054656],-4464.862192362085,-10189.362832337121,0.2905455486054656,3
9.47168,"Field2d",[-4464.864949886187; -10189.372639524565; 0.2905455486054656],-4464.864949886187,-10189.372639524565,0.2905455486054656,3
9.475262,"Field2d",[-4464.871246521051; -10189.390679874254; 0.2905455486054656],-4464.871246521051,-10189.390679874254,0.2905455486054656,3
9.478206,"Field2d",[-4464.861436914824; -10189.378147409769; 0.2905455486054656],-4464.861436914824,-10189.378147409769,0.2905455486054656,3
9.483316,"Field2d",[-4464.8504783192875; -10189.370170740178; 0.2905455486054656],-4464.8504783192875,-10189.370170740178,0.2905455486054656,3
9.486989,"Field2d",[4982.519618704948; -13625.423440475144; 0.2905455486054656],4982.519618704948,-13625.423440475144,0.2905455486054656,3
9.490584,"Field2d",[4982.5298587048455; -13625.430502975953; 0.2905455486054656],4982.5298587048455,-13625.430502975953,0.2905455486054656,3
9.495343,"Field2d",[4982.497029118433; -13625.4239854532; 0.2905455486054656],4982.497029118433,-13625.4239854532,0.2905455486054656,3
9.499793,"Field2d",[4982.5093606833; -13625.430442073735; 0.2905455486054656],4982.5093606833,-13625.430442073735,0.2905455486054656,3
9.50279,"Field2d",[4982.50012882498; -13625.42774253069; 0.2905455486054656],4982.50012882498,-13625.42774253069,0.2905455486054656,3
9.506371,"Field2d",[-4770.062591094149; -11186.973534279314; 0.2905455486054656],-4770.062591094149,-11186.973534279314,0.2905455486054656,3
9.511483,"Field2d",[-4770.068095943304; -11186.972810464284; 0.2905455486054656],-4770.068095943304,-11186.972810464284,0.2905455486054656,3
9.514279,"Field2d",[-4770.058777209288; -11186.973532374446; 0.2905455486054656],-4770.058777209288,-11186.973532374446,0.2905455486054656,3
9.519009,"Field2d",[-4770.03756449172; -11186.988110106908; 0.2905455486054656],-4770.03756449172,-11186.988110106908,0.2905455486054656,3
9.523148,"Field2d",[-4770.052333084976; -11186.991760856421; 0.2905455486054656],-4770.052333084976,-11186.991760856421,0.2905455486054656,3
9.526539,"Field2d",[5275.619226611832; -11564.761602638315; 0.2905455486054656],5275.619226611832,-11564.761602638315,0.2905455486054656,3
9.531688,"Field2d",[5275.622480427902; -11564.761943478607; 0.2905455486054656],5275.622480427902,-11564.761943478607,0.2905455486054656,3
9.534655,"Field2d",[5275.64257409845; -11564.781514572855; 0.2905455486054656],5275.64257409845,-11564.781514572855,0.2905455486054656,3
9.539661,"Field2d",[5275.63344008264; -11564.778497386289; 0.2905455486054656],5275.63344008264,-11564.778497386289,0.2905455486054656,3
9.542707,"Field2d",[5275.626979972293; -11564.777284636628; 0.2905455486054656],5275.626979972293,-11564.777284636628,0.2905455486054656,3
9.546211,"Field2d",[-4754.589602456106; -12238.204085564632; 0.2905455486054656],-4754.589602456106,-12238.204085564632,0.2905455486054656,3
9.551554,"Field2d",[-4754.56152713595; -12238.225802897707; 0.2905455486054656],-4754.56152713595,-12238.225802897707,0.2905455486054656,3
9.555068,"Field2d",[-4754.566784752505; -12238.22340196191; 0.2905455486054656],-4754.566784752505,-12238.22340196191,0.2905455486054656,3
9.560176,"Field2d",[-4754.577492013576; -12238.221178101356; 0.2905455486054656],-4754.577492013576,-12238.221178101356,0.2905455486054656,3
9.563547,"Field2d",[-4754.562893155459; -12238.230254921764; 0.2905455486054656],-4754.562893155459,-12238.230254921764,0.2905455486054656,3
9.566164,"Field2d",[5287.53429824339; -11775.421839019944; 0.2905455486054656],5287.53429824339,-11775.421839019944,0.2905455486054656,3
9.570279,"Field2d",[5287.537876775445; -11775.42193624384; 0.2905455486054656],5287.537876775445,-11775.42193624384,0.2905455486054656,3
9.57566,"Field2d",[5287.5448068946525; -11775.360621759006; 0.2905455486054656],5287.5448068946525,-11775.360621759006,0.2905455486054656,3
9.579205,"Field2d",[5287.503885910339; -11775.385818261926; 0.2905455486054656],5287.503885910339,-11775.385818261926,0.2905455486054656,3
9.582706,"Field2d",[5287.503461232155; -11775.385616309086; 0.2905455486054656],5287.503461232155,-11775.385616309086,0.2905455486054656,3
9.587323,"Field2d",[5287.496117802055; -11775.383314187002; 0.2905455486054656],5287.496117802055,-11775.383314187002,0.2905455486054656,3
9.590361,"Field2d",[5287.498401560346; -11775.384157376711; 0.2905455486054656],5287.498401560346,-11775.384157376711,0.2905455486054656,3
9.595188,"Field2d",[5287.496899951653; -11775.384014511463; 0.2905455486054656],5287.496899951653,-11775.384014511463,0.2905455486054656,3
9.598475,"Field2d",[5287.49830778202; -11775.384189470746; 0.2905455486054656],5287.49830778202,-11775.384189470746,0.2905455486054656,3
9.603591,"Field2d",[5287.506751422374; -11775.396581062525; 0.2905455486054656],5287.506751422374,-11775.396581062525,0.2905455486054656,3
9.606754,"Field2d",[5287.503958723577; -11775.39561259255; 0.2905455486054656],5287.503958723577,-11775.39561259255,0.2905455486054656,3
9.610345,"Field2d",[5287.510979183734; -11775.399529200997; 0.2905455486054656],5287.510979183734,-11775.399529200997,0.2905455486054656,3
9.615683,"Field2d",[5287.504701667142; -11775.398127966642; 0.2905455486054656],5287.504701667142,-11775.398127966642,0.2905455486054656,3
9.619142,"Field2d",[5287.491813393604; -11775.398690746508; 0.2905455486054656],5287.491813393604,-11775.398690746508,0.2905455486054656,3
9.622274,"Field2d",[5287.496871066411; -11775.398995111933; 0.2905455486054656],5287.496871066411,-11775.398995111933,0.2905455486054656,3
9.627601,"Field2d",[5287.520704328005; -11775.418788222523; 0.2905455486054656],5287.520704328005,-11775.418788222523,0.2905455486054656,3
9.631044,"Field2d",[5287.504036038252; -11775.413027701125; 0.2905455486054656],5287.504036038252,-11775.413027701125,0.2905455486054656,3
9.635657,"Field2d",[5287.498707942947; -11775.411647301731; 0.2905455486054656],5287.498707942947,-11775.411647301731,0.2905455486054656,3
9.639304,"Field2d",[5287.506723180439; -11775.41535524002; 0.2905455486054656],5287.506723180439,-11775.41535524002,0.2905455486054656,3
9.642219,"Field2d",[5287.487984022486; -11775.41443915953; 0.2905455486054656],5287.487984022486,-11775.41443915953,0.2905455486054656,3
9.646437,"Field2d",[5287.497455528536; -11775.416848613064; 0.2905455486054656],5287.497455528536,-11775.416848613064,0.2905455486054656,3
9.650721,"Field2d",[5287.491656155956; -11775.416094777247; 0.2905455486054656],5287.491656155956,-11775.416094777247,0.2905455486054656,3
9.654881,"Field2d",[5287.501377766848; -11775.42035949315; 0.2905455486054656],5287.501377766848,-11775.42035949315,0.2905455486054656,3
9.659514,"Field2d",[5287.4975937560575; -11775.41905863222; 0.2905455486054656],5287.4975937560575,-11775.41905863222,0.2905455486054656,3
9.66364,"Field2d",[5287.505562932769; -11775.423614492403; 0.2905455486054656],5287.505562932769,-11775.423614492403,0.2905455486054656,3
9.666713,"Field2d",[5287.503357991779; -11775.422498160135; 0.2905455486054656],5287.503357991779,-11775.422498160135,0.2905455486054656,3
9.672,"Field2d",[5287.4892586166625; -11775.420003698297; 0.2905455486054656],5287.4892586166625,-11775.420003698297,0.2905455486054656,3
9.675362,"Field2d",[5287.50065133392; -11775.423394243624; 0.2905455486054656],5287.50065133392,-11775.423394243624,0.2905455486054656,3
9.67871,"Field2d",[5287.510420682609; -11775.42897921267; 0.2905455486054656],5287.510420682609,-11775.42897921267,0.2905455486054656,3
9.683432,"Field2d",[5287.513668620141; -11775.431200087478; 0.2905455486054656],5287.513668620141,-11775.431200087478,0.2905455486054656,3
9.686956,"Field2d",[5287.508948116472; -11775.428679926814; 0.2905455486054656],5287.508948116472,-11775.428679926814,0.2905455486054656,3
9.690422,"Field2d",[5287.498959648395; -11775.425828691206; 0.2905455486054656],5287.498959648395,-11775.425828691206,0.2905455486054656,3
9.69467,"Field2d",[5287.488348580016; -11775.429758475095; 0.2905455486054656],5287.488348580016,-11775.429758475095,0.2905455486054656,3
9.698159,"Field2d",[5287.504764979181; -11775.438187947717; 0.2905455486054656],5287.504764979181,-11775.438187947717,0.2905455486054656,3
9.703218,"Field2d",[5287.493989044135; -11775.43548357028; 0.2905455486054656],5287.493989044135,-11775.43548357028,0.2905455486054656,3
9.706803,"Field2d",[5287.48810677122; -11775.434747740836; 0.2905455486054656],5287.48810677122,-11775.434747740836,0.2905455486054656,3
9.710359,"Field2d",[5287.494114423826; -11775.43629159103; 0.2905455486054656],5287.494114423826,-11775.43629159103,0.2905455486054656,3
9.715171,"Field2d",[5287.483153297052; -11775.436373256764; 0.2905455486054656],5287.483153297052,-11775.436373256764,0.2905455486054656,3
9.719509,"Field2d",[5287.487272642106; -11775.442764818963; 0.2905455486054656],5287.487272642106,-11775.442764818963,0.2905455486054656,3
9.72266,"Field2d",[5287.491108771716; -11775.443584892786; 0.2905455486054656],5287.491108771716,-11775.443584892786,0.2905455486054656,3
9.726537,"Field2d",[5287.492787190459; -11775.44399895168; 0.2905455486054656],5287.492787190459,-11775.44399895168,0.2905455486054656,3
9.732032,"Field2d",[5287.499859914533; -11775.45407942902; 0.2905455486054656],5287.499859914533,-11775.45407942902,0.2905455486054656,3
9.735047,"Field2d",[5287.508930109332; -11775.45950932723; 0.2905455486054656],5287.508930109332,-11775.45950932723,0.2905455486054656,3
9.738319,"Field2d",[5287.501537989949; -11775.456589753065; 0.2905455486054656],5287.501537989949,-11775.456589753065,0.2905455486054656,3
9.74297,"Field2d",[5287.5034783627125; -11775.457455282423; 0.2905455486054656],5287.5034783627125,-11775.457455282423,0.2905455486054656,3
9.746737,"Field2d",[5287.492184997809; -11775.455344591666; 0.2905455486054656],5287.492184997809,-11775.455344591666,0.2905455486054656,3
9.751566,"Field2d",[5287.490512103749; -11775.455091446678; 0.2905455486054656],5287.490512103749,-11775.455091446678,0.2905455486054656,3
9.754424,"Field2d",[5287.496750793046; -11775.456810119576; 0.2905455486054656],5287.496750793046,-11775.456810119576,0.2905455486054656,3
9.759034,"Field2d",[5287.499320000092; -11775.45767266147; 0.2905455486054656],5287.499320000092,-11775.45767266147,0.2905455486054656,3
9.763266,"Field2d",[5287.485776362399; -11775.462805779498; 0.2905455486054656],5287.485776362399,-11775.462805779498,0.2905455486054656,3
9.766293,"Field2d",[5287.506861037393; -11775.476560863834; 0.2905455486054656],5287.506861037393,-11775.476560863834,0.2905455486054656,3
9.77082,"Field2d",[5287.494892400629; -11775.472596287509; 0.2905455486054656],5287.494892400629,-11775.472596287509,0.2905455486054656,3
9.774429,"Field2d",[5287.4930812035755; -11775.47207296808; 0.2905455486054656],5287.4930812035755,-11775.47207296808,0.2905455486054656,3
9.778836,"Field2d",[5287.508539293381; -11775.480713652949; 0.2905455486054656],5287.508539293381,-11775.480713652949,0.2905455486054656,3
9.784032,"Field2d",[5287.490320476361; -11775.483996461937; 0.2905455486054656],5287.490320476361,-11775.483996461937,0.2905455486054656,3
9.78701,"Field2d",[5287.5075424730085; -11775.495152820147; 0.2905455486054656],5287.5075424730085,-11775.495152820147,0.2905455486054656,3
9.791689,"Field2d",[5287.512503134466; -11775.49940243456; 0.2905455486054656],5287.512503134466,-11775.49940243456,0.2905455486054656,3
9.794491,"Field2d",[5287.47601992476; -11775.501495691642; 0.2905455486054656],5287.47601992476,-11775.501495691642,0.2905455486054656,3
9.79879,"Field2d",[5287.498509230849; -11775.512520491131; 0.2905455486054656],5287.498509230849,-11775.512520491131,0.2905455486054656,3
9.803061,"Field2d",[5287.48679314451; -11775.510017269758; 0.2905455486054656],5287.48679314451,-11775.510017269758,0.2905455486054656,3
9.806983,"Field2d",[5287.499086362453; -11775.51668228722; 0.2905455486054656],5287.499086362453,-11775.51668228722,0.2905455486054656,3
9.811651,"Field2d",[5287.497011384714; -11775.522263312188; 0.2905455486054656],5287.497011384714,-11775.522263312188,0.2905455486054656,3
9.814317,"Field2d",[5287.484654077947; -11775.520243068568; 0.2905455486054656],5287.484654077947,-11775.520243068568,0.2905455486054656,3
9.81932,"Field2d",[5287.503678375494; -11775.534839421529; 0.2905455486054656],5287.503678375494,-11775.534839421529,0.2905455486054656,3
9.822948,"Field2d",[5287.476448022589; -11775.538318137927; 0.2905455486054656],5287.476448022589,-11775.538318137927,0.2905455486054656,3
9.826583,"Field2d",[5287.486173822318; -11775.546329731247; 0.2905455486054656],5287.486173822318,-11775.546329731247,0.2905455486054656,3
9.831145,"Field2d",[5287.469058493745; -11775.546101634778; 0.2905455486054656],5287.469058493745,-11775.546101634778,0.2905455486054656,3
9.835155,"Field2d",[5287.481918500607; -11775.55229037081; 0.2905455486054656],5287.481918500607,-11775.55229037081,0.2905455486054656,3
9.838555,"Field2d",[5287.487411460464; -11775.555918079266; 0.2905455486054656],5287.487411460464,-11775.555918079266,0.2905455486054656,3
9.843113,"Field2d",[5287.487704382992; -11775.556114593473; 0.2905455486054656],5287.487704382992,-11775.556114593473,0.2905455486054656,3
9.846647,"Field2d",[5287.481755997689; -11775.553204589554; 0.2905455486054656],5287.481755997689,-11775.553204589554,0.2905455486054656,3
9.851633,"Field2d",[5287.480808545993; -11775.559351022071; 0.2905455486054656],5287.480808545993,-11775.559351022071,0.2905455486054656,3
9.854642,"Field2d",[5287.482317988148; -11775.560427582624; 0.2905455486054656],5287.482317988148,-11775.560427582624,0.2905455486054656,3
9.859118,"Field2d",[5287.457538189595; -11775.558013890708; 0.2905455486054656],5287.457538189595,-11775.558013890708,0.2905455486054656,3
9.863696,"Field2d",[5287.465436300612; -11775.56939391025; 0.2905455486054656],5287.465436300612,-11775.56939391025,0.2905455486054656,3
9.866335,"Field2d",[5287.465845223604; -11775.569547497067; 0.2905455486054656],5287.465845223604,-11775.569547497067,0.2905455486054656,3
9.870923,"Field2d",[5287.463832688309; -11775.56888993733; 0.2905455486054656],5287.463832688309,-11775.56888993733,0.2905455486054656,3
9.874393,"Field2d",[5287.455248752754; -11775.573388976918; 0.2905455486054656],5287.455248752754,-11775.573388976918,0.2905455486054656,3
9.878863,"Field2d",[5287.466526526532; -11775.577563957471; 0.2905455486054656],5287.466526526532,-11775.577563957471,0.2905455486054656,3
9.883023,"Field2d",[5287.472357161453; -11775.580664752855; 0.2905455486054656],5287.472357161453,-11775.580664752855,0.2905455486054656,3
9.886528,"Field2d",[5287.463730038389; -11775.577960243974; 0.2905455486054656],5287.463730038389,-11775.577960243974,0.2905455486054656,3
9.891595,"Field2d",[5287.452757555316; -11775.577095989596; 0.2905455486054656],5287.452757555316,-11775.577095989596,0.2905455486054656,3
9.895195,"Field2d",[5287.45515683237; -11775.577325803602; 0.2905455486054656],5287.45515683237,-11775.577325803602,0.2905455486054656,3
9.898176,"Field2d",[5287.447137966834; -11775.577883089683; 0.2905455486054656],5287.447137966834,-11775.577883089683,0.2905455486054656,3
9.902851,"Field2d",[5287.45156061514; -11775.577978202633; 0.2905455486054656],5287.45156061514,-11775.577978202633,0.2905455486054656,3
9.907388,"Field2d",[5287.475743432897; -11775.595891839994; 0.2905455486054656],5287.475743432897,-11775.595891839994,0.2905455486054656,3
9.910346,"Field2d",[5287.463301576814; -11775.591138771348; 0.2905455486054656],5287.463301576814,-11775.591138771348,0.2905455486054656,3
9.915427,"Field2d",[5287.453912169839; -11775.589384280976; 0.2905455486054656],5287.453912169839,-11775.589384280976,0.2905455486054656,3
9.919005,"Field2d",[5287.44898265637; -11775.588972120415; 0.2905455486054656],5287.44898265637,-11775.588972120415,0.2905455486054656,3
9.922942,"Field2d",[5287.46631623031; -11775.59810106069; 0.2905455486054656],5287.46631623031,-11775.59810106069,0.2905455486054656,3
9.926838,"Field2d",[5287.467547032227; -11775.59879580524; 0.2905455486054656],5287.467547032227,-11775.59879580524,0.2905455486054656,3
9.930566,"Field2d",[5287.459983544825; -11775.596044894615; 0.2905455486054656],5287.459983544825,-11775.596044894615,0.2905455486054656,3
9.936179,"Field2d",[5287.4498547372195; -11775.594395390848; 0.2905455486054656],5287.4498547372195,-11775.594395390848,0.2905455486054656,3
9.938727,"Field2d",[5287.4475537293065; -11775.594131985572; 0.2905455486054656],5287.4475537293065,-11775.594131985572,0.2905455486054656,3
9.943235,"Field2d",[5287.466315588057; -11775.606179042468; 0.2905455486054656],5287.466315588057,-11775.606179042468,0.2905455486054656,3
9.946698,"Field2d",[5287.453595431533; -11775.602269814435; 0.2905455486054656],5287.453595431533,-11775.602269814435,0.2905455486054656,3
9.950229,"Field2d",[5287.44689005002; -11775.601194477165; 0.2905455486054656],5287.44689005002,-11775.601194477165,0.2905455486054656,3
9.954809,"Field2d",[5287.467276601279; -11775.618176952183; 0.2905455486054656],5287.467276601279,-11775.618176952183,0.2905455486054656,3
9.958271,"Field2d",[5287.453631557726; -11775.612531981325; 0.2905455486054656],5287.453631557726,-11775.612531981325,0.2905455486054656,3
9.964056,"Field2d",[5287.466023570338; -11775.62371347853; 0.2905455486054656],5287.466023570338,-11775.62371347853,0.2905455486054656,3
9.966716,"Field2d",[5287.443372098934; -11775.617815105206; 0.2905455486054656],5287.443372098934,-11775.617815105206,0.2905455486054656,3
9.97117,"Field2d",[5287.434980581811; -11775.622841106033; 0.2905455486054656],5287.434980581811,-11775.622841106033,0.2905455486054656,3
9.974754,"Field2d",[5287.448433983157; -11775.634974891816; 0.2905455486054656],5287.448433983157,-11775.634974891816,0.2905455486054656,3
9.978265,"Field2d",[5287.4451147921245; -11775.633464484521; 0.2905455486054656],5287.4451147921245,-11775.633464484521,0.2905455486054656,3
9.983354,"Field2d",[5287.443630097363; -11775.632843330734; 0.2905455486054656],5287.443630097363,-11775.632843330734,0.2905455486054656,3
9.986362,"Field2d",[5287.4299415401065; -11775.631276195061; 0.2905455486054656],5287.4299415401065,-11775.631276195061,0.2905455486054656,3
9.990731,"Field2d",[5287.4379645180115; -11775.633629440734; 0.2905455486054656],5287.4379645180115,-11775.633629440734,0.2905455486054656,3
9.995178,"Field2d",[5287.441029668646; -11775.635074526112; 0.2905455486054656],5287.441029668646,-11775.635074526112,0.2905455486054656,3
9.999402,"Field2d",[5287.444290173217; -11775.644360063086; 0.2905455486054656],5287.444290173217,-11775.644360063086,0.2905455486054656,3
10.002981,"Field2d",[5287.4431546621445; -11775.643660859; 0.2905455486054656],5287.4431546621445,-11775.643660859,0.2905455486054656,3
10.00731,"Field2d",[5287.419975274101; -11775.6417788806; 0.2905455486054656],5287.419975274101,-11775.6417788806,0.2905455486054656,3
10.010428,"Field2d",[5287.424783688694; -11775.642661621798; 0.2905455486054656],5287.424783688694,-11775.642661621798,0.2905455486054656,3
10.015096,"Field2d",[5287.432353027531; -11775.645382877925; 0.2905455486054656],5287.432353027531,-11775.645382877925,0.2905455486054656,3
10.018574,"Field2d",[5287.417895721778; -11775.644676158237; 0.2905455486054656],5287.417895721778,-11775.644676158237,0.2905455486054656,3
10.022762,"Field2d",[5287.433468806483; -11775.651162794096; 0.2905455486054656],5287.433468806483,-11775.651162794096,0.2905455486054656,3
10.026557,"Field2d",[5287.4493917824675; -11775.678878848452; 0.2905455486054656],5287.4493917824675,-11775.678878848452,0.2905455486054656,3
10.03148,"Field2d",[5287.423233734756; -11775.666133725977; 0.2905455486054656],5287.423233734756,-11775.666133725977,0.2905455486054656,3
10.03457,"Field2d",[5287.421761059949; -11775.665496093656; 0.2905455486054656],5287.421761059949,-11775.665496093656,0.2905455486054656,3
10.0382,"Field2d",[5287.42304281983; -11775.672873211743; 0.2905455486054656],5287.42304281983,-11775.672873211743,0.2905455486054656,3
10.043328,"Field2d",[5287.430060325322; -11775.67837725731; 0.2905455486054656],5287.430060325322,-11775.67837725731,0.2905455486054656,3
10.046846,"Field2d",[5287.422648919961; -11775.674412830078; 0.2905455486054656],5287.422648919961,-11775.674412830078,0.2905455486054656,3
10.051657,"Field2d",[5287.411353249774; -11775.671500721326; 0.2905455486054656],5287.411353249774,-11775.671500721326,0.2905455486054656,3
10.0544,"Field2d",[5287.404632759187; -11775.670837424721; 0.2905455486054656],5287.404632759187,-11775.670837424721,0.2905455486054656,3
10.059093,"Field2d",[5287.409446273466; -11775.671805342488; 0.2905455486054656],5287.409446273466,-11775.671805342488,0.2905455486054656,3
10.06372,"Field2d",[5287.410151984146; -11775.67195822206; 0.2905455486054656],5287.410151984146,-11775.67195822206,0.2905455486054656,3
10.066861,"Field2d",[5287.424460443075; -11775.680903809309; 0.2905455486054656],5287.424460443075,-11775.680903809309,0.2905455486054656,3
10.07097,"Field2d",[5287.410326958121; -11775.685188028265; 0.2905455486054656],5287.410326958121,-11775.685188028265,0.2905455486054656,3
10.076259,"Field2d",[5287.4067278924995; -11775.684382494082; 0.2905455486054656],5287.4067278924995,-11775.684382494082,0.2905455486054656,3
10.07919,"Field2d",[5287.406964032924; -11775.69284233777; 0.2905455486054656],5287.406964032924,-11775.69284233777,0.2905455486054656,3
10.082282,"Field2d",[5287.422685543934; -11775.70652908571; 0.2905455486054656],5287.422685543934,-11775.70652908571,0.2905455486054656,3
10.087334,"Field2d",[5287.414555567199; -11775.701846655471; 0.2905455486054656],5287.414555567199,-11775.701846655471,0.2905455486054656,3
10.091091,"Field2d",[5287.404846550044; -11775.698699678991; 0.2905455486054656],5287.404846550044,-11775.698699678991,0.2905455486054656,3
10.094655,"Field2d",[5287.400435883193; -11775.697593893408; 0.2905455486054656],5287.400435883193,-11775.697593893408,0.2905455486054656,3
10.099746,"Field2d",[5287.402441525503; -11775.706936969107; 0.2905455486054656],5287.402441525503,-11775.706936969107,0.2905455486054656,3
10.102861,"Field2d",[5287.391550439474; -11775.705457226553; 0.2905455486054656],5287.391550439474,-11775.705457226553,0.2905455486054656,3
10.10707,"Field2d",[5287.403191230956; -11775.717929660575; 0.2905455486054656],5287.403191230956,-11775.717929660575,0.2905455486054656,3
10.110528,"Field2d",[5287.399543489791; -11775.716490762794; 0.2905455486054656],5287.399543489791,-11775.716490762794,0.2905455486054656,3
10.115711,"Field2d",[5287.398383471918; -11775.716001068633; 0.2905455486054656],5287.398383471918,-11775.716001068633,0.2905455486054656,3
10.119353,"Field2d",[5287.399527122725; -11775.716519265252; 0.2905455486054656],5287.399527122725,-11775.716519265252,0.2905455486054656,3
10.12393,"Field2d",[5287.40023677157; -11775.71685449898; 0.2905455486054656],5287.40023677157,-11775.71685449898,0.2905455486054656,3
10.127398,"Field2d",[5287.3871232597385; -11775.714621331053; 0.2905455486054656],5287.3871232597385,-11775.714621331053,0.2905455486054656,3
10.130428,"Field2d",[5287.3783328096115; -11775.714722183153; 0.2905455486054656],5287.3783328096115,-11775.714722183153,0.2905455486054656,3
10.135318,"Field2d",[5287.385389665118; -11775.715620542684; 0.2905455486054656],5287.385389665118,-11775.715620542684,0.2905455486054656,3
10.139145,"Field2d",[5287.382411368459; -11775.715424479911; 0.2905455486054656],5287.382411368459,-11775.715424479911,0.2905455486054656,3
10.142669,"Field2d",[5287.383238581385; -11775.721442880447; 0.2905455486054656],5287.383238581385,-11775.721442880447,0.2905455486054656,3
10.14649,"Field2d",[5287.380840827905; -11775.721294024812; 0.2905455486054656],5287.380840827905,-11775.721294024812,0.2905455486054656,3
10.150551,"Field2d",[5287.395102016892; -11775.727193309114; 0.2905455486054656],5287.395102016892,-11775.727193309114,0.2905455486054656,3
10.155056,"Field2d",[5287.383845754231; -11775.724929861626; 0.2905455486054656],5287.383845754231,-11775.724929861626,0.2905455486054656,3
10.158465,"Field2d",[5287.394530108997; -11775.729966681849; 0.2905455486054656],5287.394530108997,-11775.729966681849,0.2905455486054656,3
10.163224,"Field2d",[5287.380320402153; -11775.727874921344; 0.2905455486054656],5287.380320402153,-11775.727874921344,0.2905455486054656,3
10.166419,"Field2d",[5287.3960207256105; -11775.736783516939; 0.2905455486054656],5287.3960207256105,-11775.736783516939,0.2905455486054656,3
10.171436,"Field2d",[5287.383962080034; -11775.733571022975; 0.2905455486054656],5287.383962080034,-11775.733571022975,0.2905455486054656,3
10.174494,"Field2d",[5287.376503119815; -11775.732780101138; 0.2905455486054656],5287.376503119815,-11775.732780101138,0.2905455486054656,3
10.178549,"Field2d",[5287.391454949663; -11775.748816726744; 0.2905455486054656],5287.391454949663,-11775.748816726744,0.2905455486054656,3
10.183101,"Field2d",[5287.378341230999; -11775.749516926855; 0.2905455486054656],5287.378341230999,-11775.749516926855,0.2905455486054656,3
10.187577,"Field2d",[5287.379012878055; -11775.749739457042; 0.2905455486054656],5287.379012878055,-11775.749739457042,0.2905455486054656,3
10.190672,"Field2d",[5287.381867579133; -11775.750736358952; 0.2905455486054656],5287.381867579133,-11775.750736358952,0.2905455486054656,3
10.194259,"Field2d",[5287.372708202695; -11775.749425672322; 0.2905455486054656],5287.372708202695,-11775.749425672322,0.2905455486054656,3
10.198532,"Field2d",[5287.392958887357; -11775.765540025586; 0.2905455486054656],5287.392958887357,-11775.765540025586,0.2905455486054656,3
10.202987,"Field2d",[5287.396700261324; -11775.769240631987; 0.2905455486054656],5287.396700261324,-11775.769240631987,0.2905455486054656,3
10.207297,"Field2d",[5287.367448730293; -11775.764162266669; 0.2905455486054656],5287.367448730293,-11775.764162266669,0.2905455486054656,3
10.211384,"Field2d",[5287.364914331924; -11775.763857709218; 0.2905455486054656],5287.364914331924,-11775.763857709218,0.2905455486054656,3
10.214963,"Field2d",[5287.362507968045; -11775.763617094135; 0.2905455486054656],5287.362507968045,-11775.763617094135,0.2905455486054656,3
10.218382,"Field2d",[5287.373774841191; -11775.76766361677; 0.2905455486054656],5287.373774841191,-11775.76766361677,0.2905455486054656,3
10.223471,"Field2d",[5287.36994743489; -11775.766630785838; 0.2905455486054656],5287.36994743489,-11775.766630785838,0.2905455486054656,3
10.227036,"Field2d",[5287.36787900929; -11775.76616798114; 0.2905455486054656],5287.36787900929,-11775.76616798114,0.2905455486054656,3
10.230476,"Field2d",[5287.362501219928; -11775.771378634514; 0.2905455486054656],5287.362501219928,-11775.771378634514,0.2905455486054656,3
10.235526,"Field2d",[5287.377270119615; -11775.778916868774; 0.2905455486054656],5287.377270119615,-11775.778916868774,0.2905455486054656,3
10.239085,"Field2d",[5287.3723473004475; -11775.777054280432; 0.2905455486054656],5287.3723473004475,-11775.777054280432,0.2905455486054656,3
10.242944,"Field2d",[5287.367291724419; -11775.775737918477; 0.2905455486054656],5287.367291724419,-11775.775737918477,0.2905455486054656,3
10.247288,"Field2d",[5287.372494065647; -11775.777749359071; 0.2905455486054656],5287.372494065647,-11775.777749359071,0.2905455486054656,3
10.250727,"Field2d",[5287.358077765642; -11775.776695466513; 0.2905455486054656],5287.358077765642,-11775.776695466513,0.2905455486054656,3
10.255798,"Field2d",[5287.380295769046; -11775.793209233925; 0.2905455486054656],5287.380295769046,-11775.793209233925,0.2905455486054656,3
10.259459,"Field2d",[5287.387165376514; -11775.801078112949; 0.2905455486054656],5287.387165376514,-11775.801078112949,0.2905455486054656,3
10.262303,"Field2d",[5287.358321112438; -11775.793888505297; 0.2905455486054656],5287.358321112438,-11775.793888505297,0.2905455486054656,3
10.26748,"Field2d",[5287.354328957437; -11775.793238410814; 0.2905455486054656],5287.354328957437,-11775.793238410814,0.2905455486054656,3
10.270383,"Field2d",[5287.365307999337; -11775.805572583502; 0.2905455486054656],5287.365307999337,-11775.805572583502,0.2905455486054656,3
10.275623,"Field2d",[5287.374829080687; -11775.815297054707; 0.2905455486054656],5287.374829080687,-11775.815297054707,0.2905455486054656,3
10.279011,"Field2d",[5287.353963435051; -11775.807916466347; 0.2905455486054656],5287.353963435051,-11775.807916466347,0.2905455486054656,3
10.284042,"Field2d",[5287.353008490471; -11775.816187013948; 0.2905455486054656],5287.353008490471,-11775.816187013948,0.2905455486054656,3
10.286777,"Field2d",[5287.338625401729; -11775.817008136346; 0.2905455486054656],5287.338625401729,-11775.817008136346,0.2905455486054656,3
10.290886,"Field2d",[5287.353544107823; -11775.829527259617; 0.2905455486054656],5287.353544107823,-11775.829527259617,0.2905455486054656,3
10.295093,"Field2d",[5287.359480048466; -11775.834091035185; 0.2905455486054656],5287.359480048466,-11775.834091035185,0.2905455486054656,3
10.299207,"Field2d",[5287.334182413215; -11775.830740534026; 0.2905455486054656],5287.334182413215,-11775.830740534026,0.2905455486054656,3
10.304301,"Field2d",[5287.347806267345; -11775.8456734275; 0.2905455486054656],5287.347806267345,-11775.8456734275,0.2905455486054656,3
10.307259,"Field2d",[5287.34616328969; -11775.84483812592; 0.2905455486054656],5287.34616328969,-11775.84483812592,0.2905455486054656,3
10.310796,"Field2d",[5287.350397014338; -11775.847688308677; 0.2905455486054656],5287.350397014338,-11775.847688308677,0.2905455486054656,3
10.314371,"Field2d",[5287.338319847868; -11775.843481836528; 0.2905455486054656],5287.338319847868,-11775.843481836528,0.2905455486054656,3
10.319533,"Field2d",[5287.342462975006; -11775.845374204264; 0.2905455486054656],5287.342462975006,-11775.845374204264,0.2905455486054656,3
10.322611,"Field2d",[5287.34945259068; -11775.850178351297; 0.2905455486054656],5287.34945259068,-11775.850178351297,0.2905455486054656,3
10.326548,"Field2d",[5287.330610118769; -11775.851844203044; 0.2905455486054656],5287.330610118769,-11775.851844203044,0.2905455486054656,3
10.331518,"Field2d",[5287.337164563641; -11775.854490693011; 0.2905455486054656],5287.337164563641,-11775.854490693011,0.2905455486054656,3
10.335416,"Field2d",[5287.348045901883; -11775.862620981088; 0.2905455486054656],5287.348045901883,-11775.862620981088,0.2905455486054656,3
10.338442,"Field2d",[5287.341979014819; -11775.859306385815; 0.2905455486054656],5287.341979014819,-11775.859306385815,0.2905455486054656,3
10.343543,"Field2d",[5287.331554121358; -11775.856330568813; 0.2905455486054656],5287.331554121358,-11775.856330568813,0.2905455486054656,3
10.346446,"Field2d",[5287.31624455992; -11775.856875875088; 0.2905455486054656],5287.31624455992,-11775.856875875088,0.2905455486054656,3
10.351561,"Field2d",[5287.342968761464; -11775.877345783972; 0.2905455486054656],5287.342968761464,-11775.877345783972,0.2905455486054656,3
10.354269,"Field2d",[5287.329396799315; -11775.872680194665; 0.2905455486054656],5287.329396799315,-11775.872680194665,0.2905455486054656,3
10.359531,"Field2d",[5287.341078208306; -11775.881131361875; 0.2905455486054656],5287.341078208306,-11775.881131361875,0.2905455486054656,3
10.363272,"Field2d",[5287.32967440658; -11775.876637627889; 0.2905455486054656],5287.32967440658,-11775.876637627889,0.2905455486054656,3
10.366976,"Field2d",[5287.320062086751; -11775.880647733875; 0.2905455486054656],5287.320062086751,-11775.880647733875,0.2905455486054656,3
10.370899,"Field2d",[5287.327527958015; -11775.883664544852; 0.2905455486054656],5287.327527958015,-11775.883664544852,0.2905455486054656,3
10.375758,"Field2d",[5287.3242066634275; -11775.882645960339; 0.2905455486054656],5287.3242066634275,-11775.882645960339,0.2905455486054656,3
10.378833,"Field2d",[5287.323072071085; -11775.882328066393; 0.2905455486054656],5287.323072071085,-11775.882328066393,0.2905455486054656,3
10.382482,"Field2d",[5287.3298674671505; -11775.885412127638; 0.2905455486054656],5287.3298674671505,-11775.885412127638,0.2905455486054656,3
10.387037,"Field2d",[5287.327229039084; -11775.884394441195; 0.2905455486054656],5287.327229039084,-11775.884394441195,0.2905455486054656,3
10.390548,"Field2d",[5287.315862090515; -11775.882870271895; 0.2905455486054656],5287.315862090515,-11775.882870271895,0.2905455486054656,3
10.395606,"Field2d",[5287.3196816943355; -11775.892534174687; 0.2905455486054656],5287.3196816943355,-11775.892534174687,0.2905455486054656,3
10.399173,"Field2d",[5287.331293989548; -11775.900610076047; 0.2905455486054656],5287.331293989548,-11775.900610076047,0.2905455486054656,3
10.40376,"Field2d",[5287.3225079013955; -11775.896800243967; 0.2905455486054656],5287.3225079013955,-11775.896800243967,0.2905455486054656,3
10.407168,"Field2d",[5287.306868644535; -11775.895429079987; 0.2905455486054656],5287.306868644535,-11775.895429079987,0.2905455486054656,3
10.410291,"Field2d",[5287.303341285442; -11775.895376035236; 0.2905455486054656],5287.303341285442,-11775.895376035236,0.2905455486054656,3
10.415101,"Field2d",[5287.328163013618; -11775.915888904436; 0.2905455486054656],5287.328163013618,-11775.915888904436,0.2905455486054656,3
10.42014,"Field2d",[5287.323489049419; -11775.91285044042; 0.2905455486054656],5287.323489049419,-11775.91285044042,0.2905455486054656,3
10.423748,"Field2d",[5287.317412090603; -11775.909997663775; 0.2905455486054656],5287.317412090603,-11775.909997663775,0.2905455486054656,3
10.426342,"Field2d",[5287.298754168478; -11775.908950114524; 0.2905455486054656],5287.298754168478,-11775.908950114524,0.2905455486054656,3
10.43081,"Field2d",[5287.314259499628; -11775.915525914446; 0.2905455486054656],5287.314259499628,-11775.915525914446,0.2905455486054656,3
10.435223,"Field2d",[5287.314368586908; -11775.915569089084; 0.2905455486054656],5287.314368586908,-11775.915569089084,0.2905455486054656,3
10.439752,"Field2d",[5287.343014488994; -11775.807595459573; 0.2905455486054656],5287.343014488994,-11775.807595459573,0.2905455486054656,3
10.442841,"Field2d",[5287.227192926636; -11775.788536333763; 0.2905455486054656],5287.227192926636,-11775.788536333763,0.2905455486054656,3
10.44826,"Field2d",[5287.242008153897; -11775.796801524779; 0.2905455486054656],5287.242008153897,-11775.796801524779,0.2905455486054656,3
10.451333,"Field2d",[5287.240113139303; -11775.795849750566; 0.2905455486054656],5287.240113139303,-11775.795849750566,0.2905455486054656,3
10.454524,"Field2d",[5287.218396586037; -11775.795487667921; 0.2905455486054656],5287.218396586037,-11775.795487667921,0.2905455486054656,3
10.45859,"Field2d",[5287.238677079759; -11775.806210333067; 0.2905455486054656],5287.238677079759,-11775.806210333067,0.2905455486054656,3
10.463077,"Field2d",[5287.225829614209; -11775.803378736653; 0.2905455486054656],5287.225829614209,-11775.803378736653,0.2905455486054656,3
10.466562,"Field2d",[5287.222862810219; -11775.80882267875; 0.2905455486054656],5287.222862810219,-11775.80882267875,0.2905455486054656,3
10.471159,"Field2d",[5287.2342339832; -11775.820099802999; 0.2905455486054656],5287.2342339832,-11775.820099802999,0.2905455486054656,3
10.475182,"Field2d",[5287.228748022772; -11775.817672725765; 0.2905455486054656],5287.228748022772,-11775.817672725765,0.2905455486054656,3
10.478496,"Field2d",[5287.228676267566; -11775.817640923151; 0.2905455486054656],5287.228676267566,-11775.817640923151,0.2905455486054656,3
10.483043,"Field2d",[5287.223252627275; -11775.824183762401; 0.2905455486054656],5287.223252627275,-11775.824183762401,0.2905455486054656,3
10.48653,"Field2d",[5287.20575411996; -11775.824257840275; 0.2905455486054656],5287.20575411996,-11775.824257840275,0.2905455486054656,3
10.491538,"Field2d",[5287.224294465721; -11775.832315145277; 0.2905455486054656],5287.224294465721,-11775.832315145277,0.2905455486054656,3
10.494628,"Field2d",[5287.223830177783; -11775.832109506691; 0.2905455486054656],5287.223830177783,-11775.832109506691,0.2905455486054656,3
10.499218,"Field2d",[5287.206671743378; -11775.830993807322; 0.2905455486054656],5287.206671743378,-11775.830993807322,0.2905455486054656,3
10.504309,"Field2d",[5287.207336815272; -11775.831046224752; 0.2905455486054656],5287.207336815272,-11775.831046224752,0.2905455486054656,3
10.507736,"Field2d",[5287.226165621999; -11775.841931282825; 0.2905455486054656],5287.226165621999,-11775.841931282825,0.2905455486054656,3
10.511156,"Field2d",[5287.206969077446; -11775.839467188152; 0.2905455486054656],5287.206969077446,-11775.839467188152,0.2905455486054656,3
10.515344,"Field2d",[5287.135846437994; -11775.801787381222; 0.2905455486054656],5287.135846437994,-11775.801787381222,0.2905455486054656,3
10.518458,"Field2d",[5287.072618105898; -11775.767433187666; 0.2905455486054656],5287.072618105898,-11775.767433187666,0.2905455486054656,3
10.52343,"Field2d",[5287.072803537456; -11775.774518080867; 0.2905455486054656],5287.072803537456,-11775.774518080867,0.2905455486054656,3
10.527579,"Field2d",[5287.061744889467; -11775.7709027998; 0.2905455486054656],5287.061744889467,-11775.7709027998,0.2905455486054656,3
10.530565,"Field2d",[5287.050790034653; -11775.769897932285; 0.2905455486054656],5287.050790034653,-11775.769897932285,0.2905455486054656,3
10.534735,"Field2d",[5287.058127812903; -11775.771878406089; 0.2905455486054656],5287.058127812903,-11775.771878406089,0.2905455486054656,3
10.538703,"Field2d",[5287.0719701647095; -11775.781540962495; 0.2905455486054656],5287.0719701647095,-11775.781540962495,0.2905455486054656,3
10.543524,"Field2d",[5287.054175309568; -11775.777287649671; 0.2905455486054656],5287.054175309568,-11775.777287649671,0.2905455486054656,3
10.546388,"Field2d",[5287.070265030447; -11775.78946863317; 0.2905455486054656],5287.070265030447,-11775.78946863317,0.2905455486054656,3
10.55157,"Field2d",[5287.071186498066; -11775.790202125307; 0.2905455486054656],5287.071186498066,-11775.790202125307,0.2905455486054656,3
10.554641,"Field2d",[5287.056971333083; -11775.793005463169; 0.2905455486054656],5287.056971333083,-11775.793005463169,0.2905455486054656,3
10.559093,"Field2d",[5287.0521884800255; -11775.791590159135; 0.2905455486054656],5287.0521884800255,-11775.791590159135,0.2905455486054656,3
10.563241,"Field2d",[5287.053050700645; -11775.800603241742; 0.2905455486054656],5287.053050700645,-11775.800603241742,0.2905455486054656,3
10.566745,"Field2d",[5287.048900163507; -11775.801360129208; 0.2905455486054656],5287.048900163507,-11775.801360129208,0.2905455486054656,3
10.571229,"Field2d",[5287.054933373625; -11775.809166600406; 0.2905455486054656],5287.054933373625,-11775.809166600406,0.2905455486054656,3
10.574415,"Field2d",[5287.043352276493; -11775.810113190024; 0.2905455486054656],5287.043352276493,-11775.810113190024,0.2905455486054656,3
10.57895,"Field2d",[5287.054939571895; -11775.817424513976; 0.2905455486054656],5287.054939571895,-11775.817424513976,0.2905455486054656,3
10.583339,"Field2d",[5287.029277826663; -11775.816521554863; 0.2905455486054656],5287.029277826663,-11775.816521554863,0.2905455486054656,3
10.587341,"Field2d",[5287.051259222377; -11775.830611289484; 0.2905455486054656],5287.051259222377,-11775.830611289484,0.2905455486054656,3
10.590321,"Field2d",[5287.048010506573; -11775.828860057582; 0.2905455486054656],5287.048010506573,-11775.828860057582,0.2905455486054656,3
10.595402,"Field2d",[5287.038740146662; -11775.826173447951; 0.2905455486054656],5287.038740146662,-11775.826173447951,0.2905455486054656,3
10.598845,"Field2d",[5287.051213308218; -11775.83451246242; 0.2905455486054656],5287.051213308218,-11775.83451246242,0.2905455486054656,3
10.603548,"Field2d",[5287.029265085911; -11775.837302224498; 0.2905455486054656],5287.029265085911,-11775.837302224498,0.2905455486054656,3
10.607038,"Field2d",[5287.049227652172; -11775.853339535613; 0.2905455486054656],5287.049227652172,-11775.853339535613,0.2905455486054656,3
10.610579,"Field2d",[5287.042689750107; -11775.849581021614; 0.2905455486054656],5287.042689750107,-11775.849581021614,0.2905455486054656,3
10.615706,"Field2d",[5287.041462054378; -11775.848924954551; 0.2905455486054656],5287.041462054378,-11775.848924954551,0.2905455486054656,3
10.618728,"Field2d",[5287.036542326558; -11775.84694964535; 0.2905455486054656],5287.036542326558,-11775.84694964535,0.2905455486054656,3
10.623883,"Field2d",[5287.038979632358; -11775.857834038627; 0.2905455486054656],5287.038979632358,-11775.857834038627,0.2905455486054656,3
10.626738,"Field2d",[5287.039565733969; -11775.85822952249; 0.2905455486054656],5287.039565733969,-11775.85822952249,0.2905455486054656,3
10.630331,"Field2d",[5287.034141964297; -11775.86200928697; 0.2905455486054656],5287.034141964297,-11775.86200928697,0.2905455486054656,3
10.635004,"Field2d",[5287.034038121553; -11775.861975808995; 0.2905455486054656],5287.034038121553,-11775.861975808995,0.2905455486054656,3
10.639629,"Field2d",[5287.011613020613; -11775.861944521466; 0.2905455486054656],5287.011613020613,-11775.861944521466,0.2905455486054656,3
10.643017,"Field2d",[5287.0242191680045; -11775.865422667717; 0.2905455486054656],5287.0242191680045,-11775.865422667717,0.2905455486054656,3
10.647022,"Field2d",[5287.032420182441; -11775.877089717695; 0.2905455486054656],5287.032420182441,-11775.877089717695,0.2905455486054656,3
10.65143,"Field2d",[5287.044076316363; -11775.892354859086; 0.2905455486054656],5287.044076316363,-11775.892354859086,0.2905455486054656,3
10.655041,"Field2d",[5287.014861574803; -11775.883530553989; 0.2905455486054656],5287.014861574803,-11775.883530553989,0.2905455486054656,3
10.659536,"Field2d",[5286.997944012751; -11775.884310230778; 0.2905455486054656],5286.997944012751,-11775.884310230778,0.2905455486054656,3
10.663128,"Field2d",[5287.024960090045; -11775.90476345061; 0.2905455486054656],5287.024960090045,-11775.90476345061,0.2905455486054656,3
10.667646,"Field2d",[5287.012697566845; -11775.899897120047; 0.2905455486054656],5287.012697566845,-11775.899897120047,0.2905455486054656,3
10.670316,"Field2d",[5286.995862209303; -11775.89934542526; 0.2905455486054656],5286.995862209303,-11775.89934542526,0.2905455486054656,3
10.675182,"Field2d",[5286.994013566739; -11775.899336992492; 0.2905455486054656],5286.994013566739,-11775.899336992492,0.2905455486054656,3
10.678268,"Field2d",[5286.99531035815; -11775.89937740521; 0.2905455486054656],5286.99531035815,-11775.89937740521,0.2905455486054656,3
10.683199,"Field2d",[5287.005729817774; -11775.902054908474; 0.2905455486054656],5287.005729817774,-11775.902054908474,0.2905455486054656,3
10.687432,"Field2d",[5286.992383711875; -11775.9023475929; 0.2905455486054656],5286.992383711875,-11775.9023475929,0.2905455486054656,3
10.690554,"Field2d",[5286.994464185379; -11775.902390692974; 0.2905455486054656],5286.994464185379,-11775.902390692974,0.2905455486054656,3
10.695658,"Field2d",[5287.012154520356; -11775.919046920379; 0.2905455486054656],5287.012154520356,-11775.919046920379,0.2905455486054656,3
10.6989,"Field2d",[5287.01456412335; -11775.92059972634; 0.2905455486054656],5287.01456412335,-11775.92059972634,0.2905455486054656,3
10.702814,"Field2d",[5287.013109075392; -11775.91974292061; 0.2905455486054656],5287.013109075392,-11775.91974292061,0.2905455486054656,3
10.706883,"Field2d",[5287.004969934846; -11775.91673156573; 0.2905455486054656],5287.004969934846,-11775.91673156573,0.2905455486054656,3
10.711354,"Field2d",[5287.0014212600845; -11775.915715500458; 0.2905455486054656],5287.0014212600845,-11775.915715500458,0.2905455486054656,3
10.714879,"Field2d",[5286.99273230306; -11775.914826778351; 0.2905455486054656],5286.99273230306,-11775.914826778351,0.2905455486054656,3
10.719452,"Field2d",[5286.9996770719545; -11775.925639406878; 0.2905455486054656],5286.9996770719545,-11775.925639406878,0.2905455486054656,3
10.72327,"Field2d",[5286.99836854097; -11775.925240775045; 0.2905455486054656],5286.99836854097,-11775.925240775045,0.2905455486054656,3
10.726798,"Field2d",[5287.006642021308; -11775.929668911445; 0.2905455486054656],5287.006642021308,-11775.929668911445,0.2905455486054656,3
10.730377,"Field2d",[5287.004799980431; -11775.928787845256; 0.2905455486054656],5287.004799980431,-11775.928787845256,0.2905455486054656,3
10.734818,"Field2d",[5286.982378688955; -11775.928882763224; 0.2905455486054656],5286.982378688955,-11775.928882763224,0.2905455486054656,3
10.738685,"Field2d",[5286.984418934323; -11775.928959487132; 0.2905455486054656],5286.984418934323,-11775.928959487132,0.2905455486054656,3
10.74385,"Field2d",[5286.997677477397; -11775.944419789615; 0.2905455486054656],5286.997677477397,-11775.944419789615,0.2905455486054656,3
10.746758,"Field2d",[5286.998707318069; -11775.94499243179; 0.2905455486054656],5286.998707318069,-11775.94499243179,0.2905455486054656,3
10.751799,"Field2d",[5286.986331393475; -11775.942222994778; 0.2905455486054656],5286.986331393475,-11775.942222994778,0.2905455486054656,3
10.75536,"Field2d",[5286.985190452003; -11775.94784680364; 0.2905455486054656],5286.985190452003,-11775.94784680364,0.2905455486054656,3
10.758986,"Field2d",[5286.988241296713; -11775.948882890847; 0.2905455486054656],5286.988241296713,-11775.948882890847,0.2905455486054656,3
10.76255,"Field2d",[5286.98179614813; -11775.947672949962; 0.2905455486054656],5286.98179614813,-11775.947672949962,0.2905455486054656,3
10.767691,"Field2d",[5286.985843736835; -11775.948800330312; 0.2905455486054656],5286.985843736835,-11775.948800330312,0.2905455486054656,3
10.771066,"Field2d",[5286.9906965236205; -11775.950730657421; 0.2905455486054656],5286.9906965236205,-11775.950730657421,0.2905455486054656,3
10.775071,"Field2d",[5286.980228509194; -11775.949060542525; 0.2905455486054656],5286.980228509194,-11775.949060542525,0.2905455486054656,3
10.778557,"Field2d",[5286.983448649249; -11775.958397144708; 0.2905455486054656],5286.983448649249,-11775.958397144708,0.2905455486054656,3
10.783076,"Field2d",[5286.984935518746; -11775.958904051402; 0.2905455486054656],5286.984935518746,-11775.958904051402,0.2905455486054656,3
10.786943,"Field2d",[5286.981196778001; -11775.957991348845; 0.2905455486054656],5286.981196778001,-11775.957991348845,0.2905455486054656,3
10.790389,"Field2d",[5286.975110309022; -11775.957294525393; 0.2905455486054656],5286.975110309022,-11775.957294525393,0.2905455486054656,3
10.795476,"Field2d",[5286.967604072304; -11775.9575316995; 0.2905455486054656],5286.967604072304,-11775.9575316995,0.2905455486054656,3
10.798573,"Field2d",[5286.969215010773; -11775.957533977813; 0.2905455486054656],5286.969215010773,-11775.957533977813,0.2905455486054656,3
10.803086,"Field2d",[5286.970941446221; -11775.957597510402; 0.2905455486054656],5286.970941446221,-11775.957597510402,0.2905455486054656,3
10.806894,"Field2d",[5286.978342705881; -11775.959030122594; 0.2905455486054656],5286.978342705881,-11775.959030122594,0.2905455486054656,3
10.811487,"Field2d",[5286.982951597685; -11775.969483869261; 0.2905455486054656],5286.982951597685,-11775.969483869261,0.2905455486054656,3
10.815349,"Field2d",[5286.981265056559; -11775.968940009448; 0.2905455486054656],5286.981265056559,-11775.968940009448,0.2905455486054656,3
10.818772,"Field2d",[5286.963485166873; -11775.969544558422; 0.2905455486054656],5286.963485166873,-11775.969544558422,0.2905455486054656,3
10.822786,"Field2d",[5286.983647529215; -11776.003665318518; 0.2905455486054656],5286.983647529215,-11776.003665318518,0.2905455486054656,3
10.827441,"Field2d",[5286.989979195068; -11776.023822571564; 0.2905455486054656],5286.989979195068,-11776.023822571564,0.2905455486054656,3
10.83081,"Field2d",[5286.9254838131865; -11776.0275231559; 0.2905455486054656],5286.9254838131865,-11776.0275231559,0.2905455486054656,3
10.83564,"Field2d",[5286.932714060823; -11775.793247619004; 0.2905455486054656],5286.932714060823,-11775.793247619004,0.2905455486054656,3
10.838662,"Field2d",[5286.7595454709135; -11775.684595599007; 0.2905455486054656],5286.7595454709135,-11775.684595599007,0.2905455486054656,3
10.842266,"Field2d",[5286.752772768039; -11775.681658813019; 0.2905455486054656],5286.752772768039,-11775.681658813019,0.2905455486054656,3
10.847312,"Field2d",[5286.741400268355; -11775.679675135489; 0.2905455486054656],5286.741400268355,-11775.679675135489,0.2905455486054656,3
10.851473,"Field2d",[5286.755872617896; -11775.687825485076; 0.2905455486054656],5286.755872617896,-11775.687825485076,0.2905455486054656,3
10.854964,"Field2d",[5286.743615980814; -11775.68465500791; 0.2905455486054656],5286.743615980814,-11775.68465500791,0.2905455486054656,3
10.858626,"Field2d",[5286.74281421441; -11775.684462094801; 0.2905455486054656],5286.74281421441,-11775.684462094801,0.2905455486054656,3
10.863575,"Field2d",[5286.755762738766; -11775.692342030152; 0.2905455486054656],5286.755762738766,-11775.692342030152,0.2905455486054656,3
10.866711,"Field2d",[5286.73229024491; -11775.690815706615; 0.2905455486054656],5286.73229024491,-11775.690815706615,0.2905455486054656,3
10.870512,"Field2d",[5286.728874268338; -11775.69083294586; 0.2905455486054656],5286.728874268338,-11775.69083294586,0.2905455486054656,3
10.875079,"Field2d",[5286.738951619948; -11775.702126604723; 0.2905455486054656],5286.738951619948,-11775.702126604723,0.2905455486054656,3
10.878581,"Field2d",[5286.743322710859; -11775.70388680469; 0.2905455486054656],5286.743322710859,-11775.70388680469,0.2905455486054656,3
10.882783,"Field2d",[5286.721311990002; -11775.70548753658; 0.2905455486054656],5286.721311990002,-11775.70548753658,0.2905455486054656,3
10.887299,"Field2d",[5286.746357623951; -11775.719752170584; 0.2905455486054656],5286.746357623951,-11775.719752170584,0.2905455486054656,3
10.890943,"Field2d",[5286.734206064364; -11775.724532701792; 0.2905455486054656],5286.734206064364,-11775.724532701792,0.2905455486054656,3
10.894674,"Field2d",[5286.736829264793; -11775.725509256727; 0.2905455486054656],5286.736829264793,-11775.725509256727,0.2905455486054656,3
10.899196,"Field2d",[5286.721561610522; -11775.72502132993; 0.2905455486054656],5286.721561610522,-11775.72502132993,0.2905455486054656,3
10.902888,"Field2d",[5286.742085044646; -11775.76133917504; 0.2905455486054656],5286.742085044646,-11775.76133917504,0.2905455486054656,3
10.906281,"Field2d",[5286.7257924198275; -11775.752018471196; 0.2905455486054656],5286.7257924198275,-11775.752018471196,0.2905455486054656,3
10.910221,"Field2d",[5286.704423496249; -11775.750266068388; 0.2905455486054656],5286.704423496249,-11775.750266068388,0.2905455486054656,3
10.915271,"Field2d",[5286.711152743735; -11775.760697191636; 0.2905455486054656],5286.711152743735,-11775.760697191636,0.2905455486054656,3
10.91877,"Field2d",[5286.719844800391; -11775.765428171033; 0.2905455486054656],5286.719844800391,-11775.765428171033,0.2905455486054656,3
10.924111,"Field2d",[5286.701885859252; -11775.763152485792; 0.2905455486054656],5286.701885859252,-11775.763152485792,0.2905455486054656,3
10.927026,"Field2d",[5286.721755720171; -11775.777625104176; 0.2905455486054656],5286.721755720171,-11775.777625104176,0.2905455486054656,3
10.931619,"Field2d",[5286.720156935133; -11775.77655449796; 0.2905455486054656],5286.720156935133,-11775.77655449796,0.2905455486054656,3
10.935105,"Field2d",[5286.70692160225; -11775.772335083948; 0.2905455486054656],5286.70692160225,-11775.772335083948,0.2905455486054656,3
10.939711,"Field2d",[5286.700027551484; -11775.771183912915; 0.2905455486054656],5286.700027551484,-11775.771183912915,0.2905455486054656,3
10.942813,"Field2d",[5286.7144469073855; -11775.779107110398; 0.2905455486054656],5286.7144469073855,-11775.779107110398,0.2905455486054656,3
10.947154,"Field2d",[5286.704553674723; -11775.776144901398; 0.2905455486054656],5286.704553674723,-11775.776144901398,0.2905455486054656,3
10.950322,"Field2d",[5286.71767474323; -11775.785541404202; 0.2905455486054656],5286.71767474323,-11775.785541404202,0.2905455486054656,3
10.954704,"Field2d",[5286.717835553827; -11775.785657586237; 0.2905455486054656],5286.717835553827,-11775.785657586237,0.2905455486054656,3
10.95865,"Field2d",[5286.695013890406; -11775.782147831555; 0.2905455486054656],5286.695013890406,-11775.782147831555,0.2905455486054656,3
10.963436,"Field2d",[5286.714917512408; -11775.798064715078; 0.2905455486054656],5286.714917512408,-11775.798064715078,0.2905455486054656,3
10.966353,"Field2d",[5286.701937680499; -11775.792768130814; 0.2905455486054656],5286.701937680499,-11775.792768130814,0.2905455486054656,3
10.971552,"Field2d",[5286.706469764076; -11775.795201838442; 0.2905455486054656],5286.706469764076,-11775.795201838442,0.2905455486054656,3
10.974913,"Field2d",[5286.708292650167; -11775.796285187953; 0.29054546065723386],5286.708292650167,-11775.796285187953,0.29054546065723386,3
10.978374,"Field2d",[5286.698065276035; -11775.79294303496; 0.2905454841782727],5286.698065276035,-11775.79294303496,0.2905454841782727,3
10.982849,"Field2d",[5286.709084396184; -11775.80027143816; 0.2905454555439644],5286.709084396184,-11775.80027143816,0.2905454555439644,3
10.986724,"Field2d",[5286.709603039728; -11775.80062607614; 0.2905454541804258],5286.709603039728,-11775.80062607614,0.2905454541804258,3
10.991785,"Field2d",[5286.704560740491; -11775.797981051923; 0.290545466452272],5286.704560740491,-11775.797981051923,0.290545466452272,3
10.995601,"Field2d",[5286.706788712635; -11775.799305145922; 0.29054554860546566],5286.706788712635,-11775.799305145922,0.29054554860546566,3
10.998782,"Field2d",[5286.698410040111; -11775.80440476796; 0.29054554860546566],5286.698410040111,-11775.80440476796,0.29054554860546566,3
11.002939,"Field2d",[5286.687116148004; -11775.802423005081; 0.29054554860546566],5286.687116148004,-11775.802423005081,0.29054554860546566,3
11.007633,"Field2d",[5286.698399253515; -11775.807587519846; 0.29054554860546566],5286.698399253515,-11775.807587519846,0.29054554860546566,3
11.010611,"Field2d",[5286.686826191018; -11775.80538600108; 0.29054554860546566],5286.686826191018,-11775.80538600108,0.29054554860546566,3
11.01527,"Field2d",[5286.665639282771; -11775.800627087901; 0.29054553769715713],5286.665639282771,-11775.800627087901,0.29054553769715713,3
11.019697,"Field2d",[5286.678499985796; -11775.808130960198; 0.29054553122035015],5286.678499985796,-11775.808130960198,0.29054553122035015,3
11.02336,"Field2d",[5286.679397185991; -11775.808681090368; 0.2905455306749343],5286.679397185991,-11775.808681090368,0.2905455306749343,3
11.026381,"Field2d",[5286.683531002483; -11775.81187383067; 0.2905455459465654],5286.683531002483,-11775.81187383067,0.2905455459465654,3
11.031629,"Field2d",[5286.667371982562; -11775.806736559569; 0.29054553585638115],5286.667371982562,-11775.806736559569,0.29054553585638115,3
11.034904,"Field2d",[5286.6777634432465; -11775.819853601568; 0.2905455486054656],5286.6777634432465,-11775.819853601568,0.2905455486054656,3
11.038316,"Field2d",[5286.670619881241; -11775.817065155414; 0.2905455486054656],5286.670619881241,-11775.817065155414,0.2905455486054656,3
11.042901,"Field2d",[5286.65916564447; -11775.815501264464; 0.2905455486054656],5286.65916564447,-11775.815501264464,0.2905455486054656,3
11.047495,"Field2d",[5286.667820197305; -11775.828348866646; 0.2905455486054656],5286.667820197305,-11775.828348866646,0.2905455486054656,3
11.051395,"Field2d",[5286.667412321176; -11775.828201299368; 0.2905455486054656],5286.667412321176,-11775.828201299368,0.2905455486054656,3
11.055406,"Field2d",[5286.656795773819; -11775.827210274758; 0.2905455486054656],5286.656795773819,-11775.827210274758,0.2905455486054656,3
11.059621,"Field2d",[5286.669248806464; -11775.831979275401; 0.2905455486054656],5286.669248806464,-11775.831979275401,0.2905455486054656,3
11.062836,"Field2d",[5286.663681847244; -11775.830567871328; 0.2905455486054656],5286.663681847244,-11775.830567871328,0.2905455486054656,3
11.068223,"Field2d",[5286.659190643411; -11775.829866042206; 0.2905455486054656],5286.659190643411,-11775.829866042206,0.2905455486054656,3
11.071361,"Field2d",[5286.674536948198; -11775.83857384295; 0.2905455486054656],5286.674536948198,-11775.83857384295,0.2905455486054656,3
11.074519,"Field2d",[5286.650836146635; -11775.841338562419; 0.2905455486054656],5286.650836146635,-11775.841338562419,0.2905455486054656,3
11.079079,"Field2d",[5286.667409422437; -11775.851315545457; 0.2905455486054656],5286.667409422437,-11775.851315545457,0.2905455486054656,3
11.083216,"Field2d",[5286.6705066683035; -11775.8535223369; 0.2905455486054656],5286.6705066683035,-11775.8535223369,0.2905455486054656,3
11.086492,"Field2d",[5286.669333939794; -11775.85273695045; 0.2905455486054656],5286.669333939794,-11775.85273695045,0.2905455486054656,3
11.091617,"Field2d",[5286.6656605944345; -11775.850710827004; 0.2905455486054656],5286.6656605944345,-11775.850710827004,0.2905455486054656,3
11.094656,"Field2d",[5286.661858472903; -11775.848999216181; 0.2905455486054656],5286.661858472903,-11775.848999216181,0.2905455486054656,3
11.099131,"Field2d",[5286.641087143317; -11775.849053801363; 0.2905455486054656],5286.641087143317,-11775.849053801363,0.2905455486054656,3
11.103021,"Field2d",[5286.65096895693; -11775.85109884713; 0.2905455486054656],5286.65096895693,-11775.85109884713,0.2905455486054656,3
11.106699,"Field2d",[5286.658442259592; -11775.853981832783; 0.2905455486054656],5286.658442259592,-11775.853981832783,0.2905455486054656,3
11.111523,"Field2d",[5286.6242346737545; -11775.65301868595; 0.2905455486054656],5286.6242346737545,-11775.65301868595,0.2905455486054656,3
11.115255,"Field2d",[5286.470925851845; -11775.535589419394; 0.2905455486054656],5286.470925851845,-11775.535589419394,0.2905455486054656,3
11.11957,"Field2d",[5286.471902455543; -11775.536378155624; 0.2905455486054656],5286.471902455543,-11775.536378155624,0.2905455486054656,3
11.123204,"Field2d",[5286.472770268069; -11775.537113822851; 0.2905455486054656],5286.472770268069,-11775.537113822851,0.2905455486054656,3
11.126289,"Field2d",[5286.440431056387; -11775.535845415605; 0.2905455486054656],5286.440431056387,-11775.535845415605,0.2905455486054656,3
11.131444,"Field2d",[5286.441488305071; -11775.53591005188; 0.2905455486054656],5286.441488305071,-11775.53591005188,0.2905455486054656,3
11.1359,"Field2d",[5286.461821484683; -11775.54815110165; 0.2905455486054656],5286.461821484683,-11775.54815110165,0.2905455486054656,3
11.139012,"Field2d",[5286.448906096548; -11775.552654466259; 0.2905455486054656],5286.448906096548,-11775.552654466259,0.2905455486054656,3
11.142865,"Field2d",[5286.457480959621; -11775.606524196815; 0.2905455486054656],5286.457480959621,-11775.606524196815,0.2905455486054656,3
11.147101,"Field2d",[5286.405641158483; -11775.590455423466; 0.2905455486054656],5286.405641158483,-11775.590455423466,0.2905455486054656,3
11.151712,"Field2d",[5286.484929540133; -11775.430660827888; 0.2905455486054656],5286.484929540133,-11775.430660827888,0.2905455486054656,3
11.155313,"Field2d",[5286.316278072269; -11775.37524087791; 0.2905455486054656],5286.316278072269,-11775.37524087791,0.2905455486054656,3
11.158662,"Field2d",[5286.319723558903; -11775.376669590938; 0.2905455486054656],5286.319723558903,-11775.376669590938,0.2905455486054656,3
11.163802,"Field2d",[5286.307521431926; -11775.374943544999; 0.2905455486054656],5286.307521431926,-11775.374943544999,0.2905455486054656,3
11.166477,"Field2d",[5286.308292396381; -11775.375065287535; 0.2905455486054656],5286.308292396381,-11775.375065287535,0.2905455486054656,3
11.170289,"Field2d",[5286.300523246116; -11775.375085799262; 0.2905455486054656],5286.300523246116,-11775.375085799262,0.2905455486054656,3
11.175394,"Field2d",[5286.29792203186; -11775.375205680979; 0.2905455486054656],5286.29792203186,-11775.375205680979,0.2905455486054656,3
11.178379,"Field2d",[5286.315017931484; -11775.38092996294; 0.2905455486054656],5286.315017931484,-11775.38092996294,0.2905455486054656,3
11.18317,"Field2d",[5286.2980614789585; -11775.3813427492; 0.2905455486054656],5286.2980614789585,-11775.3813427492,0.2905455486054656,3
11.187479,"Field2d",[5286.30283126806; -11775.381695364758; 0.2905455486054656],5286.30283126806,-11775.381695364758,0.2905455486054656,3
11.190262,"Field2d",[5286.305232320484; -11775.388075459668; 0.2905455486054656],5286.305232320484,-11775.388075459668,0.2905455486054656,3
11.194633,"Field2d",[5286.2993980289575; -11775.387858280481; 0.2905455486054656],5286.2993980289575,-11775.387858280481,0.2905455486054656,3
11.198764,"Field2d",[5286.305063456706; -11775.388748301486; 0.2905455486054656],5286.305063456706,-11775.388748301486,0.2905455486054656,3
11.202944,"Field2d",[5286.320232234548; -11775.397274906221; 0.2905455486054656],5286.320232234548,-11775.397274906221,0.2905455486054656,3
11.206572,"Field2d",[5286.3212119401705; -11775.397856121202; 0.2905455486054656],5286.3212119401705,-11775.397856121202,0.2905455486054656,3
11.211525,"Field2d",[5286.300476585118; -11775.395600374703; 0.2905455486054656],5286.300476585118,-11775.395600374703,0.2905455486054656,3
11.214575,"Field2d",[5286.301407636058; -11775.395685167066; 0.2905455486054656],5286.301407636058,-11775.395685167066,0.2905455486054656,3
11.219705,"Field2d",[5286.311125726008; -11775.281216687767; 0.2905455486054656],5286.311125726008,-11775.281216687767,0.2905455486054656,3
11.223236,"Field2d",[5286.241976327481; -11775.231457909636; 0.2905455486054656],5286.241976327481,-11775.231457909636,0.2905455486054656,3
11.226181,"Field2d",[5286.22856279328; -11775.226846413172; 0.2905455486054656],5286.22856279328,-11775.226846413172,0.2905455486054656,3
11.230367,"Field2d",[5286.22342859724; -11775.22568019745; 0.2905455486054656],5286.22342859724,-11775.22568019745,0.2905455486054656,3
11.234878,"Field2d",[5286.225229778661; -11775.22612761612; 0.2905455486054656],5286.225229778661,-11775.22612761612,0.2905455486054656,3
11.240168,"Field2d",[5286.241003845313; -11775.238089999564; 0.2905455486054656],5286.241003845313,-11775.238089999564,0.2905455486054656,3
11.243084,"Field2d",[5286.227725280936; -11775.233114870645; 0.2905455486054656],5286.227725280936,-11775.233114870645,0.2905455486054656,3
11.24721,"Field2d",[5286.221684486187; -11775.231691658257; 0.2905455486054656],5286.221684486187,-11775.231691658257,0.2905455486054656,3
11.25138,"Field2d",[5286.207029194125; -11775.232709976035; 0.2905455486054656],5286.207029194125,-11775.232709976035,0.2905455486054656,3
11.255345,"Field2d",[5286.220333290066; -11775.235519061825; 0.2905455486054656],5286.220333290066,-11775.235519061825,0.2905455486054656,3
11.25891,"Field2d",[5286.217027943459; -11775.23505428097; 0.2905455486054656],5286.217027943459,-11775.23505428097,0.2905455486054656,3
11.263407,"Field2d",[5286.235299633631; -11775.247291000413; 0.2905455486054656],5286.235299633631,-11775.247291000413,0.2905455486054656,3
11.266415,"Field2d",[5286.226451613659; -11775.24361389103; 0.2905455486054656],5286.226451613659,-11775.24361389103,0.2905455486054656,3
11.270237,"Field2d",[5286.219601355905; -11775.241871262284; 0.2905455486054656],5286.219601355905,-11775.241871262284,0.2905455486054656,3
11.275266,"Field2d",[5286.2076669728385; -11775.241537770024; 0.2905455486054656],5286.2076669728385,-11775.241537770024,0.2905455486054656,3
11.278254,"Field2d",[5286.230920940498; -11775.257742264394; 0.2905455486054656],5286.230920940498,-11775.257742264394,0.2905455486054656,3
11.283381,"Field2d",[5286.224639270157; -11775.254593645694; 0.2905455486054656],5286.224639270157,-11775.254593645694,0.2905455486054656,3
11.286714,"Field2d",[5286.223868466677; -11775.260872992736; 0.2905455486054656],5286.223868466677,-11775.260872992736,0.2905455486054656,3
11.291743,"Field2d",[5286.218560347764; -11775.258828248448; 0.2905455486054656],5286.218560347764,-11775.258828248448,0.2905455486054656,3
11.294791,"Field2d",[5286.213813976486; -11775.2575224142; 0.2905455486054656],5286.213813976486,-11775.2575224142,0.2905455486054656,3
11.299256,"Field2d",[5286.211511332745; -11775.265221279175; 0.2905455486054656],5286.211511332745,-11775.265221279175,0.2905455486054656,3
11.302323,"Field2d",[5286.226256996206; -11775.276258230662; 0.2905455486054656],5286.226256996206,-11775.276258230662,0.2905455486054656,3
11.306854,"Field2d",[5286.206885570138; -11775.271660827812; 0.2905455486054656],5286.206885570138,-11775.271660827812,0.2905455486054656,3
11.311502,"Field2d",[5286.220344441825; -11775.280060206836; 0.2905455486054656],5286.220344441825,-11775.280060206836,0.2905455486054656,3
11.314564,"Field2d",[5286.216096947033; -11775.278020238273; 0.2905455486054656],5286.216096947033,-11775.278020238273,0.2905455486054656,3
11.318316,"Field2d",[5286.2063347316125; -11775.275611940455; 0.2905455486054656],5286.2063347316125,-11775.275611940455,0.2905455486054656,3
11.323023,"Field2d",[5286.216154403561; -11775.280563682225; 0.2905455486054656],5286.216154403561,-11775.280563682225,0.2905455486054656,3
11.326683,"Field2d",[5286.221562897589; -11775.284274719756; 0.2905455486054656],5286.221562897589,-11775.284274719756,0.2905455486054656,3
11.331208,"Field2d",[5286.206627406961; -11775.279933558257; 0.2905455486054656],5286.206627406961,-11775.279933558257,0.2905455486054656,3
11.335386,"Field2d",[5286.18887412086; -11775.280565895911; 0.2905455486054656],5286.18887412086,-11775.280565895911,0.2905455486054656,3
11.340329,"Field2d",[5286.195818744732; -11775.281315669763; 0.2905455486054656],5286.195818744732,-11775.281315669763,0.2905455486054656,3
11.343951,"Field2d",[5286.205277319625; -11775.284356275233; 0.2905455486054656],5286.205277319625,-11775.284356275233,0.2905455486054656,3
11.347039,"Field2d",[5286.208162410285; -11775.285490583885; 0.2905455486054656],5286.208162410285,-11775.285490583885,0.2905455486054656,3
11.350552,"Field2d",[5286.199059085299; -11775.283789204379; 0.2905455486054656],5286.199059085299,-11775.283789204379,0.2905455486054656,3
11.355714,"Field2d",[5286.194951490834; -11775.283402523763; 0.2905455486054656],5286.194951490834,-11775.283402523763,0.2905455486054656,3
11.359207,"Field2d",[5286.190948757673; -11775.283355082775; 0.2905455486054656],5286.190948757673,-11775.283355082775,0.2905455486054656,3
11.363676,"Field2d",[5286.268262377947; -11775.177841576364; 0.2905455486054656],5286.268262377947,-11775.177841576364,0.2905455486054656,3
11.367201,"Field2d",[5286.1389681420615; -11775.159559300848; 0.2905455486054656],5286.1389681420615,-11775.159559300848,0.2905455486054656,3
11.370713,"Field2d",[5286.1320562349065; -11775.159571885804; 0.2905455486054656],5286.1320562349065,-11775.159571885804,0.2905455486054656,3
11.375262,"Field2d",[5286.155519224364; -11775.175865880437; 0.2905455486054656],5286.155519224364,-11775.175865880437,0.2905455486054656,3
11.378249,"Field2d",[5286.145279652658; -11775.171764275812; 0.2905455486054656],5286.145279652658,-11775.171764275812,0.2905455486054656,3
11.383817,"Field2d",[5286.130365321181; -11775.170649917656; 0.2905455486054656],5286.130365321181,-11775.170649917656,0.2905455486054656,3
11.386814,"Field2d",[5286.136684756472; -11775.18072204795; 0.2905455486054656],5286.136684756472,-11775.18072204795,0.2905455486054656,3
11.390353,"Field2d",[5286.143408669564; -11775.186219157546; 0.2905455486054656],5286.143408669564,-11775.186219157546,0.2905455486054656,3
11.395932,"Field2d",[5286.140049267688; -11775.184921743323; 0.2905455486054656],5286.140049267688,-11775.184921743323,0.2905455486054656,3
11.398959,"Field2d",[5286.130862896798; -11775.183204916579; 0.2905455486054656],5286.130862896798,-11775.183204916579,0.2905455486054656,3
11.403796,"Field2d",[5286.145995043523; -11775.209012534498; 0.2905455486054656],5286.145995043523,-11775.209012534498,0.2905455486054656,3
11.406517,"Field2d",[5286.137697161724; -11775.202844533633; 0.2905455486054656],5286.137697161724,-11775.202844533633,0.2905455486054656,3
11.411512,"Field2d",[5286.1208765528045; -11775.197969813573; 0.2905455486054656],5286.1208765528045,-11775.197969813573,0.2905455486054656,3
11.41504,"Field2d",[5286.116044088211; -11775.197126844005; 0.2905455486054656],5286.116044088211,-11775.197126844005,0.2905455486054656,3
11.418499,"Field2d",[5286.1134312845825; -11775.19681502493; 0.2905455486054656],5286.1134312845825,-11775.19681502493,0.2905455486054656,3
11.423217,"Field2d",[5286.104269631784; -11775.197451710092; 0.2905455486054656],5286.104269631784,-11775.197451710092,0.2905455486054656,3
11.426743,"Field2d",[5286.108965758051; -11775.203620294737; 0.2905455486054656],5286.108965758051,-11775.203620294737,0.2905455486054656,3
11.43031,"Field2d",[5286.131352883764; -11775.220373729026; 0.2905455486054656],5286.131352883764,-11775.220373729026,0.2905455486054656,3
11.435364,"Field2d",[5286.121677599766; -11775.215973351618; 0.2905455486054656],5286.121677599766,-11775.215973351618,0.2905455486054656,3
11.438345,"Field2d",[5286.108928433434; -11775.21388660974; 0.2905455486054656],5286.108928433434,-11775.21388660974,0.2905455486054656,3
11.442808,"Field2d",[5286.123955352652; -11775.222413093485; 0.2905455486054656],5286.123955352652,-11775.222413093485,0.2905455486054656,3
11.446409,"Field2d",[5286.124057556134; -11775.222471629775; 0.2905455486054656],5286.124057556134,-11775.222471629775,0.2905455486054656,3
11.451353,"Field2d",[5286.101313655642; -11775.221286420629; 0.2905455486054656],5286.101313655642,-11775.221286420629,0.2905455486054656,3
11.45491,"Field2d",[5286.104242942332; -11775.227466199365; 0.2905455486054656],5286.104242942332,-11775.227466199365,0.2905455486054656,3
11.45941,"Field2d",[5286.117098837512; -11775.233079567324; 0.2905455486054656],5286.117098837512,-11775.233079567324,0.2905455486054656,3
11.462903,"Field2d",[5286.104429730372; -11775.23119377897; 0.2905455486054656],5286.104429730372,-11775.23119377897,0.2905455486054656,3
11.467475,"Field2d",[5286.095364504741; -11775.231538586566; 0.2905455486054656],5286.095364504741,-11775.231538586566,0.2905455486054656,3
11.470521,"Field2d",[5286.122677464352; -11775.253742967107; 0.2905455486054656],5286.122677464352,-11775.253742967107,0.2905455486054656,3
11.475511,"Field2d",[5286.1035719532965; -11775.2483541683; 0.2905455486054656],5286.1035719532965,-11775.2483541683,0.2905455486054656,3
11.479048,"Field2d",[5286.0965234830155; -11775.247437954067; 0.2905455486054656],5286.0965234830155,-11775.247437954067,0.2905455486054656,3
11.482167,"Field2d",[5286.106360007125; -11775.250952969584; 0.2905455486054656],5286.106360007125,-11775.250952969584,0.2905455486054656,3
11.487218,"Field2d",[5286.08807551956; -11775.25153066183; 0.2905455486054656],5286.08807551956,-11775.25153066183,0.2905455486054656,3
11.490722,"Field2d",[5286.112233563645; -11775.266285172338; 0.2905455486054656],5286.112233563645,-11775.266285172338,0.2905455486054656,3
11.495296,"Field2d",[5286.1069820835755; -11775.263856009418; 0.2905455486054656],5286.1069820835755,-11775.263856009418,0.2905455486054656,3
11.498296,"Field2d",[5286.102993218768; -11775.262416128055; 0.2905455486054656],5286.102993218768,-11775.262416128055,0.2905455486054656,3
11.503049,"Field2d",[5286.098684096602; -11775.269501420109; 0.2905455486054656],5286.098684096602,-11775.269501420109,0.2905455486054656,3
11.507111,"Field2d",[5286.1057995290685; -11775.273086179035; 0.2905455486054656],5286.1057995290685,-11775.273086179035,0.2905455486054656,3
11.510363,"Field2d",[5286.098698647873; -11775.270797257119; 0.2905455486054656],5286.098698647873,-11775.270797257119,0.2905455486054656,3
11.515618,"Field2d",[5286.097280207033; -11775.278815166443; 0.2905455486054656],5286.097280207033,-11775.278815166443,0.2905455486054656,3
11.519099,"Field2d",[5286.104156468662; -11775.282619194737; 0.2905455486054656],5286.104156468662,-11775.282619194737,0.2905455486054656,3
11.523646,"Field2d",[5286.093663984024; -11775.279605889877; 0.2905455486054656],5286.093663984024,-11775.279605889877,0.2905455486054656,3
11.526927,"Field2d",[5286.083881653445; -11775.278835426472; 0.2905455486054656],5286.083881653445,-11775.278835426472,0.2905455486054656,3
11.530425,"Field2d",[5286.097808869342; -11775.292388436494; 0.2905455486054656],5286.097808869342,-11775.292388436494,0.2905455486054656,3
11.53553,"Field2d",[5286.103963489118; -11775.29660790928; 0.2905455486054656],5286.103963489118,-11775.29660790928,0.2905455486054656,3
11.539736,"Field2d",[5286.139517494416; -11775.0904633076; 0.2905455486054656],5286.139517494416,-11775.0904633076,0.2905455486054656,3
11.542401,"Field2d",[5285.956418830087; -11774.982640954557; 0.2905455486054656],5285.956418830087,-11774.982640954557,0.2905455486054656,3
11.546847,"Field2d",[5285.959111055425; -11774.98447874418; 0.2905455486054656],5285.959111055425,-11774.98447874418,0.2905455486054656,3
11.550555,"Field2d",[5285.946824565491; -11774.980232606098; 0.2905455486054656],5285.946824565491,-11774.980232606098,0.2905455486054656,3
11.555193,"Field2d",[5285.949008810269; -11774.981207040588; 0.2905455486054656],5285.949008810269,-11774.981207040588,0.2905455486054656,3
11.558726,"Field2d",[5285.94010997608; -11774.979102695737; 0.2905455486054656],5285.94010997608,-11774.979102695737,0.2905455486054656,3
11.56253,"Field2d",[5285.936112674147; -11774.978501137546; 0.2905455486054656],5285.936112674147,-11774.978501137546,0.2905455486054656,3
11.56779,"Field2d",[5285.943864174249; -11774.981041229186; 0.2905455486054656],5285.943864174249,-11774.981041229186,0.2905455486054656,3
11.570503,"Field2d",[5285.9455634276455; -11774.98166861862; 0.2905455486054656],5285.9455634276455,-11774.98166861862,0.2905455486054656,3
11.574373,"Field2d",[5285.94115927991; -11774.980494489784; 0.2905455486054656],5285.94115927991,-11774.980494489784,0.2905455486054656,3
11.578894,"Field2d",[5285.931994393735; -11774.979831847257; 0.2905455486054656],5285.931994393735,-11774.979831847257,0.2905455486054656,3
11.583448,"Field2d",[5285.944986706268; -11774.984663976993; 0.2905455486054656],5285.944986706268,-11774.984663976993,0.2905455486054656,3
11.586924,"Field2d",[5285.943271490158; -11774.984097467335; 0.2905455486054656],5285.943271490158,-11774.984097467335,0.2905455486054656,3
11.591807,"Field2d",[5285.952386174977; -11775.004487684588; 0.2905455486054656],5285.952386174977,-11775.004487684588,0.2905455486054656,3
11.594677,"Field2d",[5285.948790355282; -11775.001749159934; 0.2905455486054656],5285.948790355282,-11775.001749159934,0.2905455486054656,3
11.600123,"Field2d",[5285.942239781459; -11775.0046262558; 0.2905455486054656],5285.942239781459,-11775.0046262558,0.2905455486054656,3
11.602933,"Field2d",[5285.934512632741; -11775.005815760196; 0.2905455486054656],5285.934512632741,-11775.005815760196,0.2905455486054656,3
11.607672,"Field2d",[5285.929283035172; -11775.004382701783; 0.2905455486054656],5285.929283035172,-11775.004382701783,0.2905455486054656,3
11.610754,"Field2d",[5285.932609432575; -11775.005313136879; 0.2905455486054656],5285.932609432575,-11775.005313136879,0.2905455486054656,3
11.616317,"Field2d",[5285.927255782195; -11775.009609644098; 0.2905455486054656],5285.927255782195,-11775.009609644098,0.2905455486054656,3
11.61926,"Field2d",[5285.940330348881; -11775.017508044684; 0.2905455486054656],5285.940330348881,-11775.017508044684,0.2905455486054656,3
11.622323,"Field2d",[5285.935631495934; -11775.015320602557; 0.2905455486054656],5285.935631495934,-11775.015320602557,0.2905455486054656,3
11.627324,"Field2d",[5285.920391299327; -11775.013464067148; 0.2905455486054656],5285.920391299327,-11775.013464067148,0.2905455486054656,3
11.631018,"Field2d",[5285.931571782868; -11775.017756035086; 0.2905455486054656],5285.931571782868,-11775.017756035086,0.2905455486054656,3
11.634752,"Field2d",[5285.9347856188715; -11775.019353148411; 0.2905455486054656],5285.9347856188715,-11775.019353148411,0.2905455486054656,3
11.640486,"Field2d",[5285.949006378366; -11775.046426021794; 0.2905455486054656],5285.949006378366,-11775.046426021794,0.2905455486054656,3
11.642825,"Field2d",[5285.9234022035735; -11775.032703612795; 0.2905455486054656],5285.9234022035735,-11775.032703612795,0.2905455486054656,3
11.64756,"Field2d",[5285.9125499746315; -11775.03541208929; 0.2905455486054656],5285.9125499746315,-11775.03541208929,0.2905455486054656,3
11.650547,"Field2d",[5285.920206508503; -11775.044780183569; 0.2905455486054656],5285.920206508503,-11775.044780183569,0.2905455486054656,3
11.654739,"Field2d",[5285.9044167150505; -11775.042006426811; 0.2905455486054656],5285.9044167150505,-11775.042006426811,0.2905455486054656,3
11.658797,"Field2d",[5285.903912504411; -11775.047869078566; 0.2905455486054656],5285.903912504411,-11775.047869078566,0.2905455486054656,3
11.662867,"Field2d",[5285.918218577957; -11775.05699320395; 0.2905455486054656],5285.918218577957,-11775.05699320395,0.2905455486054656,3
11.666984,"Field2d",[5285.918971525171; -11775.057493010136; 0.2905455486054656],5285.918971525171,-11775.057493010136,0.2905455486054656,3
11.67052,"Field2d",[5285.9146990674135; -11775.055234153278; 0.2905455486054656],5285.9146990674135,-11775.055234153278,0.2905455486054656,3
11.675298,"Field2d",[5285.908362339153; -11775.053365544369; 0.2905455486054656],5285.908362339153,-11775.053365544369,0.2905455486054656,3
11.679694,"Field2d",[5285.921968941369; -11775.063326410942; 0.2905455486054656],5285.921968941369,-11775.063326410942,0.2905455486054656,3
11.683131,"Field2d",[5285.918697923168; -11775.104664231632; 0.2905455486054656],5285.918697923168,-11775.104664231632,0.2905455486054656,3
11.687281,"Field2d",[5285.86923642246; -11775.083743261202; 0.2905455486054656],5285.86923642246,-11775.083743261202,0.2905455486054656,3
11.69075,"Field2d",[5285.851242706525; -11775.083168092197; 0.2905455486054656],5285.851242706525,-11775.083168092197,0.2905455486054656,3
11.696013,"Field2d",[5285.8599918146065; -11775.085559719568; 0.2905455486054656],5285.8599918146065,-11775.085559719568,0.2905455486054656,3
11.698525,"Field2d",[5285.86375316911; -11775.086927674962; 0.2905455486054656],5285.86375316911,-11775.086927674962,0.2905455486054656,3
11.703671,"Field2d",[5285.8646318111705; -11775.08726658237; 0.2905455486054656],5285.8646318111705,-11775.08726658237,0.2905455486054656,3
11.706642,"Field2d",[5285.8547185322; -11775.085643929902; 0.2905455486054656],5285.8547185322,-11775.085643929902,0.2905455486054656,3
11.711278,"Field2d",[5285.8518694403865; -11775.085347951725; 0.2905455486054656],5285.8518694403865,-11775.085347951725,0.2905455486054656,3
11.715606,"Field2d",[5285.851529402488; -11775.08532683593; 0.2905455486054656],5285.851529402488,-11775.08532683593,0.2905455486054656,3
11.719403,"Field2d",[5285.8740820516705; -11775.101615097608; 0.2905455486054656],5285.8740820516705,-11775.101615097608,0.2905455486054656,3
11.724156,"Field2d",[5285.859249510915; -11775.09691268252; 0.2905455486054656],5285.859249510915,-11775.09691268252,0.2905455486054656,3
11.727259,"Field2d",[5285.865874625023; -11775.100180317306; 0.2905455486054656],5285.865874625023,-11775.100180317306,0.2905455486054656,3
11.730185,"Field2d",[5285.8529452949; -11775.097710022354; 0.2905455486054656],5285.8529452949,-11775.097710022354,0.2905455486054656,3
11.735058,"Field2d",[5285.849065923301; -11775.097349072588; 0.2905455486054656],5285.849065923301,-11775.097349072588,0.2905455486054656,3
11.739257,"Field2d",[5285.860670083368; -11775.101527277426; 0.2905455486054656],5285.860670083368,-11775.101527277426,0.2905455486054656,3
11.742838,"Field2d",[5285.865065562892; -11775.103625337564; 0.2905455486054656],5285.865065562892,-11775.103625337564,0.2905455486054656,3
11.747377,"Field2d",[5285.850041778411; -11775.101586289622; 0.2905455486054656],5285.850041778411,-11775.101586289622,0.2905455486054656,3
11.750471,"Field2d",[5285.851359722866; -11775.101802081344; 0.2905455486054656],5285.851359722866,-11775.101802081344,0.2905455486054656,3
11.754912,"Field2d",[5285.868830555761; -11775.113541938577; 0.2905455486054656],5285.868830555761,-11775.113541938577,0.2905455486054656,3
11.758288,"Field2d",[5285.869122496794; -11775.113741140987; 0.2905455486054656],5285.869122496794,-11775.113741140987,0.2905455486054656,3
11.76377,"Field2d",[5285.8417316867235; -11775.112711229673; 0.2905455486054656],5285.8417316867235,-11775.112711229673,0.2905455486054656,3
11.766304,"Field2d",[5285.849691822566; -11775.114358524104; 0.2905455486054656],5285.849691822566,-11775.114358524104,0.2905455486054656,3
11.77088,"Field2d",[5285.838977589565; -11775.114524586137; 0.2905455486054656],5285.838977589565,-11775.114524586137,0.2905455486054656,3
11.77471,"Field2d",[5285.863035118367; -11775.13201966273; 0.2905455486054656],5285.863035118367,-11775.13201966273,0.2905455486054656,3
11.780263,"Field2d",[5285.853755099493; -11775.127871041122; 0.2905455486054656],5285.853755099493,-11775.127871041122,0.2905455486054656,3
11.783087,"Field2d",[5285.861093219634; -11775.132923385758; 0.2905455486054656],5285.861093219634,-11775.132923385758,0.2905455486054656,3
11.787083,"Field2d",[5285.8597092763985; -11775.139180364993; 0.2905455486054656],5285.8597092763985,-11775.139180364993,0.2905455486054656,3
11.792151,"Field2d",[5285.856980630894; -11775.137463030314; 0.2905455486054656],5285.856980630894,-11775.137463030314,0.2905455486054656,3
11.795342,"Field2d",[5285.850208895493; -11775.134480901444; 0.2905455486054656],5285.850208895493,-11775.134480901444,0.2905455486054656,3
11.798492,"Field2d",[5285.858549473929; -11775.140504669038; 0.2905455486054656],5285.858549473929,-11775.140504669038,0.2905455486054656,3
11.803563,"Field2d",[5285.853026057611; -11775.137510031118; 0.2905455486054656],5285.853026057611,-11775.137510031118,0.2905455486054656,3
11.806652,"Field2d",[5285.855138369691; -11775.138797863649; 0.2905455486054656],5285.855138369691,-11775.138797863649,0.2905455486054656,3
11.811884,"Field2d",[5285.854765183962; -11775.145704596574; 0.2905455486054656],5285.854765183962,-11775.145704596574,0.2905455486054656,3
11.814509,"Field2d",[5285.839653128359; -11775.14142077599; 0.2905455486054656],5285.839653128359,-11775.14142077599,0.2905455486054656,3
11.818831,"Field2d",[5285.835552593819; -11775.14064568707; 0.2905455486054656],5285.835552593819,-11775.14064568707,0.2905455486054656,3
11.823415,"Field2d",[5285.848759384271; -11775.157007286301; 0.2905455486054656],5285.848759384271,-11775.157007286301,0.2905455486054656,3
11.826207,"Field2d",[5285.8300840905185; -11775.15306410194; 0.2905455486054656],5285.8300840905185,-11775.15306410194,0.2905455486054656,3
11.830314,"Field2d",[5285.826509322645; -11775.158437756885; 0.2905455486054656],5285.826509322645,-11775.158437756885,0.2905455486054656,3
11.835002,"Field2d",[5285.832000090621; -11775.159900929777; 0.2905455486054656],5285.832000090621,-11775.159900929777,0.2905455486054656,3
11.838497,"Field2d",[5285.827969402997; -11775.165079847346; 0.2905455486054656],5285.827969402997,-11775.165079847346,0.2905455486054656,3
11.843378,"Field2d",[5285.822263175215; -11775.1645183027; 0.2905455486054656],5285.822263175215,-11775.1645183027,0.2905455486054656,3
11.846896,"Field2d",[5285.844304028611; -11775.182319623125; 0.2905455486054656],5285.844304028611,-11775.182319623125,0.2905455486054656,3
11.850524,"Field2d",[5285.842824450984; -11775.18121426151; 0.2905455486054656],5285.842824450984,-11775.18121426151,0.2905455486054656,3
11.854633,"Field2d",[5285.839711638396; -11775.186183767057; 0.2905455486054656],5285.839711638396,-11775.186183767057,0.2905455486054656,3
11.859045,"Field2d",[5285.821368986561; -11775.18232130692; 0.2905455486054656],5285.821368986561,-11775.18232130692,0.2905455486054656,3
11.863674,"Field2d",[5285.825937996907; -11775.183769775775; 0.2905455486054656],5285.825937996907,-11775.183769775775,0.2905455486054656,3
11.866885,"Field2d",[5285.82473264296; -11775.191871380941; 0.2905455486054656],5285.82473264296,-11775.191871380941,0.2905455486054656,3
11.871779,"Field2d",[5285.808350832495; -11775.191788796692; 0.2905455486054656],5285.808350832495,-11775.191788796692,0.2905455486054656,3
11.875009,"Field2d",[5285.82822481366; -11775.209089199945; 0.2905455486054656],5285.82822481366,-11775.209089199945,0.2905455486054656,3
11.879541,"Field2d",[5285.822087097647; -11775.206873636538; 0.2905455486054656],5285.822087097647,-11775.206873636538,0.2905455486054656,3
11.882598,"Field2d",[5285.823511840546; -11775.207439141941; 0.2905455486054656],5285.823511840546,-11775.207439141941,0.2905455486054656,3
11.887656,"Field2d",[5285.81291580185; -11775.205748518718; 0.2905455486054656],5285.81291580185,-11775.205748518718,0.2905455486054656,3
11.89165,"Field2d",[5285.828317636244; -11775.214602736665; 0.2905455486054656],5285.828317636244,-11775.214602736665,0.2905455486054656,3
11.895226,"Field2d",[5285.825668931667; -11775.213186063898; 0.2905455486054656],5285.825668931667,-11775.213186063898,0.2905455486054656,3
11.899663,"Field2d",[5285.8049904136515; -11775.21180807187; 0.2905455486054656],5285.8049904136515,-11775.21180807187,0.2905455486054656,3
11.903424,"Field2d",[5285.820234497856; -11775.228231790927; 0.2905455486054656],5285.820234497856,-11775.228231790927,0.2905455486054656,3
11.906215,"Field2d",[5285.818541800222; -11775.227247793795; 0.2905455486054656],5285.818541800222,-11775.227247793795,0.2905455486054656,3
11.911482,"Field2d",[5285.808726887534; -11775.22404940056; 0.2905455486054656],5285.808726887534,-11775.22404940056,0.2905455486054656,3
11.915318,"Field2d",[5285.82473990095; -11775.239434609271; 0.2905455486054656],5285.82473990095,-11775.239434609271,0.2905455486054656,3
11.918426,"Field2d",[5285.807734498272; -11775.232463452288; 0.2905455486054656],5285.807734498272,-11775.232463452288,0.2905455486054656,3
11.922904,"Field2d",[5285.816448392725; -11775.238504553794; 0.2905455486054656],5285.816448392725,-11775.238504553794,0.2905455486054656,3
11.926568,"Field2d",[5285.820043805988; -11775.24155088488; 0.2905455486054656],5285.820043805988,-11775.24155088488,0.2905455486054656,3
11.931972,"Field2d",[5285.823230871444; -11775.24480584731; 0.2905455486054656],5285.823230871444,-11775.24480584731,0.2905455486054656,3
11.935533,"Field2d",[5285.791402237237; -11775.239121789855; 0.2905455486054656],5285.791402237237,-11775.239121789855,0.2905455486054656,3
11.938707,"Field2d",[5285.800352756633; -11775.242632510834; 0.2905455486054656],5285.800352756633,-11775.242632510834,0.2905455486054656,3
11.942819,"Field2d",[5285.8003893129535; -11775.24264678037; 0.2905455486054656],5285.8003893129535,-11775.24264678037,0.2905455486054656,3
11.946523,"Field2d",[5285.798627860008; -11775.250598754732; 0.2905455486054656],5285.798627860008,-11775.250598754732,0.2905455486054656,3
11.951303,"Field2d",[5285.803501567065; -11775.253459093177; 0.2905455486054656],5285.803501567065,-11775.253459093177,0.2905455486054656,3
11.955987,"Field2d",[5285.811373499872; -11775.260380062926; 0.2905455486054656],5285.811373499872,-11775.260380062926,0.2905455486054656,3
11.959522,"Field2d",[5285.79288931818; -11775.26225195896; 0.2905455486054656],5285.79288931818,-11775.26225195896,0.2905455486054656,3
11.963194,"Field2d",[5285.800531455385; -11775.269554213062; 0.2905455486054656],5285.800531455385,-11775.269554213062,0.2905455486054656,3
11.967166,"Field2d",[5285.8028740883055; -11775.271270377021; 0.2905455486054656],5285.8028740883055,-11775.271270377021,0.2905455486054656,3
11.97197,"Field2d",[5285.791179797024; -11775.266770556114; 0.2905455486054656],5285.791179797024,-11775.266770556114,0.2905455486054656,3
11.974688,"Field2d",[5285.776962132037; -11775.26555882224; 0.2905455486054656],5285.776962132037,-11775.26555882224,0.2905455486054656,3
11.979338,"Field2d",[5285.785415635297; -11775.267847439838; 0.2905455486054656],5285.785415635297,-11775.267847439838,0.2905455486054656,3
11.982799,"Field2d",[5285.799030293009; -11775.277221323553; 0.2905455486054656],5285.799030293009,-11775.277221323553,0.2905455486054656,3
11.986436,"Field2d",[5285.774204542574; -11775.274924096046; 0.2905455486054656],5285.774204542574,-11775.274924096046,0.2905455486054656,3
11.990621,"Field2d",[5285.789730232401; -11775.282319522725; 0.2905455486054656],5285.789730232401,-11775.282319522725,0.2905455486054656,3
11.995052,"Field2d",[5285.7979155538005; -11775.288311965282; 0.2905455486054656],5285.7979155538005,-11775.288311965282,0.2905455486054656,3
11.998686,"Field2d",[5285.793032100224; -11775.285536409096; 0.2905455486054656],5285.793032100224,-11775.285536409096,0.2905455486054656,3
12.002436,"Field2d",[5285.787253193729; -11775.283167384467; 0.2905455486054656],5285.787253193729,-11775.283167384467,0.2905455486054656,3
12.006554,"Field2d",[5285.78674202361; -11775.282964596685; 0.2905455486054656],5285.78674202361,-11775.282964596685,0.2905455486054656,3
12.011635,"Field2d",[5285.778433439975; -11775.281245155957; 0.2905455486054656],5285.778433439975,-11775.281245155957,0.2905455486054656,3
12.015325,"Field2d",[5285.7755928147; -11775.286581686165; 0.2905455486054656],5285.7755928147,-11775.286581686165,0.2905455486054656,3
12.018398,"Field2d",[5285.794543079704; -11775.303264174672; 0.2905455486054656],5285.794543079704,-11775.303264174672,0.2905455486054656,3
12.022607,"Field2d",[5285.76647518324; -11775.29929371326; 0.2905455486054656],5285.76647518324,-11775.29929371326,0.2905455486054656,3
12.027115,"Field2d",[5285.756403744041; -11775.299960992643; 0.2905455486054656],5285.756403744041,-11775.299960992643,0.2905455486054656,3
12.030502,"Field2d",[5285.779888795741; -11775.326221388377; 0.2905455486054656],5285.779888795741,-11775.326221388377,0.2905455486054656,3
12.034934,"Field2d",[5285.762173699127; -11775.32128229066; 0.2905455486054656],5285.762173699127,-11775.32128229066,0.2905455486054656,3
12.039231,"Field2d",[5285.758240449731; -11775.320520893585; 0.2905455486054656],5285.758240449731,-11775.320520893585,0.2905455486054656,3
12.042232,"Field2d",[5285.750270320958; -11775.320298177736; 0.2905455486054656],5285.750270320958,-11775.320298177736,0.2905455486054656,3
12.04681,"Field2d",[5285.774279517321; -11775.33823313632; 0.2905455486054656],5285.774279517321,-11775.33823313632,0.2905455486054656,3
12.050262,"Field2d",[5285.765669412936; -11775.334114839088; 0.2905455486054656],5285.765669412936,-11775.334114839088,0.2905455486054656,3
12.05516,"Field2d",[5285.75775676167; -11775.331897097238; 0.2905455486054656],5285.75775676167,-11775.331897097238,0.2905455486054656,3
12.058255,"Field2d",[5285.770379837367; -11775.340219237622; 0.2905455486054656],5285.770379837367,-11775.340219237622,0.2905455486054656,3
12.063602,"Field2d",[5285.75899752023; -11775.336244415766; 0.2905455486054656],5285.75899752023,-11775.336244415766,0.2905455486054656,3
12.067013,"Field2d",[5285.764051896368; -11775.33869208284; 0.2905455486054656],5285.764051896368,-11775.33869208284,0.2905455486054656,3
12.070285,"Field2d",[5285.768358252729; -11775.341360409087; 0.2905455486054656],5285.768358252729,-11775.341360409087,0.2905455486054656,3
12.074421,"Field2d",[5285.772331649785; -11775.344465276801; 0.2905455486054656],5285.772331649785,-11775.344465276801,0.2905455486054656,3
12.079572,"Field2d",[5285.772882212441; -11775.344908467408; 0.2905455486054656],5285.772882212441,-11775.344908467408,0.2905455486054656,3
12.082675,"Field2d",[5285.770749321143; -11775.35078318705; 0.2905455486054656],5285.770749321143,-11775.35078318705,0.2905455486054656,3
12.087277,"Field2d",[5285.735963328221; -11775.351302330988; 0.2905455486054656],5285.735963328221,-11775.351302330988,0.2905455486054656,3
12.090331,"Field2d",[5285.742062590659; -11775.358236248538; 0.2905455486054656],5285.742062590659,-11775.358236248538,0.2905455486054656,3
12.095445,"Field2d",[5285.757839499664; -11775.36756593915; 0.2905455486054656],5285.757839499664,-11775.36756593915,0.2905455486054656,3
12.098527,"Field2d",[5285.764898740313; -11775.373812729484; 0.2905455486054656],5285.764898740313,-11775.373812729484,0.2905455486054656,3
12.103375,"Field2d",[5285.755475391211; -11775.36861519513; 0.2905455486054656],5285.755475391211,-11775.36861519513,0.2905455486054656,3
12.106244,"Field2d",[5285.736713137839; -11775.366405951465; 0.2905455486054656],5285.736713137839,-11775.366405951465,0.2905455486054656,3
12.111516,"Field2d",[5285.754555332128; -11775.377204836183; 0.2905455486054656],5285.754555332128,-11775.377204836183,0.2905455486054656,3
12.114503,"Field2d",[5285.737181695979; -11775.374274933572; 0.2905455486054656],5285.737181695979,-11775.374274933572,0.2905455486054656,3
12.118953,"Field2d",[5285.7556844110495; -11775.388027022791; 0.2905455486054656],5285.7556844110495,-11775.388027022791,0.2905455486054656,3
12.124059,"Field2d",[5285.748898897184; -11775.384474198645; 0.2905455486054656],5285.748898897184,-11775.384474198645,0.2905455486054656,3
12.127066,"Field2d",[5285.7399433836235; -11775.381792795688; 0.2905455486054656],5285.7399433836235,-11775.381792795688,0.2905455486054656,3
12.131584,"Field2d",[5285.748412432127; -11775.38627925878; 0.2905455486054656],5285.748412432127,-11775.38627925878,0.2905455486054656,3
12.1348,"Field2d",[5285.749964965332; -11775.387186973652; 0.2905455486054656],5285.749964965332,-11775.387186973652,0.2905455486054656,3
12.13935,"Field2d",[5285.738427209172; -11775.383833263533; 0.2905455486054656],5285.738427209172,-11775.383833263533,0.2905455486054656,3
12.142314,"Field2d",[5285.726420043586; -11775.383391464035; 0.2905455486054656],5285.726420043586,-11775.383391464035,0.2905455486054656,3
12.14719,"Field2d",[5285.724848090734; -11775.383384215153; 0.2905455486054656],5285.724848090734,-11775.383384215153,0.2905455486054656,3
12.150771,"Field2d",[5285.730935521549; -11775.390480418067; 0.2905455486054656],5285.730935521549,-11775.390480418067,0.2905455486054656,3
12.155405,"Field2d",[5285.727518366904; -11775.390074858395; 0.2905455486054656],5285.727518366904,-11775.390074858395,0.2905455486054656,3
12.158473,"Field2d",[5285.726737493158; -11775.389991179803; 0.2905455486054656],5285.726737493158,-11775.389991179803,0.2905455486054656,3
12.163672,"Field2d",[5285.730557590996; -11775.390711665179; 0.2905455486054656],5285.730557590996,-11775.390711665179,0.2905455486054656,3
12.166584,"Field2d",[5285.724850686295; -11775.396099178624; 0.2905455486054656],5285.724850686295,-11775.396099178624,0.2905455486054656,3
12.171591,"Field2d",[5285.7300684502925; -11775.397238834252; 0.2905455486054656],5285.7300684502925,-11775.397238834252,0.2905455486054656,3
12.174865,"Field2d",[5285.7414583615855; -11775.411595276693; 0.2905455486054656],5285.7414583615855,-11775.411595276693,0.2905455486054656,3
12.178298,"Field2d",[5285.734683042197; -11775.408664380937; 0.2905455486054656],5285.734683042197,-11775.408664380937,0.2905455486054656,3
12.18321,"Field2d",[5285.737849555914; -11775.41039986643; 0.2905455486054656],5285.737849555914,-11775.41039986643,0.2905455486054656,3
12.187191,"Field2d",[5285.720394848545; -11775.40819833477; 0.2905455486054656],5285.720394848545,-11775.40819833477,0.2905455486054656,3
12.191158,"Field2d",[5285.740155295265; -11775.422421684607; 0.2905455486054656],5285.740155295265,-11775.422421684607,0.2905455486054656,3
12.194263,"Field2d",[5285.742533714708; -11775.424370741433; 0.2905455486054656],5285.742533714708,-11775.424370741433,0.2905455486054656,3
12.198344,"Field2d",[5285.736184303714; -11775.420604165778; 0.2905455486054656],5285.736184303714,-11775.420604165778,0.2905455486054656,3
12.202501,"Field2d",[5285.708553719643; -11775.42145472454; 0.2905455486054656],5285.708553719643,-11775.42145472454,0.2905455486054656,3
12.207388,"Field2d",[5285.717061291085; -11775.422700207364; 0.2905455486054656],5285.717061291085,-11775.422700207364,0.2905455486054656,3
12.210361,"Field2d",[5285.707375636804; -11775.42321690186; 0.2905455486054656],5285.707375636804,-11775.42321690186,0.2905455486054656,3
12.214676,"Field2d",[5285.730788121641; -11775.435619567746; 0.2905455486054656],5285.730788121641,-11775.435619567746,0.2905455486054656,3
12.219583,"Field2d",[5285.733973429916; -11775.437636038805; 0.2905455486054656],5285.733973429916,-11775.437636038805,0.2905455486054656,3
12.222963,"Field2d",[5285.738480212906; -11775.441305901611; 0.2905455486054656],5285.738480212906,-11775.441305901611,0.2905455486054656,3
12.226429,"Field2d",[5285.727673647419; -11775.436232801494; 0.2905455486054656],5285.727673647419,-11775.436232801494,0.2905455486054656,3
12.230554,"Field2d",[5285.7314707456; -11775.438452400953; 0.2905455486054656],5285.7314707456,-11775.438452400953,0.2905455486054656,3
12.235634,"Field2d",[5285.716763805188; -11775.435136642847; 0.2905455486054656],5285.716763805188,-11775.435136642847,0.2905455486054656,3
12.2394,"Field2d",[5285.7148716015645; -11775.434787719418; 0.2905455486054656],5285.7148716015645,-11775.434787719418,0.2905455486054656,3
12.242579,"Field2d",[5285.724009122802; -11775.438482232868; 0.2905455486054656],5285.724009122802,-11775.438482232868,0.2905455486054656,3
12.247598,"Field2d",[5285.716258581956; -11775.442442614072; 0.2905455486054656],5285.716258581956,-11775.442442614072,0.2905455486054656,3
12.250523,"Field2d",[5285.730544708614; -11775.452974164808; 0.2905455486054656],5285.730544708614,-11775.452974164808,0.2905455486054656,3
12.255299,"Field2d",[5285.705328106002; -11775.450169386844; 0.2905455486054656],5285.705328106002,-11775.450169386844,0.2905455486054656,3
12.258248,"Field2d",[5285.697095106044; -11775.450648474807; 0.2905455486054656],5285.697095106044,-11775.450648474807,0.2905455486054656,3
12.262509,"Field2d",[5285.71042621514; -11775.453654480143; 0.2905455486054656],5285.71042621514,-11775.453654480143,0.2905455486054656,3
12.267524,"Field2d",[5285.713366714291; -11775.463340379616; 0.2905455486054656],5285.713366714291,-11775.463340379616,0.2905455486054656,3
12.270465,"Field2d",[5285.720512226313; -11775.467535993856; 0.2905455486054656],5285.720512226313,-11775.467535993856,0.2905455486054656,3
12.275564,"Field2d",[5285.714570988794; -11775.465044459133; 0.2905455486054656],5285.714570988794,-11775.465044459133,0.2905455486054656,3
12.279702,"Field2d",[5285.713103670548; -11775.464483905134; 0.2905455486054656],5285.713103670548,-11775.464483905134,0.2905455486054656,3
12.282744,"Field2d",[5285.7157168886615; -11775.465662281636; 0.2905455486054656],5285.7157168886615,-11775.465662281636,0.2905455486054656,3
12.287072,"Field2d",[5285.710715159868; -11775.46402785977; 0.2905455486054656],5285.710715159868,-11775.46402785977,0.2905455486054656,3
12.29066,"Field2d",[5285.709092955073; -11775.463559181213; 0.2905455486054656],5285.709092955073,-11775.463559181213,0.2905455486054656,3
12.295853,"Field2d",[5285.7963398571355; -11775.305332113292; 0.2905455486054656],5285.7963398571355,-11775.305332113292,0.2905455486054656,3
12.298392,"Field2d",[5285.639511398452; -11775.232163745104; 0.2905455486054656],5285.639511398452,-11775.232163745104,0.2905455486054656,3
12.302598,"Field2d",[5285.648545110874; -11775.239352488295; 0.2905455486054656],5285.648545110874,-11775.239352488295,0.2905455486054656,3
12.30762,"Field2d",[5285.632464704912; -11775.2339634794; 0.2905455486054656],5285.632464704912,-11775.2339634794,0.2905455486054656,3
12.310511,"Field2d",[5285.6214441166685; -11775.232879575988; 0.2905455486054656],5285.6214441166685,-11775.232879575988,0.2905455486054656,3
12.314895,"Field2d",[5285.636965848646; -11775.249460322902; 0.2905455486054656],5285.636965848646,-11775.249460322902,0.2905455486054656,3
12.320125,"Field2d",[5285.649012468264; -11775.269388350913; 0.2905455486054656],5285.649012468264,-11775.269388350913,0.2905455486054656,3
12.323837,"Field2d",[5285.625329721889; -11775.26345366127; 0.2905455486054656],5285.625329721889,-11775.26345366127,0.2905455486054656,3
12.326836,"Field2d",[5285.629641351667; -11775.266330858716; 0.2905455486054656],5285.629641351667,-11775.266330858716,0.2905455486054656,3
12.331408,"Field2d",[5285.628271983948; -11775.265484121783; 0.2905455486054656],5285.628271983948,-11775.265484121783,0.2905455486054656,3
12.334681,"Field2d",[5285.617223475718; -11775.261873491829; 0.2905455486054656],5285.617223475718,-11775.261873491829,0.2905455486054656,3
12.339746,"Field2d",[5285.657573666104; -11775.097004606707; 0.2905455486054656],5285.657573666104,-11775.097004606707,0.2905455486054656,3
12.34325,"Field2d",[5285.533136335922; -11775.008950036117; 0.2905455486054656],5285.533136335922,-11775.008950036117,0.2905455486054656,3
12.346925,"Field2d",[5285.506819586719; -11775.007004890798; 0.2905455486054656],5285.506819586719,-11775.007004890798,0.2905455486054656,3
12.35154,"Field2d",[5285.531488848368; -11775.032202599972; 0.2905455486054656],5285.531488848368,-11775.032202599972,0.2905455486054656,3
12.354962,"Field2d",[5285.5189272019115; -11775.025300317971; 0.2905455486054656],5285.5189272019115,-11775.025300317971,0.2905455486054656,3
12.359305,"Field2d",[5285.5064527231225; -11775.022254859121; 0.2905455486054656],5285.5064527231225,-11775.022254859121,0.2905455486054656,3
12.362449,"Field2d",[5285.514781126561; -11775.02604322233; 0.2905455486054656],5285.514781126561,-11775.02604322233,0.2905455486054656,3
12.36684,"Field2d",[5285.507770229409; -11775.032159357625; 0.2905455486054656],5285.507770229409,-11775.032159357625,0.2905455486054656,3
12.371566,"Field2d",[5285.506445220029; -11775.031792984566; 0.2905455486054656],5285.506445220029,-11775.031792984566,0.2905455486054656,3
12.374709,"Field2d",[5285.518999057046; -11775.040495989198; 0.2905455486054656],5285.518999057046,-11775.040495989198,0.2905455486054656,3
12.378276,"Field2d",[5285.518014953631; -11775.039848405388; 0.2905455486054656],5285.518014953631,-11775.039848405388,0.2905455486054656,3
12.383522,"Field2d",[5285.493183429797; -11775.038053255374; 0.2905455486054656],5285.493183429797,-11775.038053255374,0.2905455486054656,3
12.386904,"Field2d",[5285.499641504641; -11775.045898081513; 0.2905455486054656],5285.499641504641,-11775.045898081513,0.2905455486054656,3
12.390881,"Field2d",[5285.508060145664; -11775.055477987393; 0.2905455486054656],5285.508060145664,-11775.055477987393,0.2905455486054656,3
12.39428,"Field2d",[5285.485527205099; -11775.054029087314; 0.2905455486054656],5285.485527205099,-11775.054029087314,0.2905455486054656,3
12.398753,"Field2d",[5285.504585393916; -11775.064762114978; 0.2905455486054656],5285.504585393916,-11775.064762114978,0.2905455486054656,3
12.403664,"Field2d",[5285.4831830475605; -11775.069092151884; 0.2905455486054656],5285.4831830475605,-11775.069092151884,0.2905455486054656,3
12.407212,"Field2d",[5285.504991263794; -11775.085304022074; 0.2905455486054656],5285.504991263794,-11775.085304022074,0.2905455486054656,3
12.410618,"Field2d",[5285.486559856922; -11775.086199818365; 0.2905455486054656],5285.486559856922,-11775.086199818365,0.2905455486054656,3
12.414242,"Field2d",[5285.479874151697; -11775.085240126858; 0.2905455486054656],5285.479874151697,-11775.085240126858,0.2905455486054656,3
12.418758,"Field2d",[5285.497722863977; -11775.097048710948; 0.2905455486054656],5285.497722863977,-11775.097048710948,0.2905455486054656,3
12.423828,"Field2d",[5285.502073760944; -11775.100721673483; 0.2905455486054656],5285.502073760944,-11775.100721673483,0.2905455486054656,3
12.427006,"Field2d",[5285.472639152953; -11775.09790228872; 0.2905455486054656],5285.472639152953,-11775.09790228872,0.2905455486054656,3
12.430858,"Field2d",[5285.473224768792; -11775.097965615161; 0.2905455486054656],5285.473224768792,-11775.097965615161,0.2905455486054656,3
12.435527,"Field2d",[5285.478252749441; -11775.099052809348; 0.2905455486054656],5285.478252749441,-11775.099052809348,0.2905455486054656,3
12.439153,"Field2d",[5285.486679042164; -11775.102618298244; 0.2905455486054656],5285.486679042164,-11775.102618298244,0.2905455486054656,3
12.442771,"Field2d",[5285.492600323204; -11775.106182603298; 0.2905455486054656],5285.492600323204,-11775.106182603298,0.2905455486054656,3
12.447275,"Field2d",[5285.472623588722; -11775.103585757359; 0.2905455486054656],5285.472623588722,-11775.103585757359,0.2905455486054656,3
12.450206,"Field2d",[5285.468680224694; -11775.109216853722; 0.2905455486054656],5285.468680224694,-11775.109216853722,0.2905455486054656,3
12.45496,"Field2d",[5285.492275179622; -11775.130253725838; 0.2905455486054656],5285.492275179622,-11775.130253725838,0.2905455486054656,3
12.459447,"Field2d",[5285.486517178619; -11775.126431294737; 0.2905455486054656],5285.486517178619,-11775.126431294737,0.2905455486054656,3
12.463281,"Field2d",[5285.483332214796; -11775.124644398056; 0.2905455486054656],5285.483332214796,-11775.124644398056,0.2905455486054656,3
12.467509,"Field2d",[5285.463651812844; -11775.122551704479; 0.2905455486054656],5285.463651812844,-11775.122551704479,0.2905455486054656,3
12.470458,"Field2d",[5285.470624626297; -11775.133534017988; 0.2905455486054656],5285.470624626297,-11775.133534017988,0.2905455486054656,3
12.474316,"Field2d",[5285.482469014152; -11775.142283801957; 0.2905455486054656],5285.482469014152,-11775.142283801957,0.2905455486054656,3
12.479855,"Field2d",[5285.461397080431; -11775.138117198694; 0.2905455486054656],5285.461397080431,-11775.138117198694,0.2905455486054656,3
12.483478,"Field2d",[5285.472167725698; -11775.143173401528; 0.2905455486054656],5285.472167725698,-11775.143173401528,0.2905455486054656,3
12.486288,"Field2d",[5285.477947033375; -11775.146963578822; 0.2905455486054656],5285.477947033375,-11775.146963578822,0.2905455486054656,3
12.491423,"Field2d",[5285.476742954585; -11775.146222861506; 0.2905455486054656],5285.476742954585,-11775.146222861506,0.2905455486054656,3
12.495352,"Field2d",[5285.454375188013; -11775.144171108861; 0.2905455486054656],5285.454375188013,-11775.144171108861,0.2905455486054656,3
12.49953,"Field2d",[5285.461504666897; -11775.145929986606; 0.2905455486054656],5285.461504666897,-11775.145929986606,0.2905455486054656,3
12.503161,"Field2d",[5285.467569389368; -11775.148319825525; 0.2905455486054656],5285.467569389368,-11775.148319825525,0.2905455486054656,3
12.506406,"Field2d",[5285.460569494327; -11775.146694271387; 0.2905455486054656],5285.460569494327,-11775.146694271387,0.2905455486054656,3
12.511231,"Field2d",[5285.449810212078; -11775.146610083806; 0.2905455486054656],5285.449810212078,-11775.146610083806,0.2905455486054656,3
12.514892,"Field2d",[5285.461654158964; -11775.149745052991; 0.2905455486054656],5285.461654158964,-11775.149745052991,0.2905455486054656,3
12.518638,"Field2d",[5285.479000005908; -11775.165573947063; 0.2905455486054656],5285.479000005908,-11775.165573947063,0.2905455486054656,3
12.523159,"Field2d",[5285.464562854851; -11775.159189085338; 0.2905455486054656],5285.464562854851,-11775.159189085338,0.2905455486054656,3
12.527726,"Field2d",[5285.457161945672; -11775.157223902075; 0.2905455486054656],5285.457161945672,-11775.157223902075,0.2905455486054656,3
12.530665,"Field2d",[5285.448036168782; -11775.156564115656; 0.2905455486054656],5285.448036168782,-11775.156564115656,0.2905455486054656,3
12.536018,"Field2d",[5285.463700275063; -11775.172330486463; 0.29054554465120425],5285.463700275063,-11775.172330486463,0.29054554465120425,3
12.539034,"Field2d",[5285.461912029983; -11775.171428803224; 0.29054553237935765],5285.461912029983,-11775.171428803224,0.29054553237935765,3
12.543162,"Field2d",[5285.468471440278; -11775.176295877118; 0.2905455463556267],5285.468471440278,-11775.176295877118,0.2905455463556267,3
12.546823,"Field2d",[5285.471645220544; -11775.179108940536; 0.29054554451485026],5285.471645220544,-11775.179108940536,0.29054554451485026,3
12.552087,"Field2d",[5285.455419746853; -11775.172835635729; 0.29054553456101917],5285.455419746853,-11775.172835635729,0.29054553456101917,3
12.555106,"Field2d",[5285.450205031607; -11775.17136976976; 0.2905455486054656],5285.450205031607,-11775.17136976976,0.2905455486054656,3
12.558688,"Field2d",[5285.444182173339; -11775.170463379472; 0.2905455486054656],5285.444182173339,-11775.170463379472,0.2905455486054656,3
12.56374,"Field2d",[5285.465236341441; -11775.189155032163; 0.2905455486054656],5285.465236341441,-11775.189155032163,0.2905455486054656,3
12.566732,"Field2d",[5285.45719644076; -11775.184394507445; 0.2905455486054656],5285.45719644076,-11775.184394507445,0.2905455486054656,3
12.571807,"Field2d",[5285.446720990543; -11775.181073427693; 0.2905455486054656],5285.446720990543,-11775.181073427693,0.2905455486054656,3
12.575019,"Field2d",[5285.454535355465; -11775.189501857745; 0.2905455486054656],5285.454535355465,-11775.189501857745,0.2905455486054656,3
12.579367,"Field2d",[5285.421072227293; -11775.185151697879; 0.2905455486054656],5285.421072227293,-11775.185151697879,0.2905455486054656,3
12.582841,"Field2d",[5285.440670667061; -11775.199354572365; 0.2905455486054656],5285.440670667061,-11775.199354572365,0.2905455486054656,3
12.586752,"Field2d",[5285.435884884259; -11775.203246596197; 0.2905455486054656],5285.435884884259,-11775.203246596197,0.2905455486054656,3
12.591463,"Field2d",[5285.424487472703; -11775.19960121795; 0.2905455486054656],5285.424487472703,-11775.19960121795,0.2905455486054656,3
12.594579,"Field2d",[5285.421056553085; -11775.198060636458; 0.2905455334701886],5285.421056553085,-11775.198060636458,0.2905455334701886,3
12.598692,"Field2d",[5285.427710806524; -11775.202478392388; 0.29054552999316546],5285.427710806524,-11775.202478392388,0.29054552999316546,3
12.602636,"Field2d",[5285.399374583967; -11775.202347768764; 0.29054554233318824],5285.399374583967,-11775.202347768764,0.29054554233318824,3
12.607026,"Field2d",[5285.409168144358; -11775.204432102135; 0.29054553796986554],5285.409168144358,-11775.204432102135,0.29054553796986554,3
12.611271,"Field2d",[5285.426263959627; -11775.217461626218; 0.29054552862962635],5285.426263959627,-11775.217461626218,0.29054552862962635,3
12.614559,"Field2d",[5285.424027748831; -11775.21594578745; 0.29054552978863485],5285.424027748831,-11775.21594578745,0.29054552978863485,3
12.61891,"Field2d",[5285.420739663048; -11775.214287732637; 0.2905455486054656],5285.420739663048,-11775.214287732637,0.2905455486054656,3
12.622206,"Field2d",[5285.421710785449; -11775.214805187461; 0.2905455486054656],5285.421710785449,-11775.214805187461,0.2905455486054656,3
12.626754,"Field2d",[5285.407233100024; -11775.212051175986; 0.2905455486054656],5285.407233100024,-11775.212051175986,0.2905455486054656,3
12.631733,"Field2d",[5285.423702016698; -11775.223196142275; 0.2905455486054656],5285.423702016698,-11775.223196142275,0.2905455486054656,3
12.635595,"Field2d",[5285.4231390728655; -11775.222815997764; 0.2905455486054656],5285.4231390728655,-11775.222815997764,0.2905455486054656,3
12.639172,"Field2d",[5285.42643350457; -11775.225485452558; 0.2905455486054656],5285.42643350457,-11775.225485452558,0.2905455486054656,3
12.642528,"Field2d",[5285.422573848425; -11775.22292302868; 0.2905455486054656],5285.422573848425,-11775.22292302868,0.2905455486054656,3
12.646863,"Field2d",[5285.391736323077; -11775.224344232436; 0.2905455486054656],5285.391736323077,-11775.224344232436,0.2905455486054656,3
12.651999,"Field2d",[5285.391697102025; -11775.224346166471; 0.2905455486054656],5285.391697102025,-11775.224346166471,0.2905455486054656,3
12.654801,"Field2d",[5285.407812615744; -11775.242049344588; 0.2905455486054656],5285.407812615744,-11775.242049344588,0.2905455486054656,3
12.658481,"Field2d",[5285.392708432525; -11775.239506160291; 0.2905455486054656],5285.392708432525,-11775.239506160291,0.2905455486054656,3
12.663561,"Field2d",[5285.386154055876; -11775.23928612486; 0.2905455486054656],5285.386154055876,-11775.23928612486,0.2905455486054656,3
12.667938,"Field2d",[5285.388075366224; -11775.239424920983; 0.2905455486054656],5285.388075366224,-11775.239424920983,0.2905455486054656,3
12.671698,"Field2d",[5285.411291064456; -11775.258548022288; 0.2905455486054656],5285.411291064456,-11775.258548022288,0.2905455486054656,3
12.674555,"Field2d",[5285.376716419645; -11775.259584509973; 0.2905455486054656],5285.376716419645,-11775.259584509973,0.2905455486054656,3
12.678413,"Field2d",[5285.381490355576; -11775.259915085264; 0.2905455486054656],5285.381490355576,-11775.259915085264,0.2905455486054656,3
12.682911,"Field2d",[5285.402061161531; -11775.273030225298; 0.2905455486054656],5285.402061161531,-11775.273030225298,0.2905455486054656,3
12.686448,"Field2d",[5285.396598373348; -11775.270433592976; 0.2905455486054656],5285.396598373348,-11775.270433592976,0.2905455486054656,3
12.690928,"Field2d",[5285.379993363465; -11775.268735202788; 0.2905455486054656],5285.379993363465,-11775.268735202788,0.2905455486054656,3
12.694477,"Field2d",[5285.365425815135; -11775.272782246859; 0.2905455486054656],5285.365425815135,-11775.272782246859,0.2905455486054656,3
12.699618,"Field2d",[5285.387517811369; -11775.291769587482; 0.2905455486054656],5285.387517811369,-11775.291769587482,0.2905455486054656,3
12.702608,"Field2d",[5285.376421040031; -11775.286340741703; 0.2905455486054656],5285.376421040031,-11775.286340741703,0.2905455486054656,3
12.707081,"Field2d",[5285.360275894433; -11775.284387001033; 0.2905455486054656],5285.360275894433,-11775.284387001033,0.2905455486054656,3
12.710624,"Field2d",[5285.361268163513; -11775.290567694272; 0.2905455486054656],5285.361268163513,-11775.290567694272,0.2905455486054656,3
12.715702,"Field2d",[5285.456448268374; -11775.195783303243; 0.2905455486054656],5285.456448268374,-11775.195783303243,0.2905455486054656,3
12.718534,"Field2d",[5285.321478540537; -11775.214486686276; 0.2905455486054656],5285.321478540537,-11775.214486686276,0.2905455486054656,3
12.722705,"Field2d",[5285.311595813576; -11775.213620666202; 0.2905455486054656],5285.311595813576,-11775.213620666202,0.2905455486054656,3
12.726301,"Field2d",[5285.311908118459; -11775.21365134131; 0.2905455486054656],5285.311908118459,-11775.21365134131,0.2905455486054656,3
12.730839,"Field2d",[5285.308576463446; -11775.213555596518; 0.2905455486054656],5285.308576463446,-11775.213555596518,0.2905455486054656,3
12.735544,"Field2d",[5285.313877953992; -11775.215056011612; 0.2905455486054656],5285.313877953992,-11775.215056011612,0.2905455486054656,3
12.73843,"Field2d",[5285.322492324344; -11775.219469775546; 0.2905455486054656],5285.322492324344,-11775.219469775546,0.2905455486054656,3
12.743984,"Field2d",[5285.3089475025745; -11775.216859294876; 0.2905455486054656],5285.3089475025745,-11775.216859294876,0.2905455486054656,3
12.746677,"Field2d",[5285.3264766840175; -11775.229866008985; 0.2905455486054656],5285.3264766840175,-11775.229866008985,0.2905455486054656,3
12.751276,"Field2d",[5285.317724650726; -11775.232022810538; 0.2905455486054656],5285.317724650726,-11775.232022810538,0.2905455486054656,3
12.755255,"Field2d",[5285.304375136998; -11775.228477842564; 0.2905455486054656],5285.304375136998,-11775.228477842564,0.2905455486054656,3
12.759577,"Field2d",[5285.2984305661985; -11775.22766136998; 0.2905455486054656],5285.2984305661985,-11775.22766136998,0.2905455486054656,3
12.762713,"Field2d",[5285.310960478017; -11775.241231729482; 0.2905455486054656],5285.310960478017,-11775.241231729482,0.2905455486054656,3
12.767302,"Field2d",[5285.305171481992; -11775.23904294536; 0.2905455486054656],5285.305171481992,-11775.23904294536,0.2905455486054656,3
12.77078,"Field2d",[5285.287523185922; -11775.239004108089; 0.2905455486054656],5285.287523185922,-11775.239004108089,0.2905455486054656,3
12.775881,"Field2d",[5285.3053222799335; -11775.256810010223; 0.2905455486054656],5285.3053222799335,-11775.256810010223,0.2905455486054656,3
12.778843,"Field2d",[5285.300866818412; -11775.254852432603; 0.2905455486054656],5285.300866818412,-11775.254852432603,0.2905455486054656,3
12.783931,"Field2d",[5285.290149340737; -11775.252786991874; 0.2905455486054656],5285.290149340737,-11775.252786991874,0.2905455486054656,3
12.786939,"Field2d",[5285.284550984332; -11775.252364173357; 0.2905455486054656],5285.284550984332,-11775.252364173357,0.2905455486054656,3
12.790701,"Field2d",[5285.284172765483; -11775.258269613085; 0.2905455486054656],5285.284172765483,-11775.258269613085,0.2905455486054656,3
12.794774,"Field2d",[5285.295893673498; -11775.263870718392; 0.2905455486054656],5285.295893673498,-11775.263870718392,0.2905455486054656,3
12.798382,"Field2d",[5285.304223769385; -11775.270347521517; 0.2905455486054656],5285.304223769385,-11775.270347521517,0.2905455486054656,3
12.802957,"Field2d",[5285.290861424346; -11775.26520584396; 0.2905455486054656],5285.290861424346,-11775.26520584396,0.2905455486054656,3
12.806679,"Field2d",[5285.276502906904; -11775.264167829497; 0.2905455486054656],5285.276502906904,-11775.264167829497,0.2905455486054656,3
12.810663,"Field2d",[5285.296877363356; -11775.277157926967; 0.2905455486054656],5285.296877363356,-11775.277157926967,0.2905455486054656,3
12.815678,"Field2d",[5285.39501266279; -11775.078843131858; 0.2905455486054656],5285.39501266279,-11775.078843131858,0.2905455486054656,3
12.819239,"Field2d",[5285.158315371562; -11775.0282692284; 0.2905455486054656],5285.158315371562,-11775.0282692284,0.2905455486054656,3
12.822684,"Field2d",[5285.166657564544; -11775.038963780667; 0.2905455486054656],5285.166657564544,-11775.038963780667,0.2905455486054656,3
12.827263,"Field2d",[5285.167499611705; -11775.039390097934; 0.2905455486054656],5285.167499611705,-11775.039390097934,0.2905455486054656,3
12.831528,"Field2d",[5285.169452130352; -11775.047647504087; 0.2905455486054656],5285.169452130352,-11775.047647504087,0.2905455486054656,3
12.83466,"Field2d",[5285.159839509102; -11775.043423108587; 0.2905455486054656],5285.159839509102,-11775.043423108587,0.2905455486054656,3
12.839203,"Field2d",[5285.148086141479; -11775.041392339732; 0.2905455486054656],5285.148086141479,-11775.041392339732,0.2905455486054656,3
12.842281,"Field2d",[5285.145788914168; -11775.041106880833; 0.2905455486054656],5285.145788914168,-11775.041106880833,0.2905455486054656,3
12.847087,"Field2d",[5285.141711702929; -11775.040943703292; 0.2905455486054656],5285.141711702929,-11775.040943703292,0.2905455486054656,3
12.850468,"Field2d",[5285.150873710694; -11775.04311813309; 0.2905455486054656],5285.150873710694,-11775.04311813309,0.2905455486054656,3
12.855303,"Field2d",[5285.158043643492; -11775.04664008027; 0.2905455486054656],5285.158043643492,-11775.04664008027,0.2905455486054656,3
12.859674,"Field2d",[5285.160112707099; -11774.83852184095; 0.2905455486054656],5285.160112707099,-11774.83852184095,0.2905455486054656,3
12.862331,"Field2d",[5284.95298770942; -11774.776504448435; 0.2905455486054656],5284.95298770942,-11774.776504448435,0.2905455486054656,3
12.866997,"Field2d",[5284.961098110929; -11774.7928367197; 0.2905455486054656],5284.961098110929,-11774.7928367197,0.2905455486054656,3
12.870267,"Field2d",[5284.951127220917; -11774.788251785263; 0.2905455486054656],5284.951127220917,-11774.788251785263,0.2905455486054656,3
12.875068,"Field2d",[5284.941917175111; -11774.792285965157; 0.2905455486054656],5284.941917175111,-11774.792285965157,0.2905455486054656,3
12.88004,"Field2d",[5284.947845376313; -11774.794796870458; 0.2905455486054656],5284.947845376313,-11774.794796870458,0.2905455486054656,3
12.883488,"Field2d",[5284.935309076678; -11774.793105637682; 0.2905455486054656],5284.935309076678,-11774.793105637682,0.2905455486054656,3
12.886457,"Field2d",[5284.947314391485; -11774.805900912532; 0.2905455486054656],5284.947314391485,-11774.805900912532,0.2905455486054656,3
12.89097,"Field2d",[5284.944163937066; -11774.804588544239; 0.2905455486054656],5284.944163937066,-11774.804588544239,0.2905455486054656,3
12.895483,"Field2d",[5284.92993706914; -11774.803193810858; 0.2905455486054656],5284.92993706914,-11774.803193810858,0.2905455486054656,3
12.898557,"Field2d",[5284.926403638701; -11774.803103670862; 0.2905455486054656],5284.926403638701,-11774.803103670862,0.2905455486054656,3
12.904272,"Field2d",[5285.229569928498; -11774.913781213458; 0.2905455486054656],5285.229569928498,-11774.913781213458,0.2905455486054656,3
12.907034,"Field2d",[5285.00606013978; -11774.755398588979; 0.2905455486054656],5285.00606013978,-11774.755398588979,0.2905455486054656,3
12.912173,"Field2d",[5284.980591805307; -11774.752739634816; 0.2905455486054656],5284.980591805307,-11774.752739634816,0.2905455486054656,3
12.915138,"Field2d",[5284.98258633109; -11774.76168476339; 0.2905455486054656],5284.98258633109,-11774.76168476339,0.2905455486054656,3
12.91966,"Field2d",[5284.986425374443; -11774.763211392454; 0.2905455486054656],5284.986425374443,-11774.763211392454,0.2905455486054656,3
12.922838,"Field2d",[5284.998372503308; -11774.773133191733; 0.2905455486054656],5284.998372503308,-11774.773133191733,0.2905455486054656,3
12.927741,"Field2d",[5284.999631762386; -11774.774254850523; 0.2905455486054656],5284.999631762386,-11774.774254850523,0.2905455486054656,3
12.93085,"Field2d",[5284.973398720427; -11774.769461080357; 0.2905455486054656],5284.973398720427,-11774.769461080357,0.2905455486054656,3
12.935447,"Field2d",[5284.969435849072; -11774.769173346724; 0.2905455486054656],5284.969435849072,-11774.769173346724,0.2905455486054656,3
12.939323,"Field2d",[5284.971076536916; -11774.769348018626; 0.2905455486054656],5284.971076536916,-11774.769348018626,0.2905455486054656,3
12.942806,"Field2d",[5284.977619949555; -11774.779973565805; 0.2905455486054656],5284.977619949555,-11774.779973565805,0.2905455486054656,3
12.947745,"Field2d",[5284.984380278359; -11774.783600202001; 0.2905455486054656],5284.984380278359,-11774.783600202001,0.2905455486054656,3
12.950711,"Field2d",[5284.988418774519; -11774.78632429462; 0.2905455486054656],5284.988418774519,-11774.78632429462,0.2905455486054656,3
12.954286,"Field2d",[5284.994378972661; -11774.790966135024; 0.2905455486054656],5284.994378972661,-11774.790966135024,0.2905455486054656,3
12.958853,"Field2d",[5284.984637727848; -11774.786364569909; 0.2905455486054656],5284.984637727848,-11774.786364569909,0.2905455486054656,3
12.962369,"Field2d",[5284.972678669794; -11774.784039864402; 0.2905455486054656],5284.972678669794,-11774.784039864402,0.2905455486054656,3
12.96714,"Field2d",[5284.989429746466; -11774.795752792043; 0.2905455486054656],5284.989429746466,-11774.795752792043,0.2905455486054656,3
12.970772,"Field2d",[5284.962827637283; -11774.79402316048; 0.2905455486054656],5284.962827637283,-11774.79402316048,0.2905455486054656,3
12.974298,"Field2d",[5284.958227000577; -11774.794089144112; 0.2905455486054656],5284.958227000577,-11774.794089144112,0.2905455486054656,3
12.97874,"Field2d",[5284.966972125067; -11774.795564023942; 0.2905455486054656],5284.966972125067,-11774.795564023942,0.2905455486054656,3
12.983794,"Field2d",[5284.9647330479565; -11774.801144880073; 0.2905455486054656],5284.9647330479565,-11774.801144880073,0.2905455486054656,3
12.986674,"Field2d",[5284.971349330368; -11774.803248326689; 0.2905455486054656],5284.971349330368,-11774.803248326689,0.2905455486054656,3
12.991758,"Field2d",[5284.963860187573; -11774.802096667587; 0.2905455486054656],5284.963860187573,-11774.802096667587,0.2905455486054656,3
12.994144,"Field2d",[5284.971976251849; -11774.80597186545; 0.2905455486054656],5284.971976251849,-11774.80597186545,0.2905455486054656,3
13.000138,"Field2d",[5284.972152693704; -11774.80605709782; 0.2905455486054656],5284.972152693704,-11774.80605709782,0.2905455486054656,3
13.003391,"Field2d",[5284.970537029694; -11774.805348744858; 0.2905455486054656],5284.970537029694,-11774.805348744858,0.2905455486054656,3
13.006277,"Field2d",[5284.954195459923; -11774.809862666794; 0.2905455486054656],5284.954195459923,-11774.809862666794,0.2905455486054656,3
13.010394,"Field2d",[5284.951900634037; -11774.80978030592; 0.2905455486054656],5284.951900634037,-11774.80978030592,0.2905455486054656,3
13.014736,"Field2d",[5284.979293683727; -11774.836228150964; 0.2905455486054656],5284.979293683727,-11774.836228150964,0.2905455486054656,3
13.019049,"Field2d",[5284.968983481801; -11774.830267980367; 0.2905455486054656],5284.968983481801,-11774.830267980367,0.2905455486054656,3
13.022315,"Field2d",[5284.966563960942; -11774.829043009177; 0.2905455486054656],5284.966563960942,-11774.829043009177,0.2905455486054656,3
13.026465,"Field2d",[5284.970327924076; -11774.83140054734; 0.2905455486054656],5284.970327924076,-11774.83140054734,0.2905455486054656,3
13.031053,"Field2d",[5284.964765100078; -11774.828822065261; 0.2905455486054656],5284.964765100078,-11774.828822065261,0.2905455486054656,3
13.034247,"Field2d",[5284.948136500145; -11774.826698523093; 0.2905455486054656],5284.948136500145,-11774.826698523093,0.2905455486054656,3
13.039171,"Field2d",[5284.955159186017; -11774.828691146142; 0.2905455486054656],5284.955159186017,-11774.828691146142,0.2905455486054656,3
13.04301,"Field2d",[5284.949935447825; -11774.827805811721; 0.2905455486054656],5284.949935447825,-11774.827805811721,0.2905455486054656,3
13.047169,"Field2d",[5284.965982374; -11774.837748774155; 0.2905455486054656],5284.965982374,-11774.837748774155,0.2905455486054656,3
13.050307,"Field2d",[5284.962038317484; -11774.842293477288; 0.2905455486054656],5284.962038317484,-11774.842293477288,0.2905455486054656,3
13.054988,"Field2d",[5284.937696997918; -11774.842090206308; 0.2905455486054656],5284.937696997918,-11774.842090206308,0.2905455486054656,3
13.058631,"Field2d",[5284.951247732996; -11774.846278477818; 0.2905455486054656],5284.951247732996,-11774.846278477818,0.2905455486054656,3
13.063542,"Field2d",[5284.954999448111; -11774.847788356956; 0.2905455486054656],5284.954999448111,-11774.847788356956,0.2905455486054656,3
13.067009,"Field2d",[5284.94462147039; -11774.851686308704; 0.2905455486054656],5284.94462147039,-11774.851686308704,0.2905455486054656,3
13.071277,"Field2d",[5284.962424260163; -11774.865836936613; 0.2905455486054656],5284.962424260163,-11774.865836936613,0.2905455486054656,3
13.074492,"Field2d",[5284.93675005251; -11774.86123066962; 0.2905455486054656],5284.93675005251,-11774.86123066962,0.2905455486054656,3
13.079037,"Field2d",[5284.955800605489; -11774.876616845333; 0.2905455486054656],5284.955800605489,-11774.876616845333,0.2905455486054656,3
13.082484,"Field2d",[5284.944304493862; -11774.871466291945; 0.2905455486054656],5284.944304493862,-11774.871466291945,0.2905455486054656,3
13.087072,"Field2d",[5284.940795754839; -11774.87020616662; 0.2905455486054656],5284.940795754839,-11774.87020616662,0.2905455486054656,3
13.090284,"Field2d",[5284.940665503317; -11774.878930708594; 0.2905455486054656],5284.940665503317,-11774.878930708594,0.2905455486054656,3
13.094328,"Field2d",[5284.915670671718; -11774.881248250365; 0.2905455486054656],5284.915670671718,-11774.881248250365,0.2905455486054656,3
13.098626,"Field2d",[5284.942097941273; -11774.897040480048; 0.2905455486054656],5284.942097941273,-11774.897040480048,0.2905455486054656,3
13.103726,"Field2d",[5285.028138573685; -11774.748201698381; 0.2905455486054656],5285.028138573685,-11774.748201698381,0.2905455486054656,3
13.107195,"Field2d",[5284.8398685014445; -11774.724035094716; 0.2905455486054656],5284.8398685014445,-11774.724035094716,0.2905455486054656,3
13.110281,"Field2d",[5284.837291730568; -11774.723842668654; 0.2905455486054656],5284.837291730568,-11774.723842668654,0.2905455486054656,3
13.114814,"Field2d",[5284.858951106873; -11774.739218924467; 0.2905455486054656],5284.858951106873,-11774.739218924467,0.2905455486054656,3
13.119071,"Field2d",[5284.846787013837; -11774.734750371248; 0.2905455486054656],5284.846787013837,-11774.734750371248,0.2905455486054656,3
13.123151,"Field2d",[5284.840146909876; -11774.733314910274; 0.2905455486054656],5284.840146909876,-11774.733314910274,0.2905455486054656,3
13.126704,"Field2d",[5284.835505836849; -11774.7327684705; 0.2905455486054656],5284.835505836849,-11774.7327684705,0.2905455486054656,3
13.130439,"Field2d",[5284.849609863432; -11774.747859491024; 0.2905455486054656],5284.849609863432,-11774.747859491024,0.2905455486054656,3
13.134235,"Field2d",[5284.852601406066; -11774.749644102256; 0.2905455486054656],5284.852601406066,-11774.749644102256,0.2905455486054656,3
13.139173,"Field2d",[5284.849890358816; -11774.75487925467; 0.2905455486054656],5284.849890358816,-11774.75487925467,0.2905455486054656,3
13.143058,"Field2d",[5284.830881259942; -11774.752563439239; 0.2905455486054656],5284.830881259942,-11774.752563439239,0.2905455486054656,3
13.146292,"Field2d",[5284.851234632299; -11774.767742053364; 0.2905455486054656],5284.851234632299,-11774.767742053364,0.2905455486054656,3
13.151431,"Field2d",[5284.84418024022; -11774.770498013691; 0.2905455486054656],5284.84418024022,-11774.770498013691,0.2905455486054656,3
13.15489,"Field2d",[5284.840812299175; -11774.769091669525; 0.2905455486054656],5284.840812299175,-11774.769091669525,0.2905455486054656,3
13.159583,"Field2d",[5284.849013636375; -11774.774709262296; 0.2905455486054656],5284.849013636375,-11774.774709262296,0.2905455486054656,3
13.163741,"Field2d",[5284.849781046512; -11774.775257275342; 0.2905455486054656],5284.849781046512,-11774.775257275342,0.2905455486054656,3
13.167534,"Field2d",[5284.842301071408; -11774.778019266565; 0.2905455486054656],5284.842301071408,-11774.778019266565,0.2905455486054656,3
13.170531,"Field2d",[5284.841123882078; -11774.777461799224; 0.2905455486054656],5284.841123882078,-11774.777461799224,0.2905455486054656,3
13.175644,"Field2d",[5284.835195812743; -11774.775518275623; 0.2905455486054656],5284.835195812743,-11774.775518275623,0.2905455486054656,3
13.179181,"Field2d",[5284.8307143773145; -11774.77450413009; 0.2905455486054656],5284.8307143773145,-11774.77450413009,0.2905455486054656,3
13.184246,"Field2d",[5284.840720893333; -11774.779340056371; 0.2905455486054656],5284.840720893333,-11774.779340056371,0.2905455486054656,3
13.187121,"Field2d",[5284.827698199486; -11774.77698195708; 0.2905455486054656],5284.827698199486,-11774.77698195708,0.2905455486054656,3
13.190674,"Field2d",[5284.82841972318; -11774.783232596612; 0.2905455486054656],5284.82841972318,-11774.783232596612,0.2905455486054656,3
13.195826,"Field2d",[5284.955443366757; -11774.65523871949; 0.2905455486054656],5284.955443366757,-11774.65523871949,0.2905455486054656,3
13.198891,"Field2d",[5284.814887089917; -11774.578412074063; 0.2905455486054656],5284.814887089917,-11774.578412074063,0.2905455486054656,3
13.203544,"Field2d",[5284.818253225261; -11774.581057024805; 0.2905455486054656],5284.818253225261,-11774.581057024805,0.2905455486054656,3
13.207006,"Field2d",[5284.812111881431; -11774.57754660671; 0.2905455486054656],5284.812111881431,-11774.57754660671,0.2905455486054656,3
13.21215,"Field2d",[5284.797031327217; -11774.574425691104; 0.2905455486054656],5284.797031327217,-11774.574425691104,0.2905455486054656,3
13.215006,"Field2d",[5284.800968262612; -11774.584763997293; 0.2905455486054656],5284.800968262612,-11774.584763997293,0.2905455486054656,3
13.218417,"Field2d",[5284.794365280182; -11774.583032916793; 0.2905455486054656],5284.794365280182,-11774.583032916793,0.2905455486054656,3
13.223158,"Field2d",[5284.779423238936; -11774.583745703278; 0.2905455486054656],5284.779423238936,-11774.583745703278,0.2905455486054656,3
13.226342,"Field2d",[5284.788366665344; -11774.584982049379; 0.2905455486054656],5284.788366665344,-11774.584982049379,0.2905455486054656,3
13.231088,"Field2d",[5284.808952170814; -11774.601607390132; 0.2905455486054656],5284.808952170814,-11774.601607390132,0.2905455486054656,3
13.234532,"Field2d",[5284.791063639302; -11774.595824240565; 0.2905455486054656],5284.791063639302,-11774.595824240565,0.2905455486054656,3
13.239569,"Field2d",[5284.786228027361; -11774.600654284284; 0.2905455486054656],5284.786228027361,-11774.600654284284,0.2905455486054656,3
13.243743,"Field2d",[5284.781810052109; -11774.599921188112; 0.2905455486054656],5284.781810052109,-11774.599921188112,0.2905455486054656,3
13.246755,"Field2d",[5284.783260628191; -11774.6064018939; 0.2905455486054656],5284.783260628191,-11774.6064018939,0.2905455486054656,3
13.250283,"Field2d",[5284.79262836015; -11774.616757733389; 0.2905455486054656],5284.79262836015,-11774.616757733389,0.2905455486054656,3
13.255401,"Field2d",[5284.794622969635; -11774.618339291972; 0.2905455486054656],5284.794622969635,-11774.618339291972,0.2905455486054656,3
13.258912,"Field2d",[5284.779200443443; -11774.613009323046; 0.2905455486054656],5284.779200443443,-11774.613009323046,0.2905455486054656,3
13.262425,"Field2d",[5284.775285763004; -11774.612010251049; 0.2905455486054656],5284.775285763004,-11774.612010251049,0.2905455486054656,3
13.267212,"Field2d",[5284.790589403947; -11774.623442641578; 0.2905455486054656],5284.790589403947,-11774.623442641578,0.2905455486054656,3
13.272199,"Field2d",[5284.769568288423; -11774.619145241633; 0.2905455486054656],5284.769568288423,-11774.619145241633,0.2905455486054656,3
13.275035,"Field2d",[5284.775984652209; -11774.628251933895; 0.2905455486054656],5284.775984652209,-11774.628251933895,0.2905455486054656,3
13.278374,"Field2d",[5284.768192674545; -11774.626083179593; 0.2905455486054656],5284.768192674545,-11774.626083179593,0.2905455486054656,3
13.282832,"Field2d",[5284.782856689498; -11774.637352788068; 0.2905455486054656],5284.782856689498,-11774.637352788068,0.2905455486054656,3
13.286883,"Field2d",[5284.783380308879; -11774.637766830832; 0.2905455486054656],5284.783380308879,-11774.637766830832,0.2905455486054656,3
13.290956,"Field2d",[5284.776780080218; -11774.634042788175; 0.2905455486054656],5284.776780080218,-11774.634042788175,0.2905455486054656,3
13.294823,"Field2d",[5284.77681423148; -11774.634062202424; 0.2905455486054656],5284.77681423148,-11774.634062202424,0.2905455486054656,3
13.299227,"Field2d",[5284.757928506136; -11774.632712049115; 0.2905455486054656],5284.757928506136,-11774.632712049115,0.2905455486054656,3
13.302947,"Field2d",[5284.777275031555; -11774.658371979169; 0.2905455486054656],5284.777275031555,-11774.658371979169,0.2905455486054656,3
13.30728,"Field2d",[5284.763308047668; -11774.65215014114; 0.2905455486054656],5284.763308047668,-11774.65215014114,0.2905455486054656,3
13.311545,"Field2d",[5284.761289352987; -11774.660042603662; 0.2905455486054656],5284.761289352987,-11774.660042603662,0.2905455486054656,3
13.314919,"Field2d",[5284.7695792225595; -11774.666699342932; 0.2905455486054656],5284.7695792225595,-11774.666699342932,0.2905455486054656,3
13.318448,"Field2d",[5284.767406904962; -11774.672247870436; 0.2905455486054656],5284.767406904962,-11774.672247870436,0.2905455486054656,3
13.323418,"Field2d",[5284.759676967221; -11774.66796736235; 0.2905455486054656],5284.759676967221,-11774.66796736235,0.2905455486054656,3
13.327423,"Field2d",[5284.746604476969; -11774.664887118135; 0.2905455486054656],5284.746604476969,-11774.664887118135,0.2905455486054656,3
13.330493,"Field2d",[5284.750013594116; -11774.665958880412; 0.2905455486054656],5284.750013594116,-11774.665958880412,0.2905455486054656,3
13.335649,"Field2d",[5284.74755778253; -11774.665455092749; 0.2905455486054656],5284.74755778253,-11774.665455092749,0.2905455486054656,3
13.339665,"Field2d",[5284.751273413724; -11774.675458181044; 0.2905455486054656],5284.751273413724,-11774.675458181044,0.2905455486054656,3
13.343909,"Field2d",[5284.751407473392; -11774.675526197145; 0.2905455486054656],5284.751407473392,-11774.675526197145,0.2905455486054656,3
13.347113,"Field2d",[5284.741308352404; -11774.6739730485; 0.2905455486054656],5284.741308352404,-11774.6739730485,0.2905455486054656,3
13.350712,"Field2d",[5284.747783812626; -11774.675911937487; 0.2905455486054656],5284.747783812626,-11774.675911937487,0.2905455486054656,3
13.354325,"Field2d",[5284.746112092445; -11774.67551549277; 0.2905455486054656],5284.746112092445,-11774.67551549277,0.2905455486054656,3
13.358414,"Field2d",[5284.758940131275; -11774.693326182025; 0.2905455486054656],5284.758940131275,-11774.693326182025,0.2905455486054656,3
13.363396,"Field2d",[5284.741186031267; -11774.688115256593; 0.2905455486054656],5284.741186031267,-11774.688115256593,0.2905455486054656,3
13.366363,"Field2d",[5284.741786439292; -11774.68830109938; 0.2905455486054656],5284.741786439292,-11774.68830109938,0.2905455486054656,3
13.372024,"Field2d",[5284.744290848974; -11774.689230253178; 0.2905455486054656],5284.744290848974,-11774.689230253178,0.2905455486054656,3
13.376042,"Field2d",[5284.731402417896; -11774.688496358407; 0.2905455486054656],5284.731402417896,-11774.688496358407,0.2905455486054656,3
13.380123,"Field2d",[5284.819372331561; -11774.733024629482; 0.2905455486054656],5284.819372331561,-11774.733024629482,0.2905455486054656,3
13.38343,"Field2d",[5284.768711457511; -11774.687772837206; 0.2905455486054656],5284.768711457511,-11774.687772837206,0.2905455486054656,3
13.386376,"Field2d",[5284.758330590364; -11774.682273625769; 0.2905455486054656],5284.758330590364,-11774.682273625769,0.2905455486054656,3
13.391141,"Field2d",[5284.7611230513885; -11774.691656100806; 0.2905455486054656],5284.7611230513885,-11774.691656100806,0.2905455486054656,3
13.394337,"Field2d",[5284.756285102455; -11774.688927253685; 0.2905455486054656],5284.756285102455,-11774.688927253685,0.2905455486054656,3
13.398554,"Field2d",[5284.740605123314; -11774.691542970118; 0.2905455486054656],5284.740605123314,-11774.691542970118,0.2905455486054656,3
13.403926,"Field2d",[5284.747291376373; -11774.698986718135; 0.2905455486054656],5284.747291376373,-11774.698986718135,0.2905455486054656,3
13.406919,"Field2d",[5284.753999832779; -11774.703585254816; 0.2905455486054656],5284.753999832779,-11774.703585254816,0.2905455486054656,3
13.410299,"Field2d",[5284.732156213724; -11774.70044134326; 0.2905455486054656],5284.732156213724,-11774.70044134326,0.2905455486054656,3
13.416196,"Field2d",[5284.747215048307; -11774.70849659239; 0.2905455486054656],5284.747215048307,-11774.70849659239,0.2905455486054656,3
13.419042,"Field2d",[5284.726248606931; -11774.707218015576; 0.2905455486054656],5284.726248606931,-11774.707218015576,0.2905455486054656,3
13.424142,"Field2d",[5284.749405623433; -11774.725282795518; 0.2905455486054656],5284.749405623433,-11774.725282795518,0.2905455486054656,3
13.426361,"Field2d",[5284.74934365925; -11774.725234537416; 0.2905455486054656],5284.74934365925,-11774.725234537416,0.2905455486054656,3
13.431015,"Field2d",[5284.747014300397; -11774.723631977982; 0.2905455486054656],5284.747014300397,-11774.723631977982,0.2905455486054656,3
13.436162,"Field2d",[5284.733868085169; -11774.727365386147; 0.2905455486054656],5284.733868085169,-11774.727365386147,0.2905455486054656,3
13.439114,"Field2d",[5284.740100523978; -11774.730788750247; 0.2905455486054656],5284.740100523978,-11774.730788750247,0.2905455486054656,3
13.443708,"Field2d",[5284.785951634158; -11774.627453666008; 0.2905455486054656],5284.785951634158,-11774.627453666008,0.2905455486054656,3
13.447151,"Field2d",[5284.655431111768; -11774.622553378107; 0.2905455486054656],5284.655431111768,-11774.622553378107,0.2905455486054656,3
13.450985,"Field2d",[5284.6597012532875; -11774.629263813898; 0.2905455486054656],5284.6597012532875,-11774.629263813898,0.2905455486054656,3
13.454786,"Field2d",[5284.67735112993; -11774.642126620402; 0.2905455486054656],5284.67735112993,-11774.642126620402,0.2905455486054656,3
13.458376,"Field2d",[5284.674315015313; -11774.640242160847; 0.2905455486054656],5284.674315015313,-11774.640242160847,0.2905455486054656,3
13.462872,"Field2d",[5284.664711715411; -11774.636775607552; 0.2905455486054656],5284.664711715411,-11774.636775607552,0.2905455486054656,3
13.466522,"Field2d",[5284.665881980196; -11774.637233226405; 0.2905455486054656],5284.665881980196,-11774.637233226405,0.2905455486054656,3
13.47043,"Field2d",[5284.644075807372; -11774.638889396763; 0.2905455486054656],5284.644075807372,-11774.638889396763,0.2905455486054656,3
13.475689,"Field2d",[5284.665614721276; -11774.648147010272; 0.2905455486054656],5284.665614721276,-11774.648147010272,0.2905455486054656,3
13.47961,"Field2d",[5284.669449735121; -11774.650218448849; 0.2905455486054656],5284.669449735121,-11774.650218448849,0.2905455486054656,3
13.482598,"Field2d",[5284.663622716417; -11774.647976181557; 0.2905455486054656],5284.663622716417,-11774.647976181557,0.2905455486054656,3
13.487689,"Field2d",[5284.751781212533; -11774.43420975165; 0.2905455486054656],5284.751781212533,-11774.43420975165,0.2905455486054656,3
13.490767,"Field2d",[5284.532725859484; -11774.356328953943; 0.2905455486054656],5284.532725859484,-11774.356328953943,0.2905455486054656,3
13.495346,"Field2d",[5284.525828684901; -11774.355057111028; 0.2905455486054656],5284.525828684901,-11774.355057111028,0.2905455486054656,3
13.498466,"Field2d",[5284.532735592151; -11774.357438030498; 0.2905455486054656],5284.532735592151,-11774.357438030498,0.2905455486054656,3
13.503084,"Field2d",[5284.528933748496; -11774.35646136131; 0.2905455486054656],5284.528933748496,-11774.35646136131,0.2905455486054656,3
13.507434,"Field2d",[5284.536692970758; -11774.359982676495; 0.2905455486054656],5284.536692970758,-11774.359982676495,0.2905455486054656,3
13.511426,"Field2d",[5284.522441561028; -11774.35809512681; 0.2905455486054656],5284.522441561028,-11774.35809512681,0.2905455486054656,3
13.514961,"Field2d",[5284.526050836425; -11774.425631528884; 0.2905455486054656],5284.526050836425,-11774.425631528884,0.2905455486054656,3
13.518854,"Field2d",[5284.495948648439; -11774.399929407391; 0.2905455486054656],5284.495948648439,-11774.399929407391,0.2905455486054656,3
13.52297,"Field2d",[5284.46957212594; -11774.401551509856; 0.2905455486054656],5284.46957212594,-11774.401551509856,0.2905455486054656,3
13.526969,"Field2d",[5284.4846891043235; -11774.410481644161; 0.2905455486054656],5284.4846891043235,-11774.410481644161,0.2905455486054656,3
13.531785,"Field2d",[5284.486912511296; -11774.411960341953; 0.2905455486054656],5284.486912511296,-11774.411960341953,0.2905455486054656,3
13.53517,"Field2d",[5284.487456086289; -11774.412317605329; 0.2905455486054656],5284.487456086289,-11774.412317605329,0.2905455486054656,3
13.538226,"Field2d",[5284.489574637516; -11774.413878986074; 0.2905455486054656],5284.489574637516,-11774.413878986074,0.2905455486054656,3
13.542992,"Field2d",[5284.472554333918; -11774.409109267432; 0.2905455486054656],5284.472554333918,-11774.409109267432,0.2905455486054656,3
13.546586,"Field2d",[5284.468738275335; -11774.408361126323; 0.2905455486054656],5284.468738275335,-11774.408361126323,0.2905455486054656,3
13.551888,"Field2d",[5284.464323040272; -11774.407906098199; 0.2905455486054656],5284.464323040272,-11774.407906098199,0.2905455486054656,3
13.555365,"Field2d",[5284.328423571871; -11774.282332868132; 0.2905455486054656],5284.328423571871,-11774.282332868132,0.2905455486054656,3
13.558969,"Field2d",[5284.188454764596; -11774.216023873369; 0.2905455486054656],5284.188454764596,-11774.216023873369,0.2905455486054656,3
13.562538,"Field2d",[5284.194707399095; -11774.220578107208; 0.2905455486054656],5284.194707399095,-11774.220578107208,0.2905455486054656,3
13.567322,"Field2d",[5284.176368400718; -11774.21603840078; 0.2905455486054656],5284.176368400718,-11774.21603840078,0.2905455486054656,3
13.570677,"Field2d",[5284.186919708942; -11774.221627937462; 0.2905455486054656],5284.186919708942,-11774.221627937462,0.2905455486054656,3
13.574573,"Field2d",[5284.184277424904; -11774.227392057066; 0.2905455486054656],5284.184277424904,-11774.227392057066,0.2905455486054656,3
13.579641,"Field2d",[5284.183363982841; -11774.231353132547; 0.2905455486054656],5284.183363982841,-11774.231353132547,0.2905455486054656,3
13.582603,"Field2d",[5284.159661683697; -11774.23055950719; 0.2905455486054656],5284.159661683697,-11774.23055950719,0.2905455486054656,3
13.587569,"Field2d",[5284.176927255155; -11774.23832827395; 0.2905455486054656],5284.176927255155,-11774.23832827395,0.2905455486054656,3
13.590393,"Field2d",[5284.18114593225; -11774.240758029593; 0.2905455486054656],5284.18114593225,-11774.240758029593,0.2905455486054656,3
13.594342,"Field2d",[5284.1794578579; -11774.246592568166; 0.2905455486054656],5284.1794578579,-11774.246592568166,0.2905455486054656,3
13.599829,"Field2d",[5284.173107718471; -11774.24845154912; 0.2905455486054656],5284.173107718471,-11774.24845154912,0.2905455486054656,3
13.603355,"Field2d",[5284.159213517813; -11774.24728848545; 0.2905455486054656],5284.159213517813,-11774.24728848545,0.2905455486054656,3
13.606938,"Field2d",[5284.165806022735; -11774.25539342688; 0.2905455486054656],5284.165806022735,-11774.25539342688,0.2905455486054656,3
13.610369,"Field2d",[5284.176388197068; -11774.2620260533; 0.2905455486054656],5284.176388197068,-11774.2620260533,0.2905455486054656,3
13.615414,"Field2d",[5284.1615236425305; -11774.25839857774; 0.2905455486054656],5284.1615236425305,-11774.25839857774,0.2905455486054656,3
13.618905,"Field2d",[5284.155221333277; -11774.263457490675; 0.2905455486054656],5284.155221333277,-11774.263457490675,0.2905455486054656,3
13.623522,"Field2d",[5284.144717593345; -11774.264211692129; 0.2905455486054656],5284.144717593345,-11774.264211692129,0.2905455486054656,3
13.626894,"Field2d",[5284.152698202315; -11774.26496962697; 0.2905455486054656],5284.152698202315,-11774.26496962697,0.2905455486054656,3
13.630988,"Field2d",[5284.162531022913; -11774.278002553423; 0.2905455486054656],5284.162531022913,-11774.278002553423,0.2905455486054656,3
13.634448,"Field2d",[5284.170615982326; -11774.283113490199; 0.2905455486054656],5284.170615982326,-11774.283113490199,0.2905455486054656,3
13.638482,"Field2d",[5284.158977810631; -11774.279382574117; 0.2905455486054656],5284.158977810631,-11774.279382574117,0.2905455486054656,3
13.642759,"Field2d",[5284.142795089958; -11774.279724431011; 0.2905455486054656],5284.142795089958,-11774.279724431011,0.2905455486054656,3
13.64723,"Field2d",[5284.165881367028; -11774.293095364732; 0.2905455486054656],5284.165881367028,-11774.293095364732,0.2905455486054656,3
13.651105,"Field2d",[5284.1674759172; -11774.29410300508; 0.2905455486054656],5284.1674759172,-11774.29410300508,0.2905455486054656,3
13.654984,"Field2d",[5284.162897507976; -11774.297999951616; 0.2905455486054656],5284.162897507976,-11774.297999951616,0.2905455486054656,3
13.659227,"Field2d",[5284.158994078801; -11774.296254870029; 0.2905455486054656],5284.158994078801,-11774.296254870029,0.2905455486054656,3
13.662351,"Field2d",[5284.162667433004; -11774.298292680032; 0.2905455486054656],5284.162667433004,-11774.298292680032,0.2905455486054656,3
13.666915,"Field2d",[5284.155162538058; -11774.29561099063; 0.2905455486054656],5284.155162538058,-11774.29561099063,0.2905455486054656,3
13.671698,"Field2d",[5284.146724316471; -11774.294180959481; 0.2905455486054656],5284.146724316471,-11774.294180959481,0.2905455486054656,3
13.67519,"Field2d",[5284.163706664014; -11774.306993646407; 0.2905455486054656],5284.163706664014,-11774.306993646407,0.2905455486054656,3
13.67817,"Field2d",[5284.15577803766; -11774.303019530018; 0.2905455486054656],5284.15577803766,-11774.303019530018,0.2905455486054656,3
13.683073,"Field2d",[5284.146505703116; -11774.30047732012; 0.2905455486054656],5284.146505703116,-11774.30047732012,0.2905455486054656,3
13.686917,"Field2d",[5284.15191950868; -11774.302686513718; 0.2905455486054656],5284.15191950868,-11774.302686513718,0.2905455486054656,3
13.691176,"Field2d",[5284.144033431717; -11774.300908519705; 0.2905455486054656],5284.144033431717,-11774.300908519705,0.2905455486054656,3
13.694454,"Field2d",[5284.138258659402; -11774.3002954579; 0.2905455486054656],5284.138258659402,-11774.3002954579,0.2905455486054656,3
13.698527,"Field2d",[5284.132055916307; -11774.300426560434; 0.2905455486054656],5284.132055916307,-11774.300426560434,0.2905455486054656,3
13.702793,"Field2d",[5284.155954837602; -11774.31523472018; 0.2905455486054656],5284.155954837602,-11774.31523472018,0.2905455486054656,3
13.706386,"Field2d",[5284.152606918727; -11774.313502336418; 0.2905455486054656],5284.152606918727,-11774.313502336418,0.2905455486054656,3
13.710895,"Field2d",[5284.141598035011; -11774.310748955038; 0.2905455486054656],5284.141598035011,-11774.310748955038,0.2905455486054656,3
13.714392,"Field2d",[5284.131125710418; -11774.310709064546; 0.2905455486054656],5284.131125710418,-11774.310709064546,0.2905455486054656,3
13.719438,"Field2d",[5284.154131776025; -11774.325118139392; 0.2905455486054656],5284.154131776025,-11774.325118139392,0.2905455486054656,3
13.723082,"Field2d",[5284.156894349708; -11774.327130472586; 0.2905455486054656],5284.156894349708,-11774.327130472586,0.2905455486054656,3
13.727268,"Field2d",[5284.152351408631; -11774.331213392843; 0.2905455486054656],5284.152351408631,-11774.331213392843,0.2905455486054656,3
13.730903,"Field2d",[5284.144968203586; -11774.32808573532; 0.2905455486054656],5284.144968203586,-11774.32808573532,0.2905455486054656,3
13.734332,"Field2d",[5284.153216971437; -11774.333805579276; 0.2905455486054656],5284.153216971437,-11774.333805579276,0.2905455486054656,3
13.738497,"Field2d",[5284.130331024505; -11774.33073683963; 0.2905455486054656],5284.130331024505,-11774.33073683963,0.2905455486054656,3
13.742489,"Field2d",[5284.148330819195; -11774.342315169353; 0.2905455486054656],5284.148330819195,-11774.342315169353,0.2905455486054656,3
13.746593,"Field2d",[5284.149750042863; -11774.34330075658; 0.2905455486054656],5284.149750042863,-11774.34330075658,0.2905455486054656,3
13.751271,"Field2d",[5284.1222876336515; -11774.342091038468; 0.2905455486054656],5284.1222876336515,-11774.342091038468,0.2905455486054656,3
13.754455,"Field2d",[5284.133222926198; -11774.345355828478; 0.2905455486054656],5284.133222926198,-11774.345355828478,0.2905455486054656,3
13.759716,"Field2d",[5284.14394074211; -11774.181403204246; 0.2905455486054656],5284.14394074211,-11774.181403204246,0.2905455486054656,3
13.762495,"Field2d",[5283.966850485562; -11774.192421635644; 0.2905455486054656],5283.966850485562,-11774.192421635644,0.2905455486054656,3
13.767091,"Field2d",[5283.993919917524; -11774.21167564705; 0.2905455486054656],5283.993919917524,-11774.21167564705,0.2905455486054656,3
13.771623,"Field2d",[5283.982085066528; -11774.207230611853; 0.2905455486054656],5283.982085066528,-11774.207230611853,0.2905455486054656,3
13.775152,"Field2d",[5283.979700386484; -11774.206476828824; 0.2905455486054656],5283.979700386484,-11774.206476828824,0.2905455486054656,3
13.779668,"Field2d",[5283.979333549332; -11774.156102930936; 0.2905455486054656],5283.979333549332,-11774.156102930936,0.2905455486054656,3
13.783186,"Field2d",[5283.943887747897; -11774.136848325334; 0.2905455486054656],5283.943887747897,-11774.136848325334,0.2905455486054656,3
13.786173,"Field2d",[5283.93477752179; -11774.134008736695; 0.2905455486054656],5283.93477752179,-11774.134008736695,0.2905455486054656,3
13.790286,"Field2d",[5283.938491035239; -11774.135510089112; 0.2905455486054656],5283.938491035239,-11774.135510089112,0.2905455486054656,3
13.795938,"Field2d",[5283.9504066293375; -11774.145487098865; 0.2905455486054656],5283.9504066293375,-11774.145487098865,0.2905455486054656,3
13.799068,"Field2d",[5283.947405297242; -11774.143337747088; 0.2905455486054656],5283.947405297242,-11774.143337747088,0.2905455486054656,3
13.803562,"Field2d",[5283.925192133182; -11774.139738504813; 0.2905455486054656],5283.925192133182,-11774.139738504813,0.2905455486054656,3
13.806525,"Field2d",[5283.943487425514; -11774.152840438066; 0.2905455486054656],5283.943487425514,-11774.152840438066,0.2905455486054656,3
13.810962,"Field2d",[5283.920483629478; -11774.149473179235; 0.2905455486054656],5283.920483629478,-11774.149473179235,0.2905455486054656,3
13.81519,"Field2d",[5283.936683302751; -11774.158906915769; 0.2905455486054656],5283.936683302751,-11774.158906915769,0.2905455486054656,3
13.820141,"Field2d",[5283.942775770335; -11774.163925385117; 0.2905455486054656],5283.942775770335,-11774.163925385117,0.2905455486054656,3
13.823089,"Field2d",[5283.929629989088; -11774.15841256322; 0.2905455486054656],5283.929629989088,-11774.15841256322,0.2905455486054656,3
13.826754,"Field2d",[5283.933317592834; -11774.160343549558; 0.2905455486054656],5283.933317592834,-11774.160343549558,0.2905455486054656,3
13.831797,"Field2d",[5283.923726212487; -11774.157605597995; 0.2905455486054656],5283.923726212487,-11774.157605597995,0.2905455486054656,3
13.834815,"Field2d",[5283.919151674223; -11774.156780437133; 0.2905455486054656],5283.919151674223,-11774.156780437133,0.2905455486054656,3
13.839795,"Field2d",[5283.98209251562; -11774.123247843316; 0.2905455486054656],5283.98209251562,-11774.123247843316,0.2905455486054656,3
13.842992,"Field2d",[5283.901415760983; -11774.108388864548; 0.2905455486054656],5283.901415760983,-11774.108388864548,0.2905455486054656,3
13.846394,"Field2d",[5283.912413935984; -11774.113422958064; 0.2905455486054656],5283.912413935984,-11774.113422958064,0.2905455486054656,3
13.851204,"Field2d",[5283.907189322833; -11774.111710914398; 0.2905455486054656],5283.907189322833,-11774.111710914398,0.2905455486054656,3
13.854159,"Field2d",[5283.890543266336; -11774.112116155171; 0.2905455486054656],5283.890543266336,-11774.112116155171,0.2905455486054656,3
13.859134,"Field2d",[5283.916080985759; -11774.130749156826; 0.2905455486054656],5283.916080985759,-11774.130749156826,0.2905455486054656,3
13.862811,"Field2d",[5283.906371708292; -11774.12649247459; 0.2905455486054656],5283.906371708292,-11774.12649247459,0.2905455486054656,3
13.866296,"Field2d",[5283.9009657729985; -11774.124835849576; 0.2905455486054656],5283.9009657729985,-11774.124835849576,0.2905455486054656,3
13.870429,"Field2d",[5283.90573240506; -11774.126870958522; 0.2905455486054656],5283.90573240506,-11774.126870958522,0.2905455486054656,3
13.874849,"Field2d",[5283.908810190581; -11774.12840766327; 0.2905455486054656],5283.908810190581,-11774.12840766327,0.2905455486054656,3
13.878414,"Field2d",[5283.912866893538; -11774.130957605194; 0.2905455486054656],5283.912866893538,-11774.130957605194,0.2905455486054656,3
13.882876,"Field2d",[5283.8877177617605; -11774.129809316491; 0.2905455486054656],5283.8877177617605,-11774.129809316491,0.2905455486054656,3
13.887438,"Field2d",[5283.9055539668625; -11774.148307406691; 0.2905455486054656],5283.9055539668625,-11774.148307406691,0.2905455486054656,3
13.890455,"Field2d",[5283.900685294191; -11774.145937630892; 0.2905455486054656],5283.900685294191,-11774.145937630892,0.2905455486054656,3
13.895831,"Field2d",[5283.905222610062; -11774.148702774632; 0.2905455486054656],5283.905222610062,-11774.148702774632,0.2905455486054656,3
13.898468,"Field2d",[5283.914043754862; -11774.157874124705; 0.2905455486054656],5283.914043754862,-11774.157874124705,0.2905455486054656,3
13.903858,"Field2d",[5283.9078675278615; -11774.153213928314; 0.2905455486054656],5283.9078675278615,-11774.153213928314,0.2905455486054656,3
13.906924,"Field2d",[5283.876253077848; -11774.15324606034; 0.2905455486054656],5283.876253077848,-11774.15324606034,0.2905455486054656,3
13.911161,"Field2d",[5283.8856523094955; -11774.155104650077; 0.2905455486054656],5283.8856523094955,-11774.155104650077,0.2905455486054656,3
13.915713,"Field2d",[5283.970461282455; -11773.932370026183; 0.2905455486054656],5283.970461282455,-11773.932370026183,0.2905455486054656,3
13.918527,"Field2d",[5283.741365199387; -11773.875657406854; 0.2905455486054656],5283.741365199387,-11773.875657406854,0.2905455486054656,3
13.923145,"Field2d",[5283.73318082987; -11773.875045921683; 0.2905455486054656],5283.73318082987,-11773.875045921683,0.2905455486054656,3
13.926619,"Field2d",[5283.735581547409; -11773.88142069824; 0.2905455486054656],5283.735581547409,-11773.88142069824,0.2905455486054656,3
13.931229,"Field2d",[5283.748025038804; -11773.893389955672; 0.2905455486054656],5283.748025038804,-11773.893389955672,0.2905455486054656,3
13.934364,"Field2d",[5283.735571086824; -11773.893811870823; 0.2905455486054656],5283.735571086824,-11773.893811870823,0.2905455486054656,3
13.938825,"Field2d",[5283.743474867512; -11773.897849693494; 0.2905455486054656],5283.743474867512,-11773.897849693494,0.2905455486054656,3
13.942436,"Field2d",[5283.743369654561; -11773.897796708769; 0.2905455486054656],5283.743369654561,-11773.897796708769,0.2905455486054656,3
13.947413,"Field2d",[5283.724501162049; -11773.896310566633; 0.2905455486054656],5283.724501162049,-11773.896310566633,0.2905455486054656,3
13.950374,"Field2d",[5283.7392167410235; -11773.910937719314; 0.2905455486054656],5283.7392167410235,-11773.910937719314,0.2905455486054656,3
13.955475,"Field2d",[5283.740466611818; -11773.911661587137; 0.2905455486054656],5283.740466611818,-11773.911661587137,0.2905455486054656,3
13.958454,"Field2d",[5283.723999999365; -11773.908720954743; 0.2905455486054656],5283.723999999365,-11773.908720954743,0.2905455486054656,3
13.962584,"Field2d",[5283.731827513209; -11773.911553611037; 0.2905455486054656],5283.731827513209,-11773.911553611037,0.2905455486054656,3
13.966711,"Field2d",[5283.735193401515; -11773.913068201478; 0.2905455486054656],5283.735193401515,-11773.913068201478,0.2905455486054656,3
13.970877,"Field2d",[5283.741892240697; -11773.917531250561; 0.2905455486054656],5283.741892240697,-11773.917531250561,0.2905455486054656,3
13.974349,"Field2d",[5283.730642642696; -11773.91356214558; 0.2905455486054656],5283.730642642696,-11773.91356214558,0.2905455486054656,3
13.978934,"Field2d",[5283.7189176799; -11773.912410518307; 0.2905455486054656],5283.7189176799,-11773.912410518307,0.2905455486054656,3
13.982953,"Field2d",[5283.740957666415; -11773.930123020617; 0.2905455486054656],5283.740957666415,-11773.930123020617,0.2905455486054656,3
13.987463,"Field2d",[5283.729160593865; -11773.92495110538; 0.2905455486054656],5283.729160593865,-11773.92495110538,0.2905455486054656,3
13.990548,"Field2d",[5283.732453092401; -11773.92670555854; 0.2905455486054656],5283.732453092401,-11773.92670555854,0.2905455486054656,3
13.995554,"Field2d",[5283.714740666253; -11773.924504413517; 0.2905455486054656],5283.714740666253,-11773.924504413517,0.2905455486054656,3
13.998995,"Field2d",[5283.734864912553; -11773.939361425177; 0.2905455486054656],5283.734864912553,-11773.939361425177,0.2905455486054656,3
14.004183,"Field2d",[5283.733005074646; -11773.938115989442; 0.2905455486054656],5283.733005074646,-11773.938115989442,0.2905455486054656,3
14.007597,"Field2d",[5283.714380619887; -11773.939989478537; 0.2905455486054656],5283.714380619887,-11773.939989478537,0.2905455486054656,3
14.010435,"Field2d",[5283.721775815145; -11773.943069789191; 0.2905455486054656],5283.721775815145,-11773.943069789191,0.2905455486054656,3
14.015553,"Field2d",[5283.7175941899695; -11773.94170337549; 0.2905455486054656],5283.7175941899695,-11773.94170337549,0.2905455486054656,3
14.018207,"Field2d",[5283.714215462464; -11773.949091899212; 0.2905455486054656],5283.714215462464,-11773.949091899212,0.2905455486054656,3
14.023356,"Field2d",[5283.7038770085055; -11773.950381979801; 0.2905455486054656],5283.7038770085055,-11773.950381979801,0.2905455486054656,3
14.026543,"Field2d",[5283.709690927049; -11773.951551062268; 0.2905455486054656],5283.709690927049,-11773.951551062268,0.2905455486054656,3
14.03118,"Field2d",[5283.715461586969; -11773.95348334268; 0.2905455486054656],5283.715461586969,-11773.95348334268,0.2905455486054656,3
14.035406,"Field2d",[5283.697577374989; -11773.954264332382; 0.2905455486054656],5283.697577374989,-11773.954264332382,0.2905455486054656,3
14.03896,"Field2d",[5283.724789654338; -11773.9755631074; 0.2905455486054656],5283.724789654338,-11773.9755631074,0.2905455486054656,3
14.044031,"Field2d",[5283.708752133747; -11773.970279284154; 0.2905455486054656],5283.708752133747,-11773.970279284154,0.2905455486054656,3
14.047481,"Field2d",[5283.6992418382415; -11773.96911291353; 0.2905455486054656],5283.6992418382415,-11773.96911291353,0.2905455486054656,3
14.050398,"Field2d",[5283.709342758802; -11773.972704164906; 0.2905455486054656],5283.709342758802,-11773.972704164906,0.2905455486054656,3
14.054856,"Field2d",[5283.720162006642; -11773.980307977326; 0.2905455486054656],5283.720162006642,-11773.980307977326,0.2905455486054656,3
14.058467,"Field2d",[5283.718374811999; -11773.97916470024; 0.2905455486054656],5283.718374811999,-11773.97916470024,0.2905455486054656,3
14.063216,"Field2d",[5283.724050541226; -11773.984187123615; 0.2905455486054656],5283.724050541226,-11773.984187123615,0.2905455486054656,3
14.066342,"Field2d",[5283.701643750626; -11773.986686803226; 0.2905455486054656],5283.701643750626,-11773.986686803226,0.2905455486054656,3
14.070917,"Field2d",[5283.713956764313; -11773.994253137202; 0.2905455486054656],5283.713956764313,-11773.994253137202,0.2905455486054656,3
14.074567,"Field2d",[5283.71556155012; -11773.995328337744; 0.2905455486054656],5283.71556155012,-11773.995328337744,0.2905455486054656,3
14.078211,"Field2d",[5283.692136734775; -11773.992799069905; 0.2905455486054656],5283.692136734775,-11773.992799069905,0.2905455486054656,3
14.08359,"Field2d",[5283.689666832513; -11773.992658533234; 0.2905455486054656],5283.689666832513,-11773.992658533234,0.2905455486054656,3
14.08639,"Field2d",[5283.690137004159; -11773.992689864917; 0.2905455486054656],5283.690137004159,-11773.992689864917,0.2905455486054656,3
14.090678,"Field2d",[5283.69777062581; -11774.003448280844; 0.2905455486054656],5283.69777062581,-11774.003448280844,0.2905455486054656,3
14.094311,"Field2d",[5283.713120986506; -11774.016726487205; 0.2905455486054656],5283.713120986506,-11774.016726487205,0.2905455486054656,3
14.098378,"Field2d",[5283.711265492801; -11774.015274211182; 0.2905455486054656],5283.711265492801,-11774.015274211182,0.2905455486054656,3
14.103509,"Field2d",[5283.691080903714; -11773.87172576828; 0.2905455486054656],5283.691080903714,-11773.87172576828,0.2905455486054656,3
14.106899,"Field2d",[5283.5215593744215; -11773.858977840166; 0.2905455486054656],5283.5215593744215,-11773.858977840166,0.2905455486054656,3
14.111539,"Field2d",[5283.546334310443; -11773.885111378622; 0.2905455486054656],5283.546334310443,-11773.885111378622,0.2905455486054656,3
14.114461,"Field2d",[5283.536763074795; -11773.878867357618; 0.2905455486054656],5283.536763074795,-11773.878867357618,0.2905455486054656,3
14.118964,"Field2d",[5283.520379947826; -11773.874978823296; 0.2905455486054656],5283.520379947826,-11773.874978823296,0.2905455486054656,3
14.123629,"Field2d",[5283.525303689498; -11773.876720581362; 0.2905455486054656],5283.525303689498,-11773.876720581362,0.2905455486054656,3
14.126464,"Field2d",[5283.534331685015; -11773.882354713034; 0.2905455486054656],5283.534331685015,-11773.882354713034,0.2905455486054656,3
14.131684,"Field2d",[5283.530844068634; -11773.88055004176; 0.2905455486054656],5283.530844068634,-11773.88055004176,0.2905455486054656,3
14.134888,"Field2d",[5283.525827547953; -11773.8786012518; 0.2905455345610191],5283.525827547953,-11773.8786012518,0.2905455345610191,3
14.139881,"Field2d",[5283.541136981125; -11773.91424824639; 0.2905455177213188],5283.541136981125,-11773.91424824639,0.2905455177213188,3
14.143025,"Field2d",[5283.4955562873565; -11773.904509230651; 0.29054553796986554],5283.4955562873565,-11773.904509230651,0.29054553796986554,3
14.146576,"Field2d",[5283.491032605921; -11773.903976577247; 0.29054553994699656],5283.491032605921,-11773.903976577247,0.29054553994699656,3
14.151644,"Field2d",[5283.512418832513; -11773.92130584888; 0.2905455454011498],5283.512418832513,-11773.92130584888,0.2905455454011498,3
14.155273,"Field2d",[5283.480270810794; -11773.92001948984; 0.29054554860546566],5283.480270810794,-11773.92001948984,0.29054554860546566,3
14.158302,"Field2d",[5283.490429575324; -11773.932257753146; 0.29054554860546566],5283.490429575324,-11773.932257753146,0.29054554860546566,3
14.162413,"Field2d",[5283.473427128922; -11773.932304974309; 0.29054554860546566],5283.473427128922,-11773.932304974309,0.29054554860546566,3
14.16655,"Field2d",[5283.477694356098; -11773.932672185696; 0.29054554860546566],5283.477694356098,-11773.932672185696,0.29054554860546566,3
14.171029,"Field2d",[5283.494840204163; -11773.941649875791; 0.29054554860546566],5283.494840204163,-11773.941649875791,0.29054554860546566,3
14.175257,"Field2d",[5283.469269874755; -11773.936785379074; 0.2905457212976147],5283.469269874755,-11773.936785379074,0.2905457212976147,3
14.179127,"Field2d",[5283.4730051201805; -11773.937809568028; 0.29054575027280716],5283.4730051201805,-11773.937809568028,0.29054575027280716,3
14.182279,"Field2d",[5283.482656210875; -11773.942992286582; 0.29054583140334717],5283.482656210875,-11773.942992286582,0.29054583140334717,3
14.186387,"Field2d",[5283.485217066752; -11773.944578923258; 0.2905458534244921],5283.485217066752,-11773.944578923258,0.2905458534244921,3
14.190962,"Field2d",[5283.480191840365; -11773.94221004922; 0.2905458128592219],5283.480191840365,-11773.94221004922,0.2905458128592219,3
14.194443,"Field2d",[5283.4669460788655; -11773.94462385594; 0.2905455627862653],5283.4669460788655,-11773.94462385594,0.2905455627862653,3
14.198574,"Field2d",[5283.464841183765; -11773.944186487619; 0.29054556960395844],5283.464841183765,-11773.944186487619,0.29054556960395844,3
14.203124,"Field2d",[5283.48326973715; -11773.959642284279; 0.29054555569586554],5283.48326973715,-11773.959642284279,0.29054555569586554,3
14.207604,"Field2d",[5283.471193341064; -11773.954161507923; 0.29054557901237327],5283.471193341064,-11773.954161507923,0.29054557901237327,3
14.210642,"Field2d",[5283.4712290363395; -11773.95417774235; 0.2905455791487274],5283.4712290363395,-11773.95417774235,0.2905455791487274,3
14.215143,"Field2d",[5283.450796162952; -11773.953869824865; 0.2905455486054657],5283.450796162952,-11773.953869824865,0.2905455486054657,3
14.218936,"Field2d",[5283.474474882192; -11773.970229545406; 0.2905455486054657],5283.474474882192,-11773.970229545406,0.2905455486054657,3
14.222844,"Field2d",[5283.449161022497; -11773.968092139738; 0.2905455486054657],5283.449161022497,-11773.968092139738,0.2905455486054657,3
14.226694,"Field2d",[5283.447081826969; -11773.968005610579; 0.2905455486054657],5283.447081826969,-11773.968005610579,0.2905455486054657,3
14.231434,"Field2d",[5283.46440733493; -11773.976003460732; 0.2905455486054657],5283.46440733493,-11773.976003460732,0.2905455486054657,3
14.234963,"Field2d",[5283.452714308652; -11773.974540748417; 0.2905455486054657],5283.452714308652,-11773.974540748417,0.2905455486054657,3
14.239417,"Field2d",[5283.472886205214; -11773.98950838078; 0.2905455486054657],5283.472886205214,-11773.98950838078,0.2905455486054657,3
14.242952,"Field2d",[5283.4665057117945; -11773.98610199619; 0.2905455486054657],5283.4665057117945,-11773.98610199619,0.2905455486054657,3
14.2464,"Field2d",[5283.445795398088; -11773.984738618929; 0.2905455486054657],5283.445795398088,-11773.984738618929,0.2905455486054657,3
14.250947,"Field2d",[5283.469205104542; -11774.003801080558; 0.2905455486054657],5283.469205104542,-11774.003801080558,0.2905455486054657,3
14.254419,"Field2d",[5283.458362547844; -11773.999005886744; 0.2905455486054657],5283.458362547844,-11773.999005886744,0.2905455486054657,3
14.259003,"Field2d",[5283.447362121707; -11773.996922529468; 0.2905455486054657],5283.447362121707,-11773.996922529468,0.2905455486054657,3
14.263689,"Field2d",[5283.528268824991; -11773.898241973555; 0.2905455486054657],5283.528268824991,-11773.898241973555,0.2905455486054657,3
14.267345,"Field2d",[5283.445636741846; -11773.829940139565; 0.2905455486054657],5283.445636741846,-11773.829940139565,0.2905455486054657,3
14.270864,"Field2d",[5283.441063337787; -11773.826956722603; 0.2905455486054657],5283.441063337787,-11773.826956722603,0.2905455486054657,3
14.275659,"Field2d",[5283.424899278429; -11773.8240977633; 0.2905455486054657],5283.424899278429,-11773.8240977633,0.2905455486054657,3
14.278844,"Field2d",[5283.440177526018; -11773.833244479238; 0.2905455486054657],5283.440177526018,-11773.833244479238,0.2905455486054657,3
14.282732,"Field2d",[5283.444523254748; -11773.836556515695; 0.2905455486054657],5283.444523254748,-11773.836556515695,0.2905455486054657,3
14.287458,"Field2d",[5283.452860477111; -11773.847990958187; 0.2905455486054657],5283.452860477111,-11773.847990958187,0.2905455486054657,3
14.290604,"Field2d",[5283.442259729462; -11773.848796156739; 0.2905455486054657],5283.442259729462,-11773.848796156739,0.2905455486054657,3
14.294566,"Field2d",[5283.428684028134; -11773.841844850087; 0.2905455486054657],5283.428684028134,-11773.841844850087,0.2905455486054657,3
14.299699,"Field2d",[5283.4279456078675; -11773.841472811044; 0.2905455486054657],5283.4279456078675,-11773.841472811044,0.2905455486054657,3
14.305278,"Field2d",[5283.365211972623; -11773.90740967073; 0.2905455486054657],5283.365211972623,-11773.90740967073,0.2905455486054657,3
14.306515,"Field2d",[5283.308526425666; -11773.854840371361; 0.2905455486054657],5283.308526425666,-11773.854840371361,0.2905455486054657,3
14.311049,"Field2d",[5283.316511181851; -11773.872041632683; 0.2905455486054657],5283.316511181851,-11773.872041632683,0.2905455486054657,3
14.314324,"Field2d",[5283.273111492424; -11773.862216320798; 0.2905455486054657],5283.273111492424,-11773.862216320798,0.2905455486054657,3
14.31936,"Field2d",[5283.238668574749; -11773.822587020362; 0.2905455486054657],5283.238668574749,-11773.822587020362,0.2905455486054657,3
14.323052,"Field2d",[5283.2034542005695; -11773.824298744406; 0.2905455486054657],5283.2034542005695,-11773.824298744406,0.2905455486054657,3
14.326667,"Field2d",[5283.19824340723; -11773.822672108474; 0.2905455486054657],5283.19824340723,-11773.822672108474,0.2905455486054657,3
14.330525,"Field2d",[5283.20234569813; -11773.831591634322; 0.2905455486054657],5283.20234569813,-11773.831591634322,0.2905455486054657,3
14.335745,"Field2d",[5283.198840881448; -11773.834333775056; 0.2905455486054657],5283.198840881448,-11773.834333775056,0.2905455486054657,3
14.338646,"Field2d",[5283.191215991489; -11773.831569197979; 0.2905455486054657],5283.191215991489,-11773.831569197979,0.2905455486054657,3
14.343472,"Field2d",[5283.17807543887; -11773.830534159797; 0.2905455486054657],5283.17807543887,-11773.830534159797,0.2905455486054657,3
14.347679,"Field2d",[5283.1949939518445; -11773.839065839931; 0.2905455486054657],5283.1949939518445,-11773.839065839931,0.2905455486054657,3
14.350559,"Field2d",[5283.174006915248; -11773.83829345135; 0.2905455486054657],5283.174006915248,-11773.83829345135,0.2905455486054657,3
14.355704,"Field2d",[5283.199043675143; -11773.860054115963; 0.2905455486054657],5283.199043675143,-11773.860054115963,0.2905455486054657,3
14.358494,"Field2d",[5283.189266464861; -11773.854854721554; 0.2905455486054657],5283.189266464861,-11773.854854721554,0.2905455486054657,3
14.363754,"Field2d",[5283.182961555602; -11773.8525442893; 0.2905455486054657],5283.182961555602,-11773.8525442893,0.2905455486054657,3
14.366515,"Field2d",[5283.173734735018; -11773.851056977335; 0.2905455486054657],5283.173734735018,-11773.851056977335,0.2905455486054657,3