Timestamp,NT:/Pose/.type,NT:/Pose/robotPose,NT:/Pose/robotPose/0,NT:/Pose/robotPose/1,NT:/Pose/robotPose/2,NT:/Pose/robotPose/length
15.276174,"Field2d",[0; 0; -0.29255889838956456],0,0,-0.29255889838956456,3
150.498418,"Field2d",[12.84576404494382; 2.8426516853932586; -3.141592653589793],12.84576404494382,2.8426516853932586,-3.141592653589793,3
150.509168,"Field2d",[12.84576404494382; 2.8426516853932586; 0.23062442407868183],12.84576404494382,2.8426516853932586,0.23062442407868183,3
150.517492,"Field2d",[12.84576404494382; 2.8426516853932586; 0.2306244240786818],12.84576404494382,2.8426516853932586,0.2306244240786818,3
150.529672,"Field2d",[12.84576404494382; 2.8426516853932586; 0.2583319520598667],12.84576404494382,2.8426516853932586,0.2583319520598667,3
150.55,"Field2d",[12.84576404494382; 2.8426516853932586; 0.2754933621243372],12.84576404494382,2.8426516853932586,0.2754933621243372,3
150.570579,"Field2d",[12.84576404494382; 2.8426516853932586; 0.2843616885543009],12.84576404494382,2.8426516853932586,0.2843616885543009,3
150.588805,"Field2d",[12.84576404494382; 2.8426516853932586; 0.2889636309179578],12.84576404494382,2.8426516853932586,0.2889636309179578,3
150.608905,"Field2d",[12.84576404494382; 2.8426516853932586; 0.29121666520016476],12.84576404494382,2.8426516853932586,0.29121666520016476,3
150.629752,"Field2d",[12.84576404494382; 2.8426516853932586; 0.29231921389145715],12.84576404494382,2.8426516853932586,0.29231921389145715,3
150.637742,"Field2d",[12.84576404494382; 2.8426516853932586; 0.2923192138914571],12.84576404494382,2.8426516853932586,0.2923192138914571,3
150.650458,"Field2d",[12.84576404494382; 2.8426516853932586; 0.2927985828876719],12.84576404494382,2.8426516853932586,0.2927985828876719,3
150.656754,"Field2d",[12.84576404494382; 2.8426516853932586; 0.29279858288767197],12.84576404494382,2.8426516853932586,0.29279858288767197,3
150.668862,"Field2d",[12.84576404494382; 2.8426516853932586; 0.2929423935865365],12.84576404494382,2.8426516853932586,0.2929423935865365,3
150.688797,"Field2d",[12.84576404494382; 2.8426516853932586; 0.2929903304861579],12.84576404494382,2.8426516853932586,0.2929903304861579,3
150.710656,"Field2d",[12.84576404494382; 2.8426516853932586; 0.2929423935865366],12.84576404494382,2.8426516853932586,0.2929423935865366,3
150.746593,"Field2d",[12.84576404494382; 2.8426516853932586; 0.29289445668691527],12.84576404494382,2.8426516853932586,0.29289445668691527,3
150.757156,"Field2d",[12.84576404494382; 2.8426516853932586; 0.2928944566869152],12.84576404494382,2.8426516853932586,0.2928944566869152,3
150.777452,"Field2d",[12.84576404494382; 2.8426516853932586; 0.29289445668691516],12.84576404494382,2.8426516853932586,0.29289445668691516,3
150.790567,"Field2d",[12.84576404494382; 2.8426516853932586; 0.2928465197872934],12.84576404494382,2.8426516853932586,0.2928465197872934,3
150.80957,"Field2d",[12.84576404494382; 2.8426516853932586; 0.2927985828876721],12.84576404494382,2.8426516853932586,0.2927985828876721,3
150.816896,"Field2d",[12.84576404494382; 2.8426516853932586; 0.29279858288767213],12.84576404494382,2.8426516853932586,0.29279858288767213,3
150.837157,"Field2d",[12.84576404494382; 2.8426516853932586; 0.2927985828876722],12.84576404494382,2.8426516853932586,0.2927985828876722,3
150.850186,"Field2d",[12.84576404494382; 2.8426516853932586; 0.29275064598805084],12.84576404494382,2.8426516853932586,0.29275064598805084,3
150.857288,"Field2d",[12.84576404494382; 2.8426516853932586; 0.2927506459880508],12.84576404494382,2.8426516853932586,0.2927506459880508,3
150.878624,"Field2d",[12.84576404494382; 2.8426516853932586; 0.29275064598805073],12.84576404494382,2.8426516853932586,0.29275064598805073,3
150.889149,"Field2d",[12.84576404494382; 2.8426516853932586; 0.2927027090884294],12.84576404494382,2.8426516853932586,0.2927027090884294,3
150.949064,"Field2d",[12.84576404494382; 2.8426516853932586; 0.2926547721888076],12.84576404494382,2.8426516853932586,0.2926547721888076,3
150.990367,"Field2d",[12.84576404494382; 2.8426516853932586; 0.29255889838956484],12.84576404494382,2.8426516853932586,0.29255889838956484,3
150.997359,"Field2d",[12.855674876654637; 2.843533850978105; 0.2925588983895649],12.855674876654637,2.843533850978105,0.2925588983895649,3
151.000986,"Field2d",[12.855595263371344; 2.843526633182563; 0.2925588983895649],12.855595263371344,2.843526633182563,0.2925588983895649,3
151.004921,"Field2d",[12.855607389360546; 2.8435277294841317; 0.2925588983895649],12.855607389360546,2.8435277294841317,0.2925588983895649,3
151.009108,"Field2d",[12.85565197748262; 2.8435317194528724; 0.2925588983895649],12.85565197748262,2.8435317194528724,0.2925588983895649,3
151.01424,"Field2d",[12.855603718825366; 2.8435273527456424; 0.2925588983895649],12.855603718825366,2.8435273527456424,0.2925588983895649,3
151.017581,"Field2d",[12.845470542189506; 2.8403034850206934; 0.29255889838956495],12.845470542189506,2.8403034850206934,0.29255889838956495,3
151.021795,"Field2d",[12.84555261327701; 2.840329436678149; 0.29255889838956495],12.84555261327701,2.840329436678149,0.29255889838956495,3
151.026459,"Field2d",[12.845517165133332; 2.840318197932876; 0.29255889838956495],12.845517165133332,2.840318197932876,0.29255889838956495,3
151.029917,"Field2d",[12.84549834852241; 2.840312152458481; 0.29255889838956495],12.84549834852241,2.840312152458481,0.29255889838956495,3
151.034744,"Field2d",[12.845583536810551; 2.840339027683057; 0.29255889838956495],12.845583536810551,2.840339027683057,0.29255889838956495,3
151.037442,"Field2d",[12.881008705199566; 2.819074094185512; 0.292558898389565],12.881008705199566,2.819074094185512,0.292558898389565,3
151.042156,"Field2d",[12.880931657075532; 2.8191190138197175; 0.292558898389565],12.880931657075532,2.8191190138197175,0.292558898389565,3
151.045589,"Field2d",[12.880908681660916; 2.8191322621466646; 0.292558898389565],12.880908681660916,2.8191322621466646,0.292558898389565,3
151.04987,"Field2d",[12.88052244128528; 2.8193614181781848; 0.29178827430193216],12.88052244128528,2.8193614181781848,0.29178827430193216,3
151.052968,"Field2d",[12.880558952590823; 2.8193396932183648; 0.2917874625192706],12.880558952590823,2.8193396932183648,0.2917874625192706,3
151.057456,"Field2d",[12.888043747554237; 2.7132612118393973; 0.2917836355440064],12.888043747554237,2.7132612118393973,0.2917836355440064,3
151.060963,"Field2d",[12.888018144189292; 2.713673627976512; 0.29178668939297336],12.888018144189292,2.713673627976512,0.29178668939297336,3
151.065633,"Field2d",[12.88804414868934; 2.7133008003915458; 0.29178394479453196],12.88804414868934,2.7133008003915458,0.29178394479453196,3
151.068939,"Field2d",[12.888006594321094; 2.7138272428721897; 0.2921312460216473],12.888006594321094,2.7138272428721897,0.2921312460216473,3
151.074042,"Field2d",[12.887999813596549; 2.713924840665402; 0.2921309195905345],12.887999813596549,2.713924840665402,0.2921309195905345,3
151.077114,"Field2d",[12.748364177729265; 2.962556580786998; 0.29213078214584065],12.748364177729265,2.962556580786998,0.29213078214584065,3
151.082423,"Field2d",[12.748787557506146; 2.961832259896139; 0.29212975131076113],12.748787557506146,2.961832259896139,0.29212975131076113,3
151.085252,"Field2d",[12.747561490174085; 2.964222322661638; 0.2921330328024647],12.747561490174085,2.964222322661638,0.2921330328024647,3
151.089211,"Field2d",[12.747437967135369; 2.964456785607497; 0.2921755852249802],12.747437967135369,2.964456785607497,0.2921755852249802,3
151.093157,"Field2d",[12.748508075337606; 2.962643558855379; 0.29217548364136353],12.748508075337606,2.962643558855379,0.29217548364136353,3
151.097625,"Field2d",[13.208414020432075; 2.535774495261809; 0.292175562044826],13.208414020432075,2.535774495261809,0.292175562044826,3
151.101685,"Field2d",[13.20735885432572; 2.5368153754000238; 0.2921755293199036],13.20735885432572,2.5368153754000238,0.2921755293199036,3
151.105569,"Field2d",[13.207419473871466; 2.536755917105478; 0.29217553204698],13.207419473871466,2.536755917105478,0.29217553204698,3
151.110098,"Field2d",[13.206856131452483; 2.537333552580432; 0.29178915037540676],13.206856131452483,2.537333552580432,0.29178915037540676,3
151.113214,"Field2d",[13.208279417062203; 2.5359907462423465; 0.2917880508179709],13.208279417062203,2.5359907462423465,0.2917880508179709,3
151.1178,"Field2d",[13.96974756521477; 3.584268326782696; 0.2917890805622287],13.96974756521477,3.584268326782696,0.2917890805622287,3
151.120779,"Field2d",[13.968049951830322; 3.581579239918862; 0.2917899706801632],13.968049951830322,3.581579239918862,0.2917899706801632,3
151.126017,"Field2d",[13.972461471684168; 3.5867847796821986; 0.29178810317785053],13.972461471684168,3.5867847796821986,0.29178810317785053,3
151.129744,"Field2d",[13.969668166059867; 3.5823332030914212; 0.29326086742850765],13.969668166059867,3.5823332030914212,0.29326086742850765,3
151.132857,"Field2d",[13.971752897759453; 3.585190004336096; 0.29319348272047674],13.971752897759453,3.585190004336096,0.29319348272047674,3
151.137267,"Field2d",[13.338016029379354; 6.139761168202318; 0.2931955689343594],13.338016029379354,6.139761168202318,0.2931955689343594,3
151.141364,"Field2d",[13.336918124069648; 6.143121842867881; 0.29319744652684665],13.336918124069648,6.143121842867881,0.29319744652684665,3
151.145522,"Field2d",[13.334478072780758; 6.148353154063425; 0.2932005758476388],13.334478072780758,6.148353154063425,0.2932005758476388,3
151.149071,"Field2d",[13.336973703966578; 6.139343822546686; 0.2944410300935479],13.336973703966578,6.139343822546686,0.2944410300935479,3
151.153325,"Field2d",[13.337649823165327; 6.1293754877107265; 0.2944363001830606],13.337649823165327,6.1293754877107265,0.2944363001830606,3
151.157884,"Field2d",[9.005973839437676; 8.95730822635167; 0.2944334745222661],9.005973839437676,8.95730822635167,0.2944334745222661,3
151.16203,"Field2d",[9.001227726251898; 8.961383765880043; 0.2944359316186536],9.001227726251898,8.961383765880043,0.2944359316186536,3
151.165926,"Field2d",[8.999841890583426; 8.962695500358835; 0.2944367301749538],8.999841890583426,8.962695500358835,0.2944367301749538,3
151.169036,"Field2d",[8.993947125047603; 8.97193918788175; 0.2975783332596723],8.993947125047603,8.97193918788175,0.2975783332596723,3
151.175226,"Field2d",[8.99048278684156; 8.982401981837864; 0.2975499245490564],8.99048278684156,8.982401981837864,0.2975499245490564,3
151.177603,"Field2d",[13.844917441492152; 0.7289744608090256; 0.29756048079128966],13.844917441492152,0.7289744608090256,0.29756048079128966,3
151.181905,"Field2d",[13.867368432676749; 0.7177488992304557; 0.29758826854641396],13.867368432676749,0.7177488992304557,0.29758826854641396,3
151.185153,"Field2d",[13.858480761188126; 0.7258726255532579; 0.2975749180048186],13.858480761188126,0.7258726255532579,0.2975749180048186,3
151.189494,"Field2d",[13.858393774253251; 0.7276261109616122; 0.2972056875337697],13.858393774253251,0.7276261109616122,0.2972056875337697,3
151.193702,"Field2d",[13.856756896928289; 0.7378729220527536; 0.29720797589222003],13.856756896928289,0.7378729220527536,0.29720797589222003,3
151.196857,"Field2d",[26.57912836386911; 3.1066050427947633; 0.2972061385241214],26.57912836386911,3.1066050427947633,0.2972061385241214,3
151.201889,"Field2d",[26.57160036715848; 3.1027026426329196; 0.29720765852863834],26.57160036715848,3.1027026426329196,0.29720765852863834,3
151.20569,"Field2d",[26.591468319356714; 3.0982468728270804; 0.29720403390248223],26.591468319356714,3.0982468728270804,0.29720403390248223,3
151.209675,"Field2d",[26.599772448114678; 3.092739988478712; 0.30507883254214396],26.599772448114678,3.092739988478712,0.30507883254214396,3
151.214118,"Field2d",[26.584754585988172; 3.0934892598778534; 0.30501686244554654],26.584754585988172,3.0934892598778534,0.30501686244554654,3
151.217643,"Field2d",[24.98728630734147; 1.342428051071616; 0.30500253186040094],24.98728630734147,1.342428051071616,0.30500253186040094,3
151.220975,"Field2d",[24.987297884991158; 1.342441079448371; 0.30500136992139776],24.987297884991158,1.342441079448371,0.30500136992139776,3
151.225643,"Field2d",[24.987054018244077; 1.3420028597391829; 0.30502577064680064],24.987054018244077,1.3420028597391829,0.30502577064680064,3
151.229999,"Field2d",[24.98658660311224; 1.3424232719039058; 0.29532358616832866],24.98658660311224,1.3424232719039058,0.29532358616832866,3
151.233467,"Field2d",[24.98717637358925; 1.3428838975799626; 0.2953625016926419],24.98717637358925,1.3428838975799626,0.2953625016926419,3
151.237275,"Field2d",[64.4960017091947; 14.659370226025532; 0.29537484076168496],64.4960017091947,14.659370226025532,0.29537484076168496,3
151.241146,"Field2d",[64.510915179778; 14.65368154239667; 0.2953947731037849],64.510915179778,14.65368154239667,0.2953947731037849,3
151.245347,"Field2d",[64.50252730014981; 14.653739332758628; 0.29532643364583366],64.50252730014981,14.653739332758628,0.29532643364583366,3
151.249401,"Field2d",[64.50143076255443; 14.659243795269417; 0.2964516759126923],64.50143076255443,14.659243795269417,0.2964516759126923,3
151.25425,"Field2d",[64.49899554712141; 14.65878652692619; 0.29645007627747055],64.49899554712141,14.65878652692619,0.29645007627747055,3
151.257576,"Field2d",[145.4593232095307; 25.70558220334854; 0.2964501732250894],145.4593232095307,25.70558220334854,0.2964501732250894,3
151.262057,"Field2d",[145.4517351303897; 25.707208628528754; 0.29644508347683096],145.4517351303897,25.707208628528754,0.29644508347683096,3
151.265243,"Field2d",[145.4587338457298; 25.707888038574268; 0.2964497369609819],145.4587338457298,25.707888038574268,0.2964497369609819,3
151.268856,"Field2d",[145.46579119475263; 25.705873403379762; 0.2924197805809405],145.46579119475263,25.705873403379762,0.2924197805809405,3
151.273917,"Field2d",[145.45993514710747; 25.705792479857443; 0.29243552379175186],145.45993514710747,25.705792479857443,0.29243552379175186,3
151.277103,"Field2d",[291.7938539157575; 26.20776108718298; 0.2924094179613309],291.7938539157575,26.20776108718298,0.2924094179613309,3
151.281831,"Field2d",[291.7836647757848; 26.20035952483969; 0.29244807850419396],291.7836647757848,26.20035952483969,0.29244807850419396,3
151.284749,"Field2d",[291.79236174250434; 26.20202754017064; 0.29242077698665836],291.79236174250434,26.20202754017064,0.29242077698665836,3
151.289221,"Field2d",[291.7845486991416; 26.19858874044281; 0.2994849222761888],291.7845486991416,26.19858874044281,0.2994849222761888,3
151.294252,"Field2d",[291.7940931845783; 26.197178667365293; 0.2995370956215132],291.7940931845783,26.197178667365293,0.2995370956215132,3
151.298134,"Field2d",[773.4607086363606; 377.4849747414794; 0.2994817708659467],773.4607086363606,377.4849747414794,0.2994817708659467,3
151.301229,"Field2d",[773.4466948683278; 377.4982884621003; 0.29948562258947],773.4466948683278,377.4982884621003,0.29948562258947,3
151.305891,"Field2d",[773.4391845669402; 377.49504216297566; 0.2994922755664353],773.4391845669402,377.49504216297566,0.2994922755664353,3
151.308976,"Field2d",[773.4447761239353; 377.4919389064803; 0.2885646977380659],773.4447761239353,377.4919389064803,0.2885646977380659,3
151.314418,"Field2d",[773.4601642334113; 377.5079008564219; 0.288589072693155],773.4601642334113,377.5079008564219,0.288589072693155,3
151.317289,"Field2d",[1200.087343173641; 304.0608563767423; 0.28850240618721207],1200.087343173641,304.0608563767423,0.28850240618721207,3
151.322371,"Field2d",[1200.0769966002006; 304.0515027105756; 0.2885695727291825],1200.0769966002006,304.0515027105756,0.2885695727291825,3
151.326273,"Field2d",[1200.0828501164629; 304.0612613211948; 0.28770399100390165],1200.0828501164629,304.0612613211948,0.28770399100390165,3
151.329838,"Field2d",[1200.062644951681; 304.0488430066671; 0.25820924402669515],1200.062644951681,304.0488430066671,0.25820924402669515,3
151.332841,"Field2d",[1200.0604911749404; 304.0485567971203; 0.25828152029386864],1200.0604911749404,304.0485567971203,0.25828152029386864,3
151.337792,"Field2d",[758.262021442644; 293.59193220267855; 0.2580707145165522],758.262021442644,293.59193220267855,0.2580707145165522,3
151.341563,"Field2d",[758.2638928388158; 293.591396021563; 0.2581956922277131],758.2638928388158,293.591396021563,0.2581956922277131,3
151.345723,"Field2d",[758.2629961741296; 293.5915429499487; 0.2581369677608905],758.2629961741296,293.5915429499487,0.2581369677608905,3
151.35025,"Field2d",[758.3219551236733; 293.595168815016; 0.23627057763979759],758.3219551236733,293.595168815016,0.23627057763979759,3
151.353814,"Field2d",[758.3063337731212; 293.52702831081984; 0.2378653235646096],758.3063337731212,293.52702831081984,0.2378653235646096,3
151.357395,"Field2d",[-789.8639806173105; -372.9408824206516; 0.23780473759580104],-789.8639806173105,-372.9408824206516,0.23780473759580104,3
151.361947,"Field2d",[-789.8663308361356; -372.93102894489954; 0.23787353861214558],-789.8663308361356,-372.93102894489954,0.23787353861214558,3
151.365665,"Field2d",[-789.8641499625899; -372.9394333305632; 0.23775750107853888],-789.8641499625899,-372.9394333305632,0.23775750107853888,3
151.369336,"Field2d",[-789.8619693777785; -372.92006654516416; 0.2069606279657359],-789.8619693777785,-372.92006654516416,0.2069606279657359,3
151.373991,"Field2d",[-789.879295972532; -372.9278072479215; 0.206571058205125],-789.879295972532,-372.9278072479215,0.206571058205125,3
151.37749,"Field2d",[-6690.132233497858; -5985.834087340066; 0.2069683575242878],-6690.132233497858,-5985.834087340066,0.2069683575242878,3
151.380887,"Field2d",[-6690.1270171581455; -5985.832568210728; 0.20692043426070053],-6690.1270171581455,-5985.832568210728,0.20692043426070053,3
151.384985,"Field2d",[-6690.11867272268; -5985.828374599185; 0.2069111587898749],-6690.11867272268,-5985.828374599185,0.2069111587898749,3
151.39001,"Field2d",[-6690.12621358547; -5985.842563645929; 0.1978550208192158],-6690.12621358547,-5985.842563645929,0.1978550208192158,3
151.393001,"Field2d",[-6690.115461162897; -5985.832142397242; 0.19789814340550474],-6690.115461162897,-5985.832142397242,0.19789814340550474,3
151.396855,"Field2d",[2292.5632471565277; -10499.256588399992; 0.19788543359088123],2292.5632471565277,-10499.256588399992,0.19788543359088123,3
151.400994,"Field2d",[2292.5699175988902; -10499.261498343632; 0.19786182964884746],2292.5699175988902,-10499.261498343632,0.19786182964884746,3
151.405324,"Field2d",[2292.5639145623954; -10499.258254753018; 0.197881348293103],2292.5639145623954,-10499.258254753018,0.197881348293103,3
151.408831,"Field2d",[2292.561575139007; -10499.25765712626; 0.18335433404272283],2292.561575139007,-10499.25765712626,0.18335433404272283,3
151.412957,"Field2d",[2292.566927451375; -10499.25976290635; 0.1833281999185714],2292.566927451375,-10499.25976290635,0.1833281999185714,3
151.416872,"Field2d",[-5622.42428684253; -4301.588511908837; 0.18326286460918428],-5622.42428684253,-4301.588511908837,0.18326286460918428,3
151.421623,"Field2d",[-5622.444449798714; -4301.58356802821; 0.18335868973019176],-5622.444449798714,-4301.58356802821,0.18335868973019176,3
151.425466,"Field2d",[-5622.44122308537; -4301.584600205394; 0.1833434448240516],-5622.44122308537,-4301.584600205394,0.1833434448240516,3
151.42964,"Field2d",[-5622.435853256646; -4301.5874978071215; 0.1732821912368769],-5622.435853256646,-4301.5874978071215,0.1732821912368769,3
151.433179,"Field2d",[-5622.440787858981; -4301.585467035968; 0.17329978701918106],-5622.440787858981,-4301.585467035968,0.17329978701918106,3
151.437201,"Field2d",[4225.382319546421; -6321.114956419353; 0.17332894574393218],4225.382319546421,-6321.114956419353,0.17332894574393218,3
151.441176,"Field2d",[4225.398485392609; -6321.12614026576; 0.17326560092818838],4225.398485392609,-6321.12614026576,0.17326560092818838,3
151.445636,"Field2d",[4225.370354485258; -6321.125336874904; 0.17335609352236994],4225.370354485258,-6321.125336874904,0.17335609352236994,3
151.449065,"Field2d",[4225.389155323965; -6321.134835831746; 0.1633181993944244],4225.389155323965,-6321.134835831746,0.1633181993944244,3
151.453876,"Field2d",[4225.376150472181; -6321.132186290847; 0.16336006847930928],4225.376150472181,-6321.132186290847,0.16336006847930928,3
151.457897,"Field2d",[-3011.696445336861; 656.1544142702505; 0.1632723427771712],-3011.696445336861,656.1544142702505,0.1632723427771712,3
151.46169,"Field2d",[-3011.696961269965; 656.1548973663866; 0.16340243600585283],-3011.696961269965,656.1548973663866,0.16340243600585283,3
151.465326,"Field2d",[-3011.731076881054; 656.1567028534482; 0.16338349522959522],-3011.731076881054,656.1567028534482,0.16338349522959522,3
151.469985,"Field2d",[-3011.7338730994516; 656.1571580376904; 0.15146969067805574],-3011.7338730994516,656.1571580376904,0.15146969067805574,3
151.472822,"Field2d",[-3011.7250065825247; 656.1538046147853; 0.15143402460190372],-3011.7250065825247,656.1538046147853,0.15143402460190372,3
151.47705,"Field2d",[4187.002846676845; -6360.756028458321; 0.15150951779619165],4187.002846676845,-6360.756028458321,0.15150951779619165,3
151.481894,"Field2d",[4186.995128255326; -6360.750940363907; 0.15139241417990548],4186.995128255326,-6360.750940363907,0.15139241417990548,3
151.485405,"Field2d",[4186.986236851508; -6360.747328808431; 0.15142867469031798],4186.986236851508,-6360.747328808431,0.15142867469031798,3
151.490757,"Field2d",[4186.979829292548; -6360.7459376786055; 0.14159773065988285],4186.979829292548,-6360.7459376786055,0.14159773065988285,3
151.494755,"Field2d",[4187.209203306431; -6360.775611921485; 0.14064899940406766],4187.209203306431,-6360.775611921485,0.14064899940406766,3
151.497788,"Field2d",[4187.03569348832; -6360.652794556053; 0.14153698420310554],4187.03569348832,-6360.652794556053,0.14153698420310554,3
151.501896,"Field2d",[4187.040994806097; -6360.657882452021; 0.14151426601575914],4187.040994806097,-6360.657882452021,0.14151426601575914,3
151.505565,"Field2d",[4187.014434017825; -6360.652246338013; 0.14159921228129466],4187.014434017825,-6360.652246338013,0.14159921228129466,3
151.510168,"Field2d",[4187.01689233656; -6360.652666028442; 0.1433396548159265],4187.01689233656,-6360.652666028442,0.1433396548159265,3
151.513078,"Field2d",[4187.030553872315; -6360.659889597659; 0.1433479797637878],4187.030553872315,-6360.659889597659,0.1433479797637878,3
151.517566,"Field2d",[4187.014629158868; -6360.657374588907; 0.14333931502210004],4187.014629158868,-6360.657374588907,0.14333931502210004,3
151.523043,"Field2d",[4187.024479442519; -6360.661229064336; 0.1433450065680564],4187.024479442519,-6360.661229064336,0.1433450065680564,3
151.525677,"Field2d",[4187.033605482353; -6360.667458806356; 0.1433509529593638],4187.033605482353,-6360.667458806356,0.1433509529593638,3
151.528806,"Field2d",[4187.014775015806; -6360.667894279154; 0.144004256151058],4187.014775015806,-6360.667894279154,0.144004256151058,3
151.53472,"Field2d",[4187.033446061379; -6360.6863422480355; 0.14401172111513413],4187.033446061379,-6360.6863422480355,0.14401172111513413,3
151.537361,"Field2d",[4187.017664433524; -6360.6792228623535; 0.14400816637032363],4187.017664433524,-6360.6792228623535,0.14400816637032363,3
151.54143,"Field2d",[4187.012818751688; -6360.677621146021; 0.144007132262744],4187.012818751688,-6360.677621146021,0.144007132262744,3
151.545569,"Field2d",[4187.013523352085; -6360.677866154626; 0.14400726152620624],4187.013523352085,-6360.677866154626,0.14400726152620624,3
151.550753,"Field2d",[4187.019477412725; -6360.681285463998; 0.14480209489864435],4187.019477412725,-6360.681285463998,0.14480209489864435,3
151.552868,"Field2d",[4187.021248163538; -6360.690040451998; 0.14472335764192087],4187.021248163538,-6360.690040451998,0.14472335764192087,3
151.557492,"Field2d",[4187.012327799061; -6360.690100768064; 0.1447236791642728],4187.012327799061,-6360.690100768064,0.1447236791642728,3
151.561301,"Field2d",[4187.02107862742; -6360.697471016918; 0.14473085983063252],4187.02107862742,-6360.697471016918,0.14473085983063252,3
151.565361,"Field2d",[4187.008546517781; -6360.691949105057; 0.14472775178101258],4187.008546517781,-6360.691949105057,0.14472775178101258,3
151.5694,"Field2d",[4187.013141919481; -6360.694274040652; 0.14447965384142855],4187.013141919481,-6360.694274040652,0.14447965384142855,3
151.574436,"Field2d",[4187.00068484521; -6360.691637350375; 0.14448055923097633],4187.00068484521,-6360.691637350375,0.14448055923097633,3
151.577078,"Field2d",[4187.015745709967; -6360.7014215749405; 0.144479269050874],4187.015745709967,-6360.7014215749405,0.144479269050874,3
151.581304,"Field2d",[4187.019519281099; -6360.704442455567; 0.1444789295297806],4187.019519281099,-6360.704442455567,0.1444789295297806,3
151.58584,"Field2d",[4187.010429275216; -6360.699862339125; 0.14447965384142858],4187.010429275216,-6360.699862339125,0.14447965384142858,3
151.588843,"Field2d",[4187.003098248598; -6360.698215522661; 0.14390337052977425],4187.003098248598,-6360.698215522661,0.14390337052977425,3
151.593877,"Field2d",[4186.99795773674; -6360.697621385196; 0.14390429746321362],4186.99795773674,-6360.697621385196,0.14390429746321362,3
151.597517,"Field2d",[4187.0067597009265; -6360.700383428124; 0.1439026402185486],4187.0067597009265,-6360.700383428124,0.1439026402185486,3
151.601897,"Field2d",[4187.011998651889; -6360.702732399379; 0.14390162901840323],4187.011998651889,-6360.702732399379,0.14390162901840323,3
151.605259,"Field2d",[4187.016737490055; -6360.705534996806; 0.14390064590715967],4187.016737490055,-6360.705534996806,0.14390064590715967,3
151.609909,"Field2d",[4187.016496776444; -6360.705395700404; 0.1439065726635218],4187.016496776444,-6360.705395700404,0.1439065726635218,3
151.614363,"Field2d",[4187.014881941636; -6360.711193296882; 0.1439065726635218],4187.014881941636,-6360.711193296882,0.1439065726635218,3
151.618257,"Field2d",[4187.088585495864; -6360.552667688419; 0.14390657266352183],4187.088585495864,-6360.552667688419,0.14390657266352183,3
151.621831,"Field2d",[4186.913049782243; -6360.506508349403; 0.14390657266352183],4186.913049782243,-6360.506508349403,0.14390657266352183,3
151.625464,"Field2d",[4186.917985111289; -6360.508386066925; 0.14390657266352183],4186.917985111289,-6360.508386066925,0.14390657266352183,3
151.629968,"Field2d",[4186.932195709904; -6360.522028166551; 0.14410096354952767],4186.932195709904,-6360.522028166551,0.14410096354952767,3
151.633878,"Field2d",[4186.9121708291905; -6360.520648488804; 0.1440992356053839],4186.9121708291905,-6360.520648488804,0.1440992356053839,3
151.637265,"Field2d",[4186.921763552185; -6360.527444347379; 0.14410052455831052],4186.921763552185,-6360.527444347379,0.14410052455831052,3
151.642409,"Field2d",[4186.913975856447; -6360.523795531155; 0.14410002018543547],4186.913975856447,-6360.523795531155,0.14410002018543547,3
151.644913,"Field2d",[4186.918410305856; -6360.526479875657; 0.14410031907306836],4186.918410305856,-6360.526479875657,0.14410031907306836,3
151.649523,"Field2d",[4186.916642510796; -6360.525581287956; 0.14424340709653466],4186.916642510796,-6360.525581287956,0.14424340709653466,3
151.653797,"Field2d",[4186.90077412381; -6360.523311589358; 0.14424273228134382],4186.90077412381,-6360.523311589358,0.14424273228134382,3
151.65677,"Field2d",[4186.915452849241; -6360.54044991862; 0.14424237817039656],4186.915452849241,-6360.54044991862,0.14424237817039656,3
151.66174,"Field2d",[4186.897764379568; -6360.536531168451; 0.14424288595212797],4186.897764379568,-6360.536531168451,0.14424288595212797,3
151.665508,"Field2d",[4186.916239949073; -6360.55282525119; 0.1442439349222818],4186.916239949073,-6360.55282525119,0.1442439349222818,3
151.670627,"Field2d",[4186.91679606955; -6360.553352649327; 0.14414476285980807],4186.91679606955,-6360.553352649327,0.14414476285980807,3
151.673318,"Field2d",[4186.900671994691; -6360.546529290062; 0.1441453531356168],4186.900671994691,-6360.546529290062,0.1441453531356168,3
151.67745,"Field2d",[4186.906622028302; -6360.550117714234; 0.14414511915241196],4186.906622028302,-6360.550117714234,0.14414511915241196,3
151.681107,"Field2d",[4186.905182140608; -6360.549314516435; 0.14414517233041135],4186.905182140608,-6360.549314516435,0.14414517233041135,3
151.685672,"Field2d",[4186.89543071386; -6360.5463001898715; 0.14414551798741654],4186.89543071386,-6360.5463001898715,0.14414551798741654,3
151.689892,"Field2d",[4186.888949303821; -6360.545164296719; 0.14356821331723119],4186.888949303821,-6360.545164296719,0.14356821331723119,3
151.694169,"Field2d",[4186.908206823055; -6360.5608136062065; 0.1435637146629283],4186.908206823055,-6360.5608136062065,0.1435637146629283,3
151.697157,"Field2d",[4186.906210596725; -6360.559352829492; 0.14356416735770294],4186.906210596725,-6360.559352829492,0.14356416735770294,3
151.702338,"Field2d",[4186.909127150963; -6360.561862632702; 0.14356348831551596],4186.909127150963,-6360.561862632702,0.14356348831551596,3
151.705016,"Field2d",[4186.890843573049; -6360.555875306149; 0.1435669684066171],4186.890843573049,-6360.555875306149,0.1435669684066171,3
151.709252,"Field2d",[4186.9036034288565; -6360.56636717624; 0.14342533193804302],4186.9036034288565,-6360.56636717624,0.14342533193804302,3
151.713859,"Field2d",[4186.897629293067; -6360.562745432263; 0.1434256499152054],4186.897629293067,-6360.562745432263,0.1434256499152054,3
151.717052,"Field2d",[4186.88723700771; -6360.55929428329; 0.1434261557879882],4186.88723700771,-6360.55929428329,0.1434261557879882,3
151.722186,"Field2d",[4186.886035237004; -6360.558929250256; 0.14342621360201904],4186.886035237004,-6360.558929250256,0.14342621360201904,3
151.725351,"Field2d",[4186.8959833701465; -6360.564775991574; 0.14342567882222482],4186.8959833701465,-6360.564775991574,0.14342567882222482,3
151.729534,"Field2d",[4186.872468954929; -6360.56306378234; 0.14381204331322464],4186.872468954929,-6360.56306378234,0.14381204331322464,3
151.733945,"Field2d",[4186.882201922884; -6360.565862885044; 0.1438133086769287],4186.882201922884,-6360.565862885044,0.1438133086769287,3
151.737293,"Field2d",[4186.8826157517115; -6360.565985934383; 0.14381336799085495],4186.8826157517115,-6360.565985934383,0.14381336799085495,3
151.742805,"Field2d",[4187.09154839991; -6360.829970470859; 0.14385575767506306],4187.09154839991,-6360.829970470859,0.14385575767506306,3
151.745362,"Field2d",[4186.862008799826; -6360.615578261503; 0.14381621505919023],4186.862008799826,-6360.615578261503,0.14381621505919023,3
151.749517,"Field2d",[4186.853207292331; -6360.610765238636; 0.14376202197232335],4186.853207292331,-6360.610765238636,0.14376202197232335,3
151.753823,"Field2d",[4186.859108831361; -6360.615274334402; 0.14376184893929228],4186.859108831361,-6360.615274334402,0.14376184893929228,3
151.758469,"Field2d",[4186.836374318206; -6360.611148009045; 0.1437623864461611],4186.836374318206,-6360.611148009045,0.1437623864461611,3
151.76165,"Field2d",[4186.850300475135; -6360.618851422457; 0.14376201829077095],4186.850300475135,-6360.618851422457,0.14376201829077095,3
151.765437,"Field2d",[4186.839122022041; -6360.615781735041; 0.14376228704420552],4186.839122022041,-6360.615781735041,0.14376228704420552,3
151.768941,"Field2d",[4186.858579234647; -6360.635482250567; 0.143666773628183],4186.858579234647,-6360.635482250567,0.143666773628183,3
151.773957,"Field2d",[4186.8426292962395; -6360.628125380765; 0.1436662991167897],4186.8426292962395,-6360.628125380765,0.1436662991167897,3
151.777083,"Field2d",[4186.853987813842; -6360.638703764305; 0.1436668161705828],4186.853987813842,-6360.638703764305,0.1436668161705828,3
151.78125,"Field2d",[4186.822570954661; -6360.635448783562; 0.1436666361835024],4186.822570954661,-6360.635448783562,0.1436666361835024,3
151.785132,"Field2d",[4186.823576625501; -6360.63557450617; 0.14366661327605673],4186.823576625501,-6360.63557450617,0.14366661327605673,3
151.789514,"Field2d",[4186.835270418579; -6360.639986042393; 0.14361850961568084],4186.835270418579,-6360.639986042393,0.14361850961568084,3
151.793344,"Field2d",[4186.8306813170775; -6360.638748921381; 0.14361859626855017],4186.8306813170775,-6360.638748921381,0.14361859626855017,3
151.796969,"Field2d",[4186.838105799904; -6360.64215947651; 0.1436184509153469],4186.838105799904,-6360.64215947651,0.1436184509153469,3
151.80079,"Field2d",[4186.834719364683; -6360.6408978461495; 0.14361851520618799],4186.834719364683,-6360.6408978461495,0.14361851520618799,3
151.804753,"Field2d",[4186.84955698162; -6360.655780038174; 0.14361885622716036],4186.84955698162,-6360.655780038174,0.14361885622716036,3
151.808908,"Field2d",[4186.8234077904635; -6360.6554810713; 0.1435228353702947],4186.8234077904635,-6360.6554810713,0.1435228353702947,3
151.812725,"Field2d",[4186.81432154645; -6360.654680772344; 0.1435228136900282],4186.81432154645,-6360.654680772344,0.1435228136900282,3
151.817673,"Field2d",[4186.827832045432; -6360.660229474888; 0.14352247764597476],4186.827832045432,-6360.660229474888,0.14352247764597476,3
151.821528,"Field2d",[4186.827759348332; -6360.660199823191; 0.14352247764597476],4186.827759348332,-6360.660199823191,0.14352247764597476,3
151.826346,"Field2d",[4186.822859022323; -6360.658772020742; 0.14352259688741234],4186.822859022323,-6360.658772020742,0.14352259688741234,3
151.829007,"Field2d",[4186.83147646682; -6360.663690952082; 0.14323219775726512],4186.83147646682,-6360.663690952082,0.14323219775726512,3
151.833275,"Field2d",[4186.8172149887105; -6360.660509572978; 0.14323366874257024],4186.8172149887105,-6360.660509572978,0.14323366874257024,3
151.837306,"Field2d",[4186.814554224939; -6360.660069327394; 0.14323393763237666],4186.814554224939,-6360.660069327394,0.14323393763237666,3
151.84196,"Field2d",[4186.817875907116; -6360.660860996354; 0.14323358965734034],4186.817875907116,-6360.660860996354,0.14323358965734034,3
151.845308,"Field2d",[4186.818560655945; -6360.66103476588; 0.14323352638916248],4186.818560655945,-6360.66103476588,0.14323352638916248,3
151.849676,"Field2d",[4186.8195872823; -6360.661361141349; 0.14299411814395144],4186.8195872823,-6360.661361141349,0.14299411814395144,3
151.854079,"Field2d",[4186.8265243825435; -6360.664862623054; 0.14299354354884486],4186.8265243825435,-6360.664862623054,0.14299354354884486,3
151.858093,"Field2d",[4186.814808057387; -6360.66222632152; 0.14299443475758672],4186.814808057387,-6360.66222632152,0.14299443475758672,3
151.86222,"Field2d",[4186.958606511856; -6360.458708753139; 0.14297582491173264],4186.958606511856,-6360.458708753139,0.14297582491173264,3
151.865794,"Field2d",[4186.7281668301475; -6360.379178335625; 0.1429940360589389],4186.7281668301475,-6360.379178335625,0.1429940360589389,3
151.870198,"Field2d",[4186.733543219339; -6360.381677338064; 0.14265713303994296],4186.733543219339,-6360.381677338064,0.14265713303994296,3
151.873542,"Field2d",[4186.740837486048; -6360.3868733954805; 0.1426561576326893],4186.740837486048,-6360.3868733954805,0.1426561576326893,3
151.877115,"Field2d",[4186.7384429113945; -6360.385368580262; 0.14265646565602635],4186.7384429113945,-6360.385368580262,0.14265646565602635,3
151.881437,"Field2d",[4186.732129186901; -6360.382552741289; 0.14265721860197994],4186.732129186901,-6360.382552741289,0.14265721860197994,3
151.885187,"Field2d",[4186.714813689826; -6360.381442508248; 0.14265910096684842],4186.714813689826,-6360.381442508248,0.14265910096684842,3
151.889601,"Field2d",[4186.724185350809; -6360.384083439597; 0.14290136902949388],4186.724185350809,-6360.384083439597,0.14290136902949388,3
151.893785,"Field2d",[4186.735411676526; -6360.39086077455; 0.14290231968852413],4186.735411676526,-6360.39086077455,0.14290231968852413,3
151.897304,"Field2d",[4186.730529080927; -6360.388604120415; 0.1429019348979589],4186.730529080927,-6360.388604120415,0.1429019348979589,3
151.90138,"Field2d",[4186.726273060106; -6360.387096552142; 0.1429016066942489],4186.726273060106,-6360.387096552142,0.1429016066942489,3
151.906457,"Field2d",[4186.74343193371; -6360.4097590445235; 0.1429007578915475],4186.74343193371,-6360.4097590445235,0.1429007578915475,3
151.910039,"Field2d",[4186.706871461118; -6360.402845672744; 0.14285195384962768],4186.706871461118,-6360.402845672744,0.14285195384962768,3
151.914904,"Field2d",[4186.728539596842; -6360.430946075135; 0.14285195582675816],4186.728539596842,-6360.430946075135,0.14285195582675816,3
151.917579,"Field2d",[4186.718103163498; -6360.423076245879; 0.14285194410032714],4186.718103163498,-6360.423076245879,0.14285194410032714,3
151.921672,"Field2d",[4186.7131909431055; -6360.4202013963; 0.1428519465546972],4186.7131909431055,-6360.4202013963,0.1428519465546972,3
151.925378,"Field2d",[4186.695815770362; -6360.417247685133; 0.14285195425868932],4186.695815770362,-6360.417247685133,0.14285195425868932,3
151.929125,"Field2d",[4186.714836450283; -6360.432500438483; 0.14265765766137367],4186.714836450283,-6360.432500438483,0.14265765766137367,3
151.933368,"Field2d",[4186.700723511308; -6360.427084454052; 0.14265861977412095],4186.700723511308,-6360.427084454052,0.14265861977412095,3
151.937246,"Field2d",[4186.701704745735; -6360.427485669057; 0.1426585596420718],4186.701704745735,-6360.427485669057,0.1426585596420718,3
151.941285,"Field2d",[4186.696765500482; -6360.426050542985; 0.14265888034632074],4186.696765500482,-6360.426050542985,0.14265888034632074,3
151.946656,"Field2d",[4186.905465630204; -6360.539669970088; 0.1426386358905374],4186.905465630204,-6360.539669970088,0.1426386358905374,3
151.950562,"Field2d",[4186.68270691392; -6360.465185796382; 0.14280500265197207],4186.68270691392,-6360.465185796382,0.14280500265197207,3
151.954228,"Field2d",[4186.694812656547; -6360.473983929599; 0.14280565060545494],4186.694812656547,-6360.473983929599,0.14280565060545494,3
151.956934,"Field2d",[4186.681476806298; -6360.469282470544; 0.14280503639954842],4186.681476806298,-6360.469282470544,0.14280503639954842,3
151.961729,"Field2d",[4186.670589905907; -6360.468029843321; 0.14280456393347105],4186.670589905907,-6360.468029843321,0.14280456393347105,3
151.966014,"Field2d",[4186.6860614936395; -6360.485355970886; 0.14280424670624164],4186.6860614936395,-6360.485355970886,0.14280424670624164,3
151.968736,"Field2d",[4186.680250023469; -6360.482635837228; 0.14270739743156877],4186.680250023469,-6360.482635837228,0.14270739743156877,3
151.973815,"Field2d",[4186.67422710267; -6360.480711380891; 0.1427075637832625],4186.67422710267,-6360.480711380891,0.1427075637832625,3
151.977047,"Field2d",[4186.66212338972; -6360.479975102196; 0.14270788401027673],4186.66212338972,-6360.479975102196,0.14270788401027673,3
151.981934,"Field2d",[4186.673494109749; -6360.493826979295; 0.14270795470974437],4186.673494109749,-6360.493826979295,0.14270795470974437,3
151.986091,"Field2d",[4186.664661593824; -6360.491748763201; 0.14270766359428233],4186.664661593824,-6360.491748763201,0.14270766359428233,3
151.9896,"Field2d",[4186.656617011966; -6360.491245113523; 0.14256390314180448],4186.656617011966,-6360.491245113523,0.14256390314180448,3
151.993436,"Field2d",[4186.6816566061925; -6360.516738922713; 0.14256409403719328],4186.6816566061925,-6360.516738922713,0.14256409403719328,3
151.997219,"Field2d",[4186.67833688184; -6360.513913697058; 0.14256253960332904],4186.67833688184,-6360.513913697058,0.14256253960332904,3
152.001658,"Field2d",[4186.664604855434; -6360.516170991228; 0.14256395086565427],4186.664604855434,-6360.516170991228,0.14256395086565427,3
152.006274,"Field2d",[4186.688196015824; -6360.398843022827; 0.1425533152655212],4186.688196015824,-6360.398843022827,0.1425533152655212,3
152.009885,"Field2d",[4186.573210014262; -6360.378384339372; 0.14232331857195482],4186.573210014262,-6360.378384339372,0.14232331857195482,3
152.013406,"Field2d",[4186.579843090905; -6360.390059898653; 0.1423240340205907],4186.579843090905,-6360.390059898653,0.1423240340205907,3
152.017122,"Field2d",[4186.582550070378; -6360.391464217603; 0.1423220496630471],4186.582550070378,-6360.391464217603,0.1423220496630471,3
152.021731,"Field2d",[4186.57489032738; -6360.388979525618; 0.14232272461458886],4186.57489032738,-6360.388979525618,0.14232272461458886,3
152.024828,"Field2d",[4186.582855788473; -6360.393325637748; 0.14232195516982363],4186.582855788473,-6360.393325637748,0.14232195516982363,3
152.029368,"Field2d",[4186.5712508032775; -6360.390460675633; 0.14242116691126408],4186.5712508032775,-6360.390460675633,0.14242116691126408,3
152.032775,"Field2d",[4186.584237148611; -6360.398509826717; 0.14242168273787084],4186.584237148611,-6360.398509826717,0.14242168273787084,3
152.036839,"Field2d",[4186.573671742881; -6360.394932714379; 0.14242131049187104],4186.573671742881,-6360.394932714379,0.14242131049187104,3
152.041723,"Field2d",[4186.582864226384; -6360.400528587049; 0.1424216721022718],4186.582864226384,-6360.400528587049,0.1424216721022718,3
152.04602,"Field2d",[4186.57185996229; -6360.4026670018675; 0.14242103396626637],4186.57185996229,-6360.4026670018675,0.14242103396626637,3
152.04899,"Field2d",[4186.573495895906; -6360.407085162061; 0.14270888989261898],4186.573495895906,-6360.407085162061,0.14270888989261898,3
152.054031,"Field2d",[4186.579433753992; -6360.410942945217; 0.14271144932251142],4186.579433753992,-6360.410942945217,0.14271144932251142,3
152.057579,"Field2d",[4186.574435486735; -6360.408468679272; 0.14271093151877376],4186.574435486735,-6360.408468679272,0.14271093151877376,3
152.062291,"Field2d",[4186.584893095782; -6360.418274149588; 0.1427122778084886],4186.584893095782,-6360.418274149588,0.1427122778084886,3
152.064998,"Field2d",[4186.569800543334; -6360.41161665802; 0.14271072439728988],4186.569800543334,-6360.41161665802,0.14271072439728988,3
152.069159,"Field2d",[4186.580624011273; -6360.42084623846; 0.14231956134167192],4186.580624011273,-6360.42084623846,0.14231956134167192,3
152.073408,"Field2d",[4186.5625640981025; -6360.414923340385; 0.1423218959240775],4186.5625640981025,-6360.414923340385,0.1423218959240775,3
152.078597,"Field2d",[4186.572329220184; -6360.420933859665; 0.14232048745700346],4186.572329220184,-6360.420933859665,0.14232048745700346,3
152.08117,"Field2d",[4186.575734490619; -6360.423461855736; 0.14231996651712736],4186.575734490619,-6360.423461855736,0.14231996651712736,3
152.085379,"Field2d",[4186.551833784354; -6360.4199963918345; 0.1423229185097546],4186.551833784354,-6360.4199963918345,0.1423229185097546,3
152.089694,"Field2d",[4186.574176219567; -6360.442573409224; 0.14237266584760108],4186.574176219567,-6360.442573409224,0.14237266584760108,3
152.093882,"Field2d",[4186.553744964667; -6360.435212340457; 0.14237291312530065],4186.553744964667,-6360.435212340457,0.14237291312530065,3
152.09789,"Field2d",[4186.541587512365; -6360.4340454975845; 0.14237275038698408],4186.541587512365,-6360.4340454975845,0.14237275038698408,3
152.101017,"Field2d",[4186.545218464774; -6360.434673715052; 0.14237279899713065],4186.545218464774,-6360.434673715052,0.14237279899713065,3
152.106328,"Field2d",[4186.563707594231; -6360.448583531017; 0.14237311179285908],4186.563707594231,-6360.448583531017,0.14237311179285908,3
152.11006,"Field2d",[4186.5454076115375; -6360.39833399128; 0.14242230942015688],4186.5454076115375,-6360.39833399128,0.14242230942015688,3
152.114486,"Field2d",[4186.505929091583; -6360.3762096802375; 0.14242077789373744],4186.505929091583,-6360.3762096802375,0.14242077789373744,3
152.117018,"Field2d",[4186.513269784556; -6360.382479305959; 0.14242085275200106],4186.513269784556,-6360.382479305959,0.14242085275200106,3
152.121552,"Field2d",[4186.498228398881; -6360.376549672908; 0.1424207275791685],4186.498228398881,-6360.376549672908,0.1424207275791685,3
152.126189,"Field2d",[4186.502289408707; -6360.3786064388805; 0.14242076316752209],4186.502289408707,-6360.3786064388805,0.14242076316752209,3
152.129025,"Field2d",[4186.50689025732; -6360.3816692473665; 0.14237209663846034],4186.50689025732,-6360.3816692473665,0.14237209663846034,3
152.134215,"Field2d",[4186.512865858034; -6360.387294060429; 0.14237253951575915],4186.512865858034,-6360.387294060429,0.14237253951575915,3
152.137754,"Field2d",[4186.508972279462; -6360.384305670821; 0.14237205082356796],4186.508972279462,-6360.384305670821,0.14237205082356796,3
152.142595,"Field2d",[4186.499447448148; -6360.379832040077; 0.14237219699489234],4186.499447448148,-6360.379832040077,0.14237219699489234,3
152.145264,"Field2d",[4186.488277357568; -6360.383190199544; 0.14237246533926662],4186.488277357568,-6360.383190199544,0.14237246533926662,3
152.150719,"Field2d",[4186.487940734931; -6360.383131976609; 0.14242084225275647],4186.487940734931,-6360.383131976609,0.14242084225275647,3
152.153894,"Field2d",[4186.505196490594; -6360.398063044908; 0.14242121790760498],4186.505196490594,-6360.398063044908,0.14242121790760498,3
152.156877,"Field2d",[4186.492755350323; -6360.392317935802; 0.14242099251469356],4186.492755350323,-6360.392317935802,0.14242099251469356,3
152.161431,"Field2d",[4186.4807062182035; -6360.3901043006; 0.14242079043829298],4186.4807062182035,-6360.3901043006,0.14242079043829298,3
152.164972,"Field2d",[4186.476951692007; -6360.389710593816; 0.14242072826093904],4186.476951692007,-6360.389710593816,0.14242072826093904,3
152.169651,"Field2d",[4186.486669754682; -6360.404342631875; 0.14242051854871907],4186.486669754682,-6360.404342631875,0.14242051854871907,3
152.174248,"Field2d",[4186.567321543694; -6360.196146881388; 0.14242030720025492],4186.567321543694,-6360.196146881388,0.14242030720025492,3
152.177294,"Field2d",[4186.33852730172; -6360.13849672757; 0.14242051227644204],4186.33852730172,-6360.13849672757,0.14242051227644204,3
152.18097,"Field2d",[4186.3418801094; -6360.139605034936; 0.14242050914030366],4186.3418801094,-6360.139605034936,0.14242050914030366,3
152.18489,"Field2d",[4186.35339047138; -6360.147587237041; 0.14242049700481146],4186.35339047138,-6360.147587237041,0.14242049700481146,3
152.188971,"Field2d",[4186.353541683663; -6360.147698888174; 0.1425661121423238],4186.353541683663,-6360.147698888174,0.1425661121423238,3
152.193265,"Field2d",[4186.347497594696; -6360.1444346501075; 0.14256579116537038],4186.347497594696,-6360.1444346501075,0.14256579116537038,3
152.197357,"Field2d",[4186.341480386244; -6360.142147017388; 0.14256549207319663],4186.341480386244,-6360.142147017388,0.14256549207319663,3
152.200953,"Field2d",[4186.347810516809; -6360.1457053031; 0.1425658276400168],4186.347810516809,-6360.1457053031,0.1425658276400168,3
152.205123,"Field2d",[4186.35700063445; -6360.154722207527; 0.14256455832204876],4186.35700063445,-6360.154722207527,0.14256455832204876,3
152.20939,"Field2d",[4186.339790459389; -6360.1468432613365; 0.14246770113885351],4186.339790459389,-6360.1468432613365,0.14246770113885351,3
152.212977,"Field2d",[4186.344559885386; -6360.149725370815; 0.14246754651358895],4186.344559885386,-6360.149725370815,0.14246754651358895,3
152.21678,"Field2d",[4186.338126990599; -6360.147002625864; 0.14246773979517074],4186.338126990599,-6360.147002625864,0.14246773979517074,3
152.221857,"Field2d",[4186.327427566276; -6360.145081988374; 0.14246803616025747],4186.327427566276,-6360.145081988374,0.14246803616025747,3
152.225152,"Field2d",[4186.326531932586; -6360.144938298764; 0.14246806193113223],4186.326531932586,-6360.144938298764,0.14246806193113223,3
152.228756,"Field2d",[4186.330417115588; -6360.145728442953; 0.14246856780391234],4186.330417115588,-6360.145728442953,0.14246856780391234,3
152.233699,"Field2d",[4186.340976414076; -6360.150697062396; 0.1424686393896817],4186.340976414076,-6360.150697062396,0.1424686393896817,3
152.237752,"Field2d",[4186.336803877971; -6360.1491791435055; 0.14246861170984992],4186.336803877971,-6360.1491791435055,0.14246861170984992,3
152.240795,"Field2d",[4186.332705144114; -6360.148079712585; 0.1424685859389734],4186.332705144114,-6360.148079712585,0.1424685859389734,3
152.2464,"Field2d",[4186.350526821769; -6360.165373009024; 0.14246873770080581],4186.350526821769,-6360.165373009024,0.14246873770080581,3
152.24935,"Field2d",[4186.336711114452; -6360.158165284664; 0.14251673323258235],4186.336711114452,-6360.158165284664,0.14251673323258235,3
152.254245,"Field2d",[4186.343301863635; -6360.163180584475; 0.14251682356700585],4186.343301863635,-6360.163180584475,0.14251682356700585,3
152.257453,"Field2d",[4186.328812880215; -6360.158120278156; 0.1425166565335432],4186.328812880215,-6360.158120278156,0.1425166565335432,3
152.261259,"Field2d",[4186.322311778863; -6360.15680187585; 0.14251658494777344],4186.322311778863,-6360.15680187585,0.14251658494777344,3
152.265977,"Field2d",[4186.335587256418; -6360.1642649885125; 0.14251675027681412],4186.335587256418,-6360.1642649885125,0.14251675027681412,3
152.270098,"Field2d",[4186.33467277723; -6360.163751801213; 0.14256488188972896],4186.33467277723,-6360.163751801213,0.14256488188972896,3
152.274104,"Field2d",[4186.325689805585; -6360.160784239886; 0.1425647223557287],4186.325689805585,-6360.160784239886,0.1425647223557287,3
152.277214,"Field2d",[4186.329201266627; -6360.162256849204; 0.14256478616932672],4186.329201266627,-6360.162256849204,0.14256478616932672,3
152.281888,"Field2d",[4186.337917051111; -6360.168424567017; 0.14256496963343016],4186.337917051111,-6360.168424567017,0.14256496963343016,3
152.285067,"Field2d",[4186.336365293019; -6360.174614525116; 0.1425644803958233],4186.336365293019,-6360.174614525116,0.1425644803958233,3
152.289391,"Field2d",[4186.3258229579005; -6360.174292774786; 0.1428046539270005],4186.3258229579005,-6360.174292774786,0.1428046539270005,3
152.294213,"Field2d",[4186.328685290681; -6360.175932087566; 0.14280636053177534],4186.328685290681,-6360.175932087566,0.14280636053177534,3
152.29711,"Field2d",[4186.316116170559; -6360.172791642149; 0.1428054098727389],4186.316116170559,-6360.172791642149,0.1428054098727389,3
152.301689,"Field2d",[4186.314791689377; -6360.178552987558; 0.1428047913716841],4186.314791689377,-6360.178552987558,0.1428047913716841,3
152.304742,"Field2d",[4186.304558190431; -6360.177873112156; 0.1428047799179675],4186.304558190431,-6360.177873112156,0.1428047799179675,3
152.309887,"Field2d",[4186.313128824707; -6360.186684485518; 0.14280404987946005],4186.313128824707,-6360.186684485518,0.14280404987946005,3
152.312944,"Field2d",[4186.323071168753; -6360.198781676111; 0.14280403931203714],4186.323071168753,-6360.198781676111,0.14280403931203714,3
152.317409,"Field2d",[4186.315357111062; -6360.195143965943; 0.1428040863541149],4186.315357111062,-6360.195143965943,0.1428040863541149,3
152.322699,"Field2d",[4186.518675499353; -6360.296926297259; 0.14280475380620056],4186.518675499353,-6360.296926297259,0.14280475380620056,3
152.325649,"Field2d",[4186.3297134394215; -6360.180516692618; 0.1428040976033072],4186.3297134394215,-6360.180516692618,0.1428040976033072,3
152.330093,"Field2d",[4186.3071024289775; -6360.178303471653; 0.14299645674879982],4186.3071024289775,-6360.178303471653,0.14299645674879982,3
152.332752,"Field2d",[4186.32031935901; -6360.183739745042; 0.1429972880982092],4186.32031935901,-6360.183739745042,0.1429972880982092,3
152.338415,"Field2d",[4186.377755771941; -6360.160731532946; 0.1430131020084269],4186.377755771941,-6360.160731532946,0.1430131020084269,3
152.341324,"Field2d",[4186.346169744125; -6360.1311983522555; 0.14299832043319954],4186.346169744125,-6360.1311983522555,0.14299832043319954,3
152.3449,"Field2d",[4186.34695663273; -6360.131966029796; 0.14299603650623952],4186.34695663273,-6360.131966029796,0.14299603650623952,3
152.349446,"Field2d",[4186.3322605921685; -6360.125072206932; 0.1429472423499774],4186.3322605921685,-6360.125072206932,0.1429472423499774,3
152.353286,"Field2d",[4186.3346126794; -6360.126336503741; 0.14294718671760936],4186.3346126794,-6360.126336503741,0.14294718671760936,3
152.357253,"Field2d",[4186.320808552857; -6360.123473715534; 0.14294748124191964],4186.320808552857,-6360.123473715534,0.14294748124191964,3
152.361936,"Field2d",[4186.3235018056375; -6360.124194859986; 0.1429474223370582],4186.3235018056375,-6360.124194859986,0.1429474223370582,3
152.36589,"Field2d",[4186.340915246954; -6360.140357391975; 0.14294692819070995],4186.340915246954,-6360.140357391975,0.14294692819070995,3
152.369275,"Field2d",[4186.3175095680135; -6360.1403483440145; 0.14294795800315055],4186.3175095680135,-6360.1403483440145,0.14294795800315055,3
152.37287,"Field2d",[4186.308758981336; -6360.139515593573; 0.1429479727293659],4186.308758981336,-6360.139515593573,0.1429479727293659,3
152.377908,"Field2d",[4186.331880714491; -6360.160428975114; 0.14294833904397655],4186.331880714491,-6360.160428975114,0.14294833904397655,3
152.38146,"Field2d",[4186.326115831912; -6360.156544601498; 0.14294825804979056],4186.326115831912,-6360.156544601498,0.14294825804979056,3
152.386108,"Field2d",[4186.321971905941; -6360.154299945266; 0.1429482028264819],4186.321971905941,-6360.154299945266,0.1429482028264819,3
152.388961,"Field2d",[4186.333713279222; -6360.166245645107; 0.14299582802120892],4186.333713279222,-6360.166245645107,0.14299582802120892,3
152.393223,"Field2d",[4186.324819932362; -6360.16045958975; 0.14299612281822735],4186.324819932362,-6360.16045958975,0.14299612281822735,3
152.397924,"Field2d",[4186.3068808868775; -6360.16240811535; 0.14299585467838635],4186.3068808868775,-6360.16240811535,0.14299585467838635,3
152.400963,"Field2d",[4186.32509513678; -6360.178881140943; 0.14299620122168977],4186.32509513678,-6360.178881140943,0.14299620122168977,3
152.406093,"Field2d",[4186.326525091983; -6360.18028532921; 0.14299622003852136],4186.326525091983,-6360.18028532921,0.14299622003852136,3
152.409204,"Field2d",[4186.294672621246; -6360.176311678933; 0.14280323175636597],4186.294672621246,-6360.176311678933,0.14280323175636597,3
152.414415,"Field2d",[4186.298819268387; -6360.177200127205; 0.14280296450282973],4186.298819268387,-6360.177200127205,0.14280296450282973,3
152.417123,"Field2d",[4186.318461700595; -6360.196370640174; 0.14280130371296496],4186.318461700595,-6360.196370640174,0.14280130371296496,3
152.42116,"Field2d",[4186.314255671898; -6360.193080231469; 0.14280162823511994],4186.314255671898,-6360.193080231469,0.14280162823511994,3
152.425752,"Field2d",[4186.310105796416; -6360.190459263463; 0.14280192412297413],4186.310105796416,-6360.190459263463,0.14280192412297413,3
152.428801,"Field2d",[4186.310266301138; -6360.190556407388; 0.1427069407825306],4186.310266301138,-6360.190556407388,0.1427069407825306,3
152.433363,"Field2d",[4186.304215395623; -6360.187828918884; 0.14270717824275675],4186.304215395623,-6360.187828918884,0.14270717824275675,3
152.436928,"Field2d",[4186.301461982409; -6360.186782670548; 0.14270727764471502],4186.301461982409,-6360.186782670548,0.14270727764471502,3
152.441889,"Field2d",[4186.3112638161965; -6360.193599201998; 0.142706857947565],4186.3112638161965,-6360.193599201998,0.142706857947565,3
152.444858,"Field2d",[4186.299701462672; -6360.189311448006; 0.14270729421170322],4186.299701462672,-6360.189311448006,0.14270729421170322,3
152.449441,"Field2d",[4186.296203116605; -6360.19466476512; 0.14232313326707716],4186.296203116605,-6360.19466476512,0.14232313326707716,3
152.452842,"Field2d",[4186.300055633508; -6360.196337190203; 0.142321421344509],4186.300055633508,-6360.196337190203,0.142321421344509,3
152.457863,"Field2d",[4186.289993880934; -6360.1943619439135; 0.1423226577330281],4186.289993880934,-6360.1943619439135,0.1423226577330281,3
152.46162,"Field2d",[4186.3093132569; -6360.211300622266; 0.14231955725104767],4186.3093132569,-6360.211300622266,0.14231955725104767,3
152.465374,"Field2d",[4186.295115049605; -6360.205234733937; 0.14232142134450898],4186.295115049605,-6360.205234733937,0.14232142134450898,3
152.469101,"Field2d",[4186.279985622848; -6360.2037095986325; 0.1424691288999971],4186.279985622848,-6360.2037095986325,0.1424691288999971,3
152.473682,"Field2d",[4186.303356585296; -6360.226025500559; 0.1424709265891245],4186.303356585296,-6360.226025500559,0.1424709265891245,3
152.478029,"Field2d",[4186.2944606806805; -6360.227126429766; 0.1424687711075068],4186.2944606806805,-6360.227126429766,0.1424687711075068,3
152.480781,"Field2d",[4186.293929825238; -6360.226792715946; 0.14247042044363672],4186.293929825238,-6360.226792715946,0.14247042044363672,3
152.486179,"Field2d",[4186.295440348097; -6360.227852835022; 0.1424705164367546],4186.295440348097,-6360.227852835022,0.1424705164367546,3
152.489185,"Field2d",[4186.2885362011675; -6360.224457644718; 0.1424199550664414],4186.2885362011675,-6360.224457644718,0.1424199550664414,3
152.49458,"Field2d",[4186.302273977279; -6360.2556927623; 0.14241928625081762],4186.302273977279,-6360.2556927623,0.14241928625081762,3
152.497393,"Field2d",[4186.275323850115; -6360.240252107821; 0.14241989677517447],4186.275323850115,-6360.240252107821,0.14241989677517447,3
152.500913,"Field2d",[4186.2647642570755; -6360.237051727504; 0.14242011153248463],4186.2647642570755,-6360.237051727504,0.14242011153248463,3
152.506005,"Field2d",[4186.259790517511; -6360.236092459635; 0.14242020970725475],4186.259790517511,-6360.236092459635,0.14242020970725475,3
152.509268,"Field2d",[4186.272693541327; -6360.253270571124; 0.14232440953908518],4186.272693541327,-6360.253270571124,0.14232440953908518,3
152.51363,"Field2d",[4186.262469456118; -6360.253253649589; 0.14232441499324108],4186.262469456118,-6360.253253649589,0.14232441499324108,3
152.518209,"Field2d",[4186.274520994257; -6360.264385537087; 0.14232314417538125],4186.274520994257,-6360.264385537087,0.14232314417538125,3
152.522124,"Field2d",[4186.261793268786; -6360.266355058948; 0.14232422955200977],4186.261793268786,-6360.266355058948,0.14232422955200977,3
152.525849,"Field2d",[4186.229157008859; -6360.232481183195; 0.14231772274639148],4186.229157008859,-6360.232481183195,0.14231772274639148,3
152.52906,"Field2d",[4186.168384298261; -6360.219029884291; 0.14213190708570442],4186.168384298261,-6360.219029884291,0.14213190708570442,3
152.534114,"Field2d",[4186.173783426136; -6360.230414835323; 0.1421324429563207],4186.173783426136,-6360.230414835323,0.1421324429563207,3
152.536992,"Field2d",[4186.167072905836; -6360.228442167939; 0.1421317016686281],4186.167072905836,-6360.228442167939,0.1421317016686281,3
152.54264,"Field2d",[4186.165132730311; -6360.227947750717; 0.1421318177739282],4186.165132730311,-6360.227947750717,0.1421318177739282,3
152.545467,"Field2d",[4186.167605987055; -6360.228720112437; 0.1421316659439161],4186.167605987055,-6360.228720112437,0.1421316659439161,3
152.548789,"Field2d",[4186.162966530502; -6360.2278040020055; 0.14203658258793442],4186.162966530502,-6360.2278040020055,0.14203658258793442,3
152.55337,"Field2d",[4186.163120570453; -6360.227834932511; 0.14203657829278704],4186.163120570453,-6360.227834932511,0.14203657829278704,3
152.557333,"Field2d",[4186.1798080181015; -6360.239677189556; 0.14203601992378231],4186.1798080181015,-6360.239677189556,0.14203601992378231,3
152.562032,"Field2d",[4186.169198379291; -6360.243548766757; 0.14203680593553838],4186.169198379291,-6360.243548766757,0.14203680593553838,3
152.564823,"Field2d",[4186.169009200676; -6360.243458005531; 0.14203681023068263],4186.169009200676,-6360.243458005531,0.14203681023068263,3
152.569735,"Field2d",[4186.154745743228; -6360.241507730814; 0.14203690901904586],4186.154745743228,-6360.241507730814,0.14203690901904586,3
152.574214,"Field2d",[4186.168169452488; -6360.247844535774; 0.14203677300608325],4186.168169452488,-6360.247844535774,0.14203677300608325,3
152.577322,"Field2d",[4186.178457563434; -6360.25689944363; 0.14203664844684208],4186.178457563434,-6360.25689944363,0.14203664844684208,3
152.582313,"Field2d",[4186.149796993795; -6360.253158300628; 0.1420369118824776],4186.149796993795,-6360.253158300628,0.1420369118824776,3
152.585326,"Field2d",[4186.148860946268; -6360.253054446203; 0.14203692047276972],4186.148860946268,-6360.253054446203,0.14203692047276972,3
152.589103,"Field2d",[4186.171044760002; -6360.272263619968; 0.14208600417642855],4186.171044760002,-6360.272263619968,0.14208600417642855,3
152.593218,"Field2d",[4186.172029726333; -6360.2731649215875; 0.14208603915119164],4186.172029726333,-6360.2731649215875,0.14208603915119164,3
152.598408,"Field2d",[4186.143999774363; -6360.268655674177; 0.14208533576987],4186.143999774363,-6360.268655674177,0.14208533576987,3
152.60144,"Field2d",[4186.140675892612; -6360.268351935467; 0.14208525416208906],4186.140675892612,-6360.268351935467,0.14208525416208906,3
152.605206,"Field2d",[4186.160577215409; -6360.281325820151; 0.14208584096087418],4186.160577215409,-6360.281325820151,0.14208584096087418,3
152.608815,"Field2d",[4186.166362894552; -6360.286662476674; 0.14208494184360065],4186.166362894552,-6360.286662476674,0.14208494184360065,3
152.614076,"Field2d",[4186.133950803182; -6360.284093869282; 0.14208487168954514],4186.133950803182,-6360.284093869282,0.14208487168954514,3
152.617049,"Field2d",[4186.151959820796; -6360.305283585259; 0.14208489459699092],4186.151959820796,-6360.305283585259,0.14208489459699092,3
152.622134,"Field2d",[4186.150534351706; -6360.3043089563525; 0.14208463545650357],4186.150534351706,-6360.3043089563525,0.14208463545650357,3
152.62514,"Field2d",[4186.145993158501; -6360.301810833127; 0.1420846827031111],4186.145993158501,-6360.301810833127,0.1420846827031111,3
152.630811,"Field2d",[4186.148868169; -6360.303677896851; 0.14198843999853328],4186.148868169,-6360.303677896851,0.14198843999853328,3
152.634727,"Field2d",[4186.152036548953; -6360.30612803831; 0.14198836377673282],4186.152036548953,-6360.30612803831,0.14198836377673282,3
152.637361,"Field2d",[4186.135345002988; -6360.300958443574; 0.141988689185189],4186.135345002988,-6360.300958443574,0.141988689185189,3
152.642427,"Field2d",[4186.13804560312; -6360.311241805453; 0.1419889237138095],4186.13804560312,-6360.311241805453,0.1419889237138095,3
152.645453,"Field2d",[4186.147584411514; -6360.319537681609; 0.14198831393940078],4186.147584411514,-6360.319537681609,0.14198831393940078,3
152.650617,"Field2d",[4186.142006077955; -6360.322807975651; 0.14203704994074828],4186.142006077955,-6360.322807975651,0.14203704994074828,3
152.65312,"Field2d",[4186.145397735629; -6360.325789437969; 0.14203712527624876],4186.145397735629,-6360.325789437969,0.14203712527624876,3
152.657558,"Field2d",[4186.121725377733; -6360.320439026467; 0.14203707243913322],4186.121725377733,-6360.320439026467,0.14203707243913322,3
152.661084,"Field2d",[4186.141237974026; -6360.340135525281; 0.14203704516836357],4186.141237974026,-6360.340135525281,0.14203704516836357,3
152.66569,"Field2d",[4186.140185047734; -6360.3391341977; 0.14203712936686416],4186.140185047734,-6360.3391341977,0.14203712936686416,3
152.670163,"Field2d",[4186.1189704669105; -6360.33239661755; 0.14203712902598048],4186.1189704669105,-6360.33239661755,0.14203712902598048,3
152.673176,"Field2d",[4186.114715257703; -6360.331452815245; 0.14203711061821087],4186.114715257703,-6360.331452815245,0.14203711061821087,3
152.677558,"Field2d",[4186.11901462443; -6360.3328336976765; 0.1420371297077497],4186.11901462443,-6360.3328336976765,0.1420371297077497,3
152.68179,"Field2d",[4186.1344606707; -6360.346898119728; 0.14203722038305916],4186.1344606707,-6360.346898119728,0.14203722038305916,3
152.685079,"Field2d",[4186.120263311599; -6360.340555719148; 0.1420371535696728],4186.120263311599,-6360.340555719148,0.1420371535696728,3
152.689465,"Field2d",[4186.128970647167; -6360.346766131674; 0.14208547137376887],4186.128970647167,-6360.346766131674,0.14208547137376887,3
152.69306,"Field2d",[4186.134364228271; -6360.352037642534; 0.1420850317689638],4186.134364228271,-6360.352037642534,0.1420850317689638,3
152.697158,"Field2d",[4186.1255216391355; -6360.353048309311; 0.14208505290381002],4186.1255216391355,-6360.353048309311,0.14208505290381002,3
152.700817,"Field2d",[4186.106553834198; -6360.34914597827; 0.14208519873424935],4186.106553834198,-6360.34914597827,0.14208519873424935,3
152.705467,"Field2d",[4186.110505119922; -6360.350317337287; 0.14208525368485125],4186.110505119922,-6360.350317337287,0.14208525368485125,3
152.709972,"Field2d",[4186.127685840728; -6360.367967146253; 0.14208497300045417],4186.127685840728,-6360.367967146253,0.14208497300045417,3
152.712991,"Field2d",[4186.1214835381825; -6360.363344980087; 0.14208498711307763],4186.1214835381825,-6360.363344980087,0.14208498711307763,3
152.717517,"Field2d",[4186.111542142686; -6360.358933162874; 0.1420849823406925],4186.111542142686,-6360.358933162874,0.1420849823406925,3
152.720979,"Field2d",[4186.123023156365; -6360.369302247013; 0.1420849890902081],4186.123023156365,-6360.369302247013,0.1420849890902081,3
152.725536,"Field2d",[4186.118347903723; -6360.36598479349; 0.14208498663583854],4186.118347903723,-6360.36598479349,0.14208498663583854,3
152.729742,"Field2d",[4186.098716042719; -6360.362091081996; 0.14189234237444967],4186.098716042719,-6360.362091081996,0.14189234237444967,3
152.733787,"Field2d",[4186.090672563706; -6360.3618415737665; 0.14189277004828513],4186.090672563706,-6360.3618415737665,0.14189277004828513,3
152.736957,"Field2d",[4186.10754528595; -6360.36912307362; 0.14189178891417695],4186.10754528595,-6360.36912307362,0.14189178891417695,3
152.741655,"Field2d",[4186.116857795778; -6360.376147848372; 0.14189115998206164],4186.116857795778,-6360.376147848372,0.14189115998206164,3
152.746204,"Field2d",[4186.2129328936435; -6360.234970747535; 0.14187895869887077],4186.2129328936435,-6360.234970747535,0.14187895869887077,3
152.749293,"Field2d",[4186.047106919687; -6360.164511381465; 0.1418929924414197],4186.047106919687,-6360.164511381465,0.1418929924414197,3
152.754102,"Field2d",[4186.043112752134; -6360.163206785667; 0.1418930278934184],4186.043112752134,-6360.163206785667,0.1418930278934184,3
152.758397,"Field2d",[4186.060007045995; -6360.1815474990735; 0.14189316015665213],4186.060007045995,-6360.1815474990735,0.14189316015665213,3
152.761527,"Field2d",[4186.032943024517; -6360.17452735751; 0.14189305516418801],4186.032943024517,-6360.17452735751,0.14189305516418801,3
152.765256,"Field2d",[4186.051231523265; -6360.192669589871; 0.14189317924619096],4186.051231523265,-6360.192669589871,0.14189317924619096,3
152.768902,"Field2d",[4186.021179611178; -6360.188099984904; 0.1417969225653427],4186.021179611178,-6360.188099984904,0.1417969225653427,3
152.774274,"Field2d",[4186.03551445302; -6360.195605082968; 0.1417964450541664],4186.03551445302,-6360.195605082968,0.1417964450541664,3
152.77763,"Field2d",[4186.024678064111; -6360.192802383548; 0.14179677884838882],4186.024678064111,-6360.192802383548,0.14179677884838882,3
152.781929,"Field2d",[4186.042981427012; -6360.210933657039; 0.14179720536322163],4186.042981427012,-6360.210933657039,0.14179720536322163,3
152.78604,"Field2d",[4186.017295575413; -6360.21034318053; 0.1417970616462637],4186.017295575413,-6360.21034318053,0.1417970616462637,3
152.789091,"Field2d",[4186.008785060454; -6360.209578248701; 0.14174928775767148],4186.008785060454,-6360.209578248701,0.14174928775767148,3
152.793482,"Field2d",[4186.012153682883; -6360.210126929869; 0.14174925026036317],4186.012153682883,-6360.210126929869,0.14174925026036317,3
152.796753,"Field2d",[4186.027115118727; -6360.228960528991; 0.1417493235505561],4186.027115118727,-6360.228960528991,0.1417493235505561,3
152.801742,"Field2d",[4186.01550970929; -6360.224246445139; 0.1417491309507462],4186.01550970929,-6360.224246445139,0.1417491309507462,3
152.805742,"Field2d",[4186.029389623927; -6360.238242823895; 0.14174891789785807],4186.029389623927,-6360.238242823895,0.14174891789785807,3
152.810461,"Field2d",[4186.216219646004; -6360.202687596398; 0.14174941218055775],4186.216219646004,-6360.202687596398,0.14174941218055775,3
152.81304,"Field2d",[4186.043866640841; -6360.098550373331; 0.14174941218055775],4186.043866640841,-6360.098550373331,0.14174941218055775,3
152.817652,"Field2d",[4186.042843361691; -6360.097966540256; 0.14174941218055775],4186.042843361691,-6360.097966540256,0.14174941218055775,3
152.820754,"Field2d",[4186.048259806406; -6360.102194082238; 0.14174941218055775],4186.048259806406,-6360.102194082238,0.14174941218055775,3
152.82513,"Field2d",[4186.047822088228; -6360.101861581418; 0.14174941218055775],4186.047822088228,-6360.101861581418,0.14174941218055775,3
152.830152,"Field2d",[4186.033511161323; -6360.096800433706; 0.141749238329402],4186.033511161323,-6360.096800433706,0.141749238329402,3
152.832952,"Field2d",[4186.034865832812; -6360.0973254749015; 0.14174922789833133],4186.034865832812,-6360.0973254749015,0.14174922789833133,3
152.837048,"Field2d",[4186.035593435491; -6360.097621025011; 0.1417492209442864],4186.035593435491,-6360.097621025011,0.1417492209442864,3
152.842357,"Field2d",[4186.2051280310725; -6360.003377165452; 0.14174727612935506],4186.2051280310725,-6360.003377165452,0.14174727612935506,3
152.845655,"Field2d",[4186.0030094583435; -6359.996690008017; 0.14174933452704203],4186.0030094583435,-6359.996690008017,0.14174933452704203,3
152.850123,"Field2d",[4186.003117066833; -6359.996720913607; 0.14174946576762049],4186.003117066833,-6359.996720913607,0.14174946576762049,3
152.852729,"Field2d",[4186.0148078211005; -6360.004095642179; 0.14174950217409785],4186.0148078211005,-6360.004095642179,0.14174950217409785,3
152.857196,"Field2d",[4185.993692233634; -6360.001402379218; 0.14174944654172802],4185.993692233634,-6360.001402379218,0.14174944654172802,3
152.860846,"Field2d",[4186.002850502755; -6360.004485323307; 0.14174947190354384],4186.002850502755,-6360.004485323307,0.14174947190354384,3
152.865978,"Field2d",[4186.002813268877; -6360.004472922532; 0.14174947149448217],4186.002813268877,-6360.004472922532,0.14174947149448217,3
152.868867,"Field2d",[4186.0120908645; -6360.010237533752; 0.1489215221737791],4186.0120908645,-6360.010237533752,0.1489215221737791,3
152.873354,"Field2d",[4185.994660296139; -6360.006905743095; 0.1488817319394263],4185.994660296139,-6360.006905743095,0.1488817319394263,3
152.878045,"Field2d",[4185.971371532175; -6359.850673826691; 0.1493631227221136],4185.971371532175,-6359.850673826691,0.1493631227221136,3
152.881673,"Field2d",[4185.8483994045255; -6359.774360279771; 0.14892187744385066],4185.8483994045255,-6359.774360279771,0.14892187744385066,3
152.885253,"Field2d",[4185.84938527696; -6359.775004748081; 0.14892471960344672],4185.84938527696,-6359.775004748081,0.14892471960344672,3
152.889184,"Field2d",[4185.850905106434; -6359.776089164167; 0.14603076980831325],4185.850905106434,-6359.776089164167,0.14603076980831325,3
152.893287,"Field2d",[4185.824317389145; -6359.7740878856375; 0.1460542165341231],4185.824317389145,-6359.7740878856375,0.1460542165341231,3
152.896922,"Field2d",[4185.838517627529; -6359.792574975685; 0.14605090640812268],4185.838517627529,-6359.792574975685,0.14605090640812268,3
152.902341,"Field2d",[4185.9065079134725; -6359.634752581608; 0.14583561029570868],4185.9065079134725,-6359.634752581608,0.14583561029570868,3
152.905413,"Field2d",[4185.745841900356; -6359.569672386771; 0.1460409760301188],4185.745841900356,-6359.569672386771,0.1460409760301188,3
152.909568,"Field2d",[4185.756025938682; -6359.576002243429; 0.1572104563560638],4185.756025938682,-6359.576002243429,0.1572104563560638,3
152.912881,"Field2d",[4185.756092782184; -6359.576043570681; 0.1572110074303265],4185.756092782184,-6359.576043570681,0.1572110074303265,3
152.918009,"Field2d",[4185.75299042674; -6359.574426264724; 0.1571988838010624],4185.75299042674,-6359.574426264724,0.1571988838010624,3
152.921735,"Field2d",[4185.740977461924; -6359.57730148703; 0.1571277952447577],4185.740977461924,-6359.57730148703,0.1571277952447577,3
152.925812,"Field2d",[4185.759151192302; -6359.59660888063; 0.1571151205412315],4185.759151192302,-6359.59660888063,0.1571151205412315,3
152.929958,"Field2d",[4185.71233834578; -6359.584334441119; 0.1777416263764794],4185.71233834578,-6359.584334441119,0.1777416263764794,3
152.933601,"Field2d",[4185.720031001518; -6359.587767799712; 0.1777970227179698],4185.720031001518,-6359.587767799712,0.1777970227179698,3
152.936877,"Field2d",[4185.715478779295; -6359.586254936093; 0.1777662469725937],4185.715478779295,-6359.586254936093,0.1777662469725937,3
152.941681,"Field2d",[4185.7010270583505; -6359.5859061490255; 0.17767084216276766],4185.7010270583505,-6359.5859061490255,0.17767084216276766,3
152.945432,"Field2d",[4185.721444021183; -6359.597151434152; 0.17782472088871437],4185.721444021183,-6359.597151434152,0.17782472088871437,3
152.948945,"Field2d",[4185.71142036513; -6359.59283766035; 0.1868943008936258],4185.71142036513,-6359.59283766035,0.1868943008936258,3
152.952809,"Field2d",[4185.702417771524; -6359.590899750249; 0.18686761358234985],4185.702417771524,-6359.590899750249,0.18686761358234985,3
152.95737,"Field2d",[4185.706133289227; -6359.5920152923145; 0.18687865660774883],4185.706133289227,-6359.5920152923145,0.18687865660774883,3
152.961105,"Field2d",[4185.691650357748; -6359.592100844548; 0.18683632501059635],4185.691650357748,-6359.592100844548,0.18683632501059635,3
152.966111,"Field2d",[4185.710998541298; -6359.601011989379; 0.1868989021541038],4185.710998541298,-6359.601011989379,0.1868989021541038,3
152.968901,"Field2d",[4185.709106998841; -6359.600337397349; 0.1959934711153074],4185.709106998841,-6359.600337397349,0.1959934711153074,3
152.974441,"Field2d",[4185.721642242727; -6359.610141427509; 0.1960397781091944],4185.721642242727,-6359.610141427509,0.1960397781091944,3
152.977849,"Field2d",[4185.704216046433; -6359.604915370186; 0.19598711525331158],4185.704216046433,-6359.604915370186,0.19598711525331158,3
152.981773,"Field2d",[4185.713209920431; -6359.609843720936; 0.19601662461266417],4185.713209920431,-6359.609843720936,0.19601662461266417,3
152.985243,"Field2d",[4185.698890001143; -6359.606909540917; 0.19597440352973386],4185.698890001143,-6359.606909540917,0.19597440352973386,3
152.989845,"Field2d",[4185.698097670465; -6359.60683354918; 0.2054533012872188],4185.698097670465,-6359.60683354918,0.2054533012872188,3
152.993422,"Field2d",[4185.696667545446; -6359.60674659714; 0.2054490276165921],4185.696667545446,-6359.60674659714,0.2054490276165921,3
152.996906,"Field2d",[4185.720749302041; -6359.627470762964; 0.20542338559369855],4185.720749302041,-6359.627470762964,0.20542338559369855,3
153.001134,"Field2d",[4185.698193491216; -6359.622044705387; 0.20547514449192103],4185.698193491216,-6359.622044705387,0.20547514449192103,3
153.005843,"Field2d",[4185.7052428991765; -6359.624959396576; 0.2054979374010638],4185.7052428991765,-6359.624959396576,0.2054979374010638,3
153.010241,"Field2d",[4185.711964801486; -6359.639577820228; 0.21098921153504707],4185.711964801486,-6359.639577820228,0.21098921153504707,3
153.013453,"Field2d",[4185.691996251448; -6359.632577620912; 0.21096959757959835],4185.691996251448,-6359.632577620912,0.21096959757959835,3
153.017286,"Field2d",[4185.690044270874; -6359.631981253462; 0.21096600629199594],4185.690044270874,-6359.631981253462,0.21096600629199594,3
153.022033,"Field2d",[4185.697228885625; -6359.643116787923; 0.21093285594434813],4185.697228885625,-6359.643116787923,0.21093285594434813,3
153.025166,"Field2d",[4185.678268852385; -6359.640536400638; 0.21095219364705875],4185.678268852385,-6359.640536400638,0.21095219364705875,3
153.030193,"Field2d",[4185.700541849327; -6359.656495273261; 0.2166524222124415],4185.700541849327,-6359.656495273261,0.2166524222124415,3
153.033064,"Field2d",[4185.671042486232; -6359.656052827564; 0.21659955175799983],4185.671042486232,-6359.656052827564,0.21659955175799983,3
153.039216,"Field2d",[4185.665407860557; -6359.5504151257155; 0.21692780094373107],4185.665407860557,-6359.5504151257155,0.21692780094373107,3
153.041188,"Field2d",[4185.593932975378; -6359.494756905589; 0.21665609769880206],4185.593932975378,-6359.494756905589,0.21665609769880206,3
153.045093,"Field2d",[4185.571050606226; -6359.496253949916; 0.21659813810951847],4185.571050606226,-6359.496253949916,0.21659813810951847,3
153.049799,"Field2d",[4185.574218761669; -6359.49714277483; 0.22136041909913576],4185.574218761669,-6359.49714277483,0.22136041909913576,3
153.053626,"Field2d",[4185.572958316391; -6359.496841428525; 0.22135828809294958],4185.572958316391,-6359.496841428525,0.22135828809294958,3
153.056952,"Field2d",[4185.5769824503805; -6359.498181715329; 0.22136468111150717],4185.5769824503805,-6359.498181715329,0.22136468111150717,3
153.061124,"Field2d",[4185.584131350543; -6359.501968983411; 0.22137699359111856],4185.584131350543,-6359.501968983411,0.22137699359111856,3
153.065403,"Field2d",[4185.566100127798; -6359.499875009459; 0.22134976406863693],4185.566100127798,-6359.499875009459,0.22134976406863693,3
153.069911,"Field2d",[4185.588303344887; -6359.519152595244; 0.22439814455005058],4185.588303344887,-6359.519152595244,0.22439814455005058,3
153.07376,"Field2d",[4185.561958987025; -6359.520556076156; 0.22440212935485437],4185.561958987025,-6359.520556076156,0.22440212935485437,3
153.077664,"Field2d",[4185.56242816421; -6359.5206708822225; 0.22441239789041623],4185.56242816421,-6359.5206708822225,0.22441239789041623,3
153.08084,"Field2d",[4185.576569613682; -6359.528849340958; 0.22442849037154705],4185.576569613682,-6359.528849340958,0.22442849037154705,3
153.086459,"Field2d",[4185.569656199302; -6359.526149417988; 0.22442113380876855],4185.569656199302,-6359.526149417988,0.22442113380876855,3
153.089252,"Field2d",[4185.5664610116855; -6359.525246046159; 0.2271464379604794],4185.5664610116855,-6359.525246046159,0.2271464379604794,3
153.093284,"Field2d",[4185.562135176268; -6359.524441765988; 0.227142483698918],4185.562135176268,-6359.524441765988,0.227142483698918,3
153.09682,"Field2d",[4185.556491155682; -6359.524057274516; 0.22713757496034737],4185.556491155682,-6359.524057274516,0.22713757496034737,3
153.100827,"Field2d",[4185.578312090244; -6359.5394679699475; 0.22716075511450973],4185.578312090244,-6359.5394679699475,0.22716075511450973,3
153.104974,"Field2d",[4185.581855505348; -6359.542517466966; 0.22712993914488874],4185.581855505348,-6359.542517466966,0.22712993914488874,3
153.11072,"Field2d",[4185.55622259956; -6359.538001684339; 0.22987478607552442],4185.55622259956,-6359.538001684339,0.22987478607552442,3
153.114368,"Field2d",[4185.565192270995; -6359.5414816806; 0.22988318683605205],4185.565192270995,-6359.5414816806,0.22988318683605205,3
153.116952,"Field2d",[4185.573509009361; -6359.546844788949; 0.22989186303144446],4185.573509009361,-6359.546844788949,0.22989186303144446,3
153.120973,"Field2d",[4185.56127890627; -6359.542930371984; 0.22988057020570282],4185.56127890627,-6359.542930371984,0.22988057020570282,3
153.124851,"Field2d",[4185.565503871895; -6359.544735936697; 0.22988470172718725],4185.565503871895,-6359.544735936697,0.22988470172718725,3
153.130681,"Field2d",[4185.5527310084935; -6359.542665922474; 0.23197934990239863],4185.5527310084935,-6359.542665922474,0.23197934990239863,3
153.133228,"Field2d",[4185.555604133502; -6359.543308494798; 0.2319813266241373],4185.555604133502,-6359.543308494798,0.2319813266241373,3
153.138263,"Field2d",[4185.752577060149; -6359.3720002936925; 0.23215423775663663],4185.752577060149,-6359.3720002936925,0.23215423775663663,3
153.140809,"Field2d",[4185.478598448025; -6359.386456819829; 0.23197248339537166],4185.478598448025,-6359.386456819829,0.23197248339537166,3
153.144877,"Field2d",[4185.501807390196; -6359.39867576513; 0.2319898577389346],4185.501807390196,-6359.39867576513,0.2319898577389346,3
153.149769,"Field2d",[4185.505987015218; -6359.4013399709565; 0.2334226570177416],4185.505987015218,-6359.4013399709565,0.2334226570177416,3
153.153846,"Field2d",[4185.509528568578; -6359.404080144999; 0.23340634514324915],4185.509528568578,-6359.404080144999,0.23340634514324915,3
153.156912,"Field2d",[4185.510353071984; -6359.404747175003; 0.2334251720644658],4185.510353071984,-6359.404747175003,0.2334251720644658,3
153.16145,"Field2d",[4185.499488086164; -6359.399699689408; 0.23341971082013394],4185.499488086164,-6359.399699689408,0.23341971082013394,3
153.165739,"Field2d",[4185.486873574395; -6359.397498937617; 0.23341389028342313],4185.486873574395,-6359.397498937617,0.23341389028342313,3
153.169949,"Field2d",[4185.502525708855; -6359.407568459597; 0.23345367656359492],4185.502525708855,-6359.407568459597,0.23345367656359492,3
153.173478,"Field2d",[4185.496321385092; -6359.404710624189; 0.23345350557587174],4185.496321385092,-6359.404710624189,0.23345350557587174,3
153.176833,"Field2d",[4185.5010233780495; -6359.407556398764; 0.2334536415888353],4185.5010233780495,-6359.407556398764,0.2334536415888353,3
153.180895,"Field2d",[4185.482456130701; -6359.404578819689; 0.23345317914476207],4185.482456130701,-6359.404578819689,0.23345317914476207,3
153.185166,"Field2d",[4185.479722548691; -6359.404297026996; 0.23345310919523588],4185.479722548691,-6359.404297026996,0.23345310919523588,3
153.189929,"Field2d",[4185.5001247504015; -6359.418659888782; 0.23345259316409897],4185.5001247504015,-6359.418659888782,0.23345259316409897,3
153.193632,"Field2d",[4185.478342602713; -6359.415112721895; 0.23345265084177672],4185.478342602713,-6359.415112721895,0.23345265084177672,3
153.196963,"Field2d",[4185.481893174848; -6359.415967424492; 0.2334526410242992],4185.481893174848,-6359.415967424492,0.2334526410242992,3
153.20074,"Field2d",[4185.477005245878; -6359.421071218912; 0.23345267497640787],4185.477005245878,-6359.421071218912,0.23345267497640787,3
153.206331,"Field2d",[4185.493970300443; -6359.449007279549; 0.23345260870843815],4185.493970300443,-6359.449007279549,0.23345260870843815,3
153.208858,"Field2d",[4185.481160623814; -6359.4407324004615; 0.2334522888223112],4185.481160623814,-6359.4407324004615,0.2334522888223112,3
153.213941,"Field2d",[4185.471229949669; -6359.437011757954; 0.2334523984508046],4185.471229949669,-6359.437011757954,0.2334523984508046,3
153.217455,"Field2d",[4185.461091559925; -6359.435494462762; 0.23345250644305132],4185.461091559925,-6359.435494462762,0.23345250644305132,3
153.222624,"Field2d",[4185.468573919676; -6359.437886439873; 0.2334524246307428],4185.468573919676,-6359.437886439873,0.2334524246307428,3
153.225459,"Field2d",[4185.473248604732; -6359.4399403574; 0.23345237063461927],4185.473248604732,-6359.4399403574,0.23345237063461927,3
153.228958,"Field2d",[4185.461462580043; -6359.437737402135; 0.23340458699672254],4185.461462580043,-6359.437737402135,0.23340458699672254,3
153.232747,"Field2d",[4185.453455493645; -6359.437571330098; 0.2334046551736453],4185.453455493645,-6359.437571330098,0.2334046551736453,3
153.236934,"Field2d",[4185.465360432686; -6359.440918515636; 0.23340454745410671],4185.465360432686,-6359.440918515636,0.23340454745410671,3
153.240707,"Field2d",[4185.4575986505715; -6359.4400295799705; 0.23340461699456808],4185.4575986505715,-6359.4400295799705,0.23340461699456808,3
153.245988,"Field2d",[4185.476706929322; -6359.452628379002; 0.23340441791795244],4185.476706929322,-6359.452628379002,0.23340441791795244,3
153.249693,"Field2d",[4185.4540503825265; -6359.449903940393; 0.23345306862996923],4185.4540503825265,-6359.449903940393,0.23345306862996923,3
153.253194,"Field2d",[4185.474447582395; -6359.4651147743125; 0.23345360981838914],4185.474447582395,-6359.4651147743125,0.23345360981838914,3
153.257965,"Field2d",[4185.466453620979; -6359.461172085987; 0.2334534227409103],4185.466453620979,-6359.461172085987,0.2334534227409103,3
153.261171,"Field2d",[4185.444625879678; -6359.460931139004; 0.23345295504721184],4185.444625879678,-6359.460931139004,0.23345295504721184,3
153.26549,"Field2d",[4185.4702657342405; -6359.482293974414; 0.23345281139843363],4185.4702657342405,-6359.482293974414,0.23345281139843363,3
153.270132,"Field2d",[4185.438199820285; -6359.48080422962; 0.23345271301913115],4185.438199820285,-6359.48080422962,0.23345271301913115,3
153.273728,"Field2d",[4185.436433076566; -6359.480786242177; 0.23345271151923935],4185.436433076566,-6359.480786242177,0.23345271151923935,3
153.276719,"Field2d",[4185.446330029661; -6359.49216306847; 0.2334527062014385],4185.446330029661,-6359.49216306847,0.2334527062014385,3
153.281501,"Field2d",[4185.447626786747; -6359.492615491177; 0.23345272488191612],4185.447626786747,-6359.492615491177,0.23345272488191612,3
153.285543,"Field2d",[4185.438922562119; -6359.491355663872; 0.2334527172461006],4185.438922562119,-6359.491355663872,0.2334527172461006,3
153.290867,"Field2d",[4185.431011262921; -6359.491490639341; 0.23350072150452314],4185.431011262921,-6359.491490639341,0.23350072150452314,3
153.293406,"Field2d",[4185.432305243014; -6359.491502845502; 0.23350073132200017],4185.432305243014,-6359.491502845502,0.23350073132200017,3
153.296965,"Field2d",[4185.443089146404; -6359.503614154703; 0.2335006945064616],4185.443089146404,-6359.503614154703,0.2335006945064616,3
153.302105,"Field2d",[4185.456592086598; -6359.514577991179; 0.23350098780358905],4185.456592086598,-6359.514577991179,0.23350098780358905,3
153.305218,"Field2d",[4185.425763044501; -6359.513097508917; 0.23350074604821514],4185.425763044501,-6359.513097508917,0.23350074604821514,3
153.310037,"Field2d",[4185.449680392541; -6359.532410147246; 0.23354915582298216],4185.449680392541,-6359.532410147246,0.23354915582298216,3
153.313657,"Field2d",[4185.451992553487; -6359.534536722002; 0.23354867517566777],4185.451992553487,-6359.534536722002,0.23354867517566777,3
153.318101,"Field2d",[4185.432517509631; -6359.528018195902; 0.23354893083913333],4185.432517509631,-6359.528018195902,0.23354893083913333,3
153.321368,"Field2d",[4185.423013055571; -6359.526806973561; 0.23354880403005487],4185.423013055571,-6359.526806973561,0.23354880403005487,3
153.325697,"Field2d",[4185.43312563658; -6359.540965602648; 0.23354876312389963],4185.43312563658,-6359.540965602648,0.23354876312389963,3
153.329861,"Field2d",[4185.404160235952; -6359.487422812292; 0.23354916277702803],4185.404160235952,-6359.487422812292,0.23354916277702803,3
153.332912,"Field2d",[4185.353258762352; -6359.475524168312; 0.2335486338604517],4185.353258762352,-6359.475524168312,0.2335486338604517,3
153.338045,"Field2d",[4185.349885050591; -6359.474986258982; 0.2335486252701592],4185.349885050591,-6359.474986258982,0.2335486252701592,3
153.340776,"Field2d",[4185.34081999632; -6359.4752370731685; 0.2335486015445897],4185.34081999632,-6359.4752370731685,0.2335486015445897,3
153.345364,"Field2d",[4185.365991173318; -6359.4922672579705; 0.2335486804934678],4185.365991173318,-6359.4922672579705,0.2335486804934678,3
153.349475,"Field2d",[4185.33524884759; -6359.493390709215; 0.23359658371368985],4185.33524884759,-6359.493390709215,0.23359658371368985,3
153.352922,"Field2d",[4185.352480109032; -6359.49943612087; 0.2335967181585833],4185.352480109032,-6359.49943612087,0.2335967181585833,3
153.357488,"Field2d",[4185.344788110112; -6359.498057301912; 0.23359666020819655],4185.344788110112,-6359.498057301912,0.23359666020819655,3
153.361719,"Field2d",[4185.360648397152; -6359.5080231598395; 0.23359679928912203],4185.360648397152,-6359.5080231598395,0.23359679928912203,3
153.365217,"Field2d",[4185.351183049537; -6359.504521717215; 0.2335967239536211],4185.351183049537,-6359.504521717215,0.2335967239536211,3
153.369502,"Field2d",[4185.34009767729; -6359.5031180577425; 0.23359658057755053],4185.34009767729,-6359.5031180577425,0.23359658057755053,3
153.373519,"Field2d",[4185.331431004245; -6359.503567777343; 0.23359654682997288],4185.331431004245,-6359.503567777343,0.23359654682997288,3
153.376924,"Field2d",[4185.341289548431; -6359.505082387589; 0.23359658609988118],4185.341289548431,-6359.505082387589,0.23359658609988118,3
153.382158,"Field2d",[4185.354432687831; -6359.511457843055; 0.23359664316396614],4185.354432687831,-6359.511457843055,0.23359664316396614,3
153.385314,"Field2d",[4185.331464735285; -6359.511891099025; 0.2335965529658958],4185.331464735285,-6359.511891099025,0.2335965529658958,3
153.389237,"Field2d",[4185.3395127117565; -6359.513074593192; 0.2335965118552107],4185.3395127117565,-6359.513074593192,0.2335965118552107,3
153.393109,"Field2d",[4185.3474595386415; -6359.515684511401; 0.2335965118552107],4185.3474595386415,-6359.515684511401,0.2335965118552107,3
153.398097,"Field2d",[4185.353708650593; -6359.526183447632; 0.2335965118552107],4185.353708650593,-6359.526183447632,0.2335965118552107,3
153.40108,"Field2d",[4185.351354496307; -6359.525007843469; 0.2335965118552107],4185.351354496307,-6359.525007843469,0.2335965118552107,3
153.405204,"Field2d",[4185.354987913136; -6359.527270587238; 0.2335965118552107],4185.354987913136,-6359.527270587238,0.2335965118552107,3
153.408932,"Field2d",[4185.335213681473; -6359.52423258641; 0.2335965118552107],4185.335213681473,-6359.52423258641,0.2335965118552107,3
153.413694,"Field2d",[4185.351676760596; -6359.534265870346; 0.2335965118552107],4185.351676760596,-6359.534265870346,0.2335965118552107,3
153.416933,"Field2d",[4185.342838306972; -6359.530996359928; 0.2335965118552107],4185.342838306972,-6359.530996359928,0.2335965118552107,3
153.422093,"Field2d",[4185.344899598017; -6359.531868363032; 0.2335965118552107],4185.344899598017,-6359.531868363032,0.2335965118552107,3
153.426171,"Field2d",[4185.34625542828; -6359.532491344206; 0.2335965118552107],4185.34625542828,-6359.532491344206,0.2335965118552107,3
153.428904,"Field2d",[4185.333904371289; -6359.530359124577; 0.2335965118552107],4185.333904371289,-6359.530359124577,0.2335965118552107,3
153.433412,"Field2d",[4185.352901101067; -6359.5452724035695; 0.2335965118552107],4185.352901101067,-6359.5452724035695,0.2335965118552107,3
153.437995,"Field2d",[4185.346026300903; -6359.54147459447; 0.2335965118552107],4185.346026300903,-6359.54147459447,0.2335965118552107,3
153.441073,"Field2d",[4185.343330599902; -6359.540193701409; 0.2335965118552107],4185.343330599902,-6359.540193701409,0.2335965118552107,3
153.445789,"Field2d",[4185.329563449281; -6359.537999222809; 0.2335965118552107],4185.329563449281,-6359.537999222809,0.2335965118552107,3
153.4492,"Field2d",[4185.33803369304; -6359.541016871195; 0.2335965118552107],4185.33803369304,-6359.541016871195,0.2335965118552107,3
153.454037,"Field2d",[4185.33110267679; -6359.539630315001; 0.2335965118552107],4185.33110267679,-6359.539630315001,0.2335965118552107,3
153.456948,"Field2d",[4185.349642497202; -6359.554921922822; 0.2335965118552107],4185.349642497202,-6359.554921922822,0.2335965118552107,3
153.461021,"Field2d",[4185.342377072954; -6359.550777788455; 0.2335965118552107],4185.342377072954,-6359.550777788455,0.2335965118552107,3
153.46558,"Field2d",[4185.3343545704465; -6359.54790517117; 0.2335965118552107],4185.3343545704465,-6359.54790517117,0.2335965118552107,3
153.469736,"Field2d",[4185.343158998338; -6359.553378297908; 0.2335965118552107],4185.343158998338,-6359.553378297908,0.2335965118552107,3
153.473523,"Field2d",[4185.338268119101; -6359.5510446900325; 0.2335965118552107],4185.338268119101,-6359.5510446900325,0.2335965118552107,3
153.477178,"Field2d",[4185.347282490531; -6359.5583827851; 0.2335965118552107],4185.347282490531,-6359.5583827851,0.2335965118552107,3
153.482065,"Field2d",[4185.346287720411; -6359.557615019697; 0.2335965118552107],4185.346287720411,-6359.557615019697,0.2335965118552107,3
153.485681,"Field2d",[4185.3148363124155; -6359.557196422598; 0.2335965118552107],4185.3148363124155,-6359.557196422598,0.2335965118552107,3
153.490224,"Field2d",[4185.337652154157; -6359.571738353527; 0.2335965118552107],4185.337652154157,-6359.571738353527,0.2335965118552107,3
153.493844,"Field2d",[4185.316145035781; -6359.574864864577; 0.2335965118552107],4185.316145035781,-6359.574864864577,0.2335965118552107,3
153.497495,"Field2d",[4185.317497638943; -6359.57510922184; 0.2335965118552107],4185.317497638943,-6359.57510922184,0.2335965118552107,3
153.501302,"Field2d",[4185.313821762227; -6359.5747726061345; 0.2335965118552107],4185.313821762227,-6359.5747726061345,0.2335965118552107,3
153.505025,"Field2d",[4185.330730324727; -6359.583622519528; 0.2335965118552107],4185.330730324727,-6359.583622519528,0.2335965118552107,3
153.509901,"Field2d",[4185.330799790066; -6359.583659162152; 0.2335965118552107],4185.330799790066,-6359.583659162152,0.2335965118552107,3
153.51307,"Field2d",[4185.310182596963; -6359.582404955864; 0.2335965118552107],4185.310182596963,-6359.582404955864,0.2335965118552107,3
153.517079,"Field2d",[4185.33126660296; -6359.596082626923; 0.2335965118552107],4185.33126660296,-6359.596082626923,0.2335965118552107,3
153.521626,"Field2d",[4185.321496421619; -6359.592387839095; 0.2335965118552107],4185.321496421619,-6359.592387839095,0.2335965118552107,3
153.526176,"Field2d",[4185.310523029902; -6359.590900298715; 0.2335965118552107],4185.310523029902,-6359.590900298715,0.2335965118552107,3
153.530074,"Field2d",[4185.322457993939; -6359.595948440703; 0.2335965118552107],4185.322457993939,-6359.595948440703,0.2335965118552107,3
153.534059,"Field2d",[4185.325759498565; -6359.604791366455; 0.2335965118552107],4185.325759498565,-6359.604791366455,0.2335965118552107,3
153.537028,"Field2d",[4185.326590236656; -6359.605314548919; 0.2335965118552107],4185.326590236656,-6359.605314548919,0.2335965118552107,3
153.542343,"Field2d",[4185.312248227223; -6359.601643932073; 0.2335965118552107],4185.312248227223,-6359.601643932073,0.2335965118552107,3
153.54541,"Field2d",[4185.314721400064; -6359.602418851642; 0.2335965118552107],4185.314721400064,-6359.602418851642,0.2335965118552107,3
153.548907,"Field2d",[4185.306143204504; -6359.607062153832; 0.2335965118552107],4185.306143204504,-6359.607062153832,0.2335965118552107,3
153.553894,"Field2d",[4185.314247760475; -6359.609938657938; 0.2335965118552107],4185.314247760475,-6359.609938657938,0.2335965118552107,3
153.557621,"Field2d",[4185.300406374899; -6359.609186058832; 0.2335965118552107],4185.300406374899,-6359.609186058832,0.2335965118552107,3
153.562778,"Field2d",[4185.312376139691; -6359.623557705458; 0.2335965118552107],4185.312376139691,-6359.623557705458,0.2335965118552107,3
153.564862,"Field2d",[4185.305277328543; -6359.621530795607; 0.2335965118552107],4185.305277328543,-6359.621530795607,0.2335965118552107,3
153.569394,"Field2d",[4185.292754151593; -6359.621233154363; 0.2335965118552107],4185.292754151593,-6359.621233154363,0.2335965118552107,3
153.573148,"Field2d",[4185.315603791639; -6359.636371693138; 0.2335965118552107],4185.315603791639,-6359.636371693138,0.2335965118552107,3
153.576963,"Field2d",[4185.3137868663325; -6359.6352783756165; 0.2335965118552107],4185.3137868663325,-6359.6352783756165,0.2335965118552107,3
153.581278,"Field2d",[4185.297759132013; -6359.631923778539; 0.2335965118552107],4185.297759132013,-6359.631923778539,0.2335965118552107,3
153.584787,"Field2d",[4185.292009022793; -6359.631415864266; 0.2335965118552107],4185.292009022793,-6359.631415864266,0.2335965118552107,3
153.589667,"Field2d",[4185.295190899336; -6359.631910077711; 0.2335965118552107],4185.295190899336,-6359.631910077711,0.2335965118552107,3
153.593892,"Field2d",[4185.307620862792; -6359.637682120876; 0.2335965118552107],4185.307620862792,-6359.637682120876,0.2335965118552107,3
153.596759,"Field2d",[4185.28610202591; -6359.637811115062; 0.2335965118552107],4185.28610202591,-6359.637811115062,0.2335965118552107,3
153.601325,"Field2d",[4185.311652512354; -6359.657343236731; 0.2335965118552107],4185.311652512354,-6359.657343236731,0.2335965118552107,3
153.60595,"Field2d",[4185.312809762684; -6359.658285289425; 0.2335965118552107],4185.312809762684,-6359.658285289425,0.2335965118552107,3
153.610116,"Field2d",[4185.285021348794; -6359.655198692443; 0.2335965118552107],4185.285021348794,-6359.655198692443,0.2335965118552107,3
153.613391,"Field2d",[4185.277566949946; -6359.655513473496; 0.2335965118552107],4185.277566949946,-6359.655513473496,0.2335965118552107,3
153.617448,"Field2d",[4185.302728303813; -6359.6716357153755; 0.2335965118552107],4185.302728303813,-6359.6716357153755,0.2335965118552107,3
153.621069,"Field2d",[4185.2810392436295; -6359.674795914739; 0.2335965118552107],4185.2810392436295,-6359.674795914739,0.2335965118552107,3
153.62593,"Field2d",[4185.297512319644; -6359.684432293359; 0.2335965118552107],4185.297512319644,-6359.684432293359,0.2335965118552107,3
153.630219,"Field2d",[4185.29411916522; -6359.682789787054; 0.2335965118552107],4185.29411916522,-6359.682789787054,0.2335965118552107,3
153.633883,"Field2d",[4185.2962069187315; -6359.691071099752; 0.2335965118552107],4185.2962069187315,-6359.691071099752,0.2335965118552107,3
153.63753,"Field2d",[4185.27206412479; -6359.689568249116; 0.2335965118552107],4185.27206412479,-6359.689568249116,0.2335965118552107,3
153.641811,"Field2d",[4185.295603871091; -6359.708857041977; 0.2335965118552107],4185.295603871091,-6359.708857041977,0.2335965118552107,3
153.645197,"Field2d",[4185.268408551133; -6359.70543710384; 0.2335965118552107],4185.268408551133,-6359.70543710384,0.2335965118552107,3
153.649227,"Field2d",[4185.289459804073; -6359.722433500912; 0.2335965118552107],4185.289459804073,-6359.722433500912,0.2335965118552107,3
153.653522,"Field2d",[4185.280085889535; -6359.717736804171; 0.2335965118552107],4185.280085889535,-6359.717736804171,0.2335965118552107,3
153.657545,"Field2d",[4185.273804518564; -6359.715595257776; 0.2335965118552107],4185.273804518564,-6359.715595257776,0.2335965118552107,3
153.661841,"Field2d",[4185.263427615806; -6359.714400445327; 0.2335965118552107],4185.263427615806,-6359.714400445327,0.2335965118552107,3
153.664895,"Field2d",[4185.260998061597; -6359.714242903055; 0.2335965118552107],4185.260998061597,-6359.714242903055,0.2335965118552107,3
153.670355,"Field2d",[4185.272541454311; -6359.717982512941; 0.2335965118552107],4185.272541454311,-6359.717982512941,0.2335965118552107,3
153.673911,"Field2d",[4185.267114806382; -6359.716883178059; 0.2335965118552107],4185.267114806382,-6359.716883178059,0.2335965118552107,3
153.677504,"Field2d",[4185.269811298776; -6359.71759189779; 0.2335965118552107],4185.269811298776,-6359.71759189779,0.2335965118552107,3
153.681027,"Field2d",[4185.259375510545; -6359.7171422056335; 0.2335965118552107],4185.259375510545,-6359.7171422056335,0.2335965118552107,3
153.68605,"Field2d",[4185.278716379832; -6359.727524162382; 0.2335965118552107],4185.278716379832,-6359.727524162382,0.2335965118552107,3
153.688943,"Field2d",[4185.254998671891; -6359.727361134798; 0.2335965118552107],4185.254998671891,-6359.727361134798,0.2335965118552107,3
153.694016,"Field2d",[4185.279723249009; -6359.745639391851; 0.2335965118552107],4185.279723249009,-6359.745639391851,0.2335965118552107,3
153.6975,"Field2d",[4185.261086515223; -6359.741013024226; 0.2335965118552107],4185.261086515223,-6359.741013024226,0.2335965118552107,3
153.700966,"Field2d",[4185.250211382754; -6359.740789554825; 0.2335965118552107],4185.250211382754,-6359.740789554825,0.2335965118552107,3
153.705736,"Field2d",[4185.269995883146; -6359.751003191499; 0.2335965118552107],4185.269995883146,-6359.751003191499,0.2335965118552107,3
153.708937,"Field2d",[4185.250496595345; -6359.7495176869625; 0.2335965118552107],4185.250496595345,-6359.7495176869625,0.2335965118552107,3
153.713929,"Field2d",[4185.2670829310355; -6359.757612580782; 0.2335965118552107],4185.2670829310355,-6359.757612580782,0.2335965118552107,3
153.716849,"Field2d",[4185.248438427355; -6359.756282593699; 0.2335965118552107],4185.248438427355,-6359.756282593699,0.2335965118552107,3
153.722054,"Field2d",[4185.2571754257615; -6359.758571284303; 0.2335965118552107],4185.2571754257615,-6359.758571284303,0.2335965118552107,3
153.724757,"Field2d",[4185.272555617771; -6359.770328735182; 0.2335965118552107],4185.272555617771,-6359.770328735182,0.2335965118552107,3
153.729459,"Field2d",[4185.25038350242; -6359.766059064487; 0.2335965118552107],4185.25038350242,-6359.766059064487,0.2335965118552107,3
153.733753,"Field2d",[4185.270269524913; -6359.784347189193; 0.2335965118552107],4185.270269524913,-6359.784347189193,0.2335965118552107,3
153.736922,"Field2d",[4185.256592988841; -6359.777996319341; 0.2335965118552107],4185.256592988841,-6359.777996319341,0.2335965118552107,3
153.742068,"Field2d",[4185.254595801005; -6359.777174198558; 0.2335965118552107],4185.254595801005,-6359.777174198558,0.2335965118552107,3
153.745101,"Field2d",[4185.248094556798; -6359.7754936496385; 0.2335965118552107],4185.248094556798,-6359.7754936496385,0.2335965118552107,3
153.750311,"Field2d",[4185.253613279068; -6359.7776623718; 0.2335965118552107],4185.253613279068,-6359.7776623718,0.2335965118552107,3
153.753857,"Field2d",[4185.255621694885; -6359.778557956914; 0.2335965118552107],4185.255621694885,-6359.778557956914,0.2335965118552107,3
153.757296,"Field2d",[4185.236069414614; -6359.778187772161; 0.2335965118552107],4185.236069414614,-6359.778187772161,0.2335965118552107,3
153.760889,"Field2d",[4185.240364080245; -6359.7786508205645; 0.2335965118552107],4185.240364080245,-6359.7786508205645,0.2335965118552107,3
153.765799,"Field2d",[4185.242460492161; -6359.778969578369; 0.2335965118552107],4185.242460492161,-6359.778969578369,0.2335965118552107,3
153.770229,"Field2d",[4185.284955355559; -6359.729605140965; 0.2335965118552107],4185.284955355559,-6359.729605140965,0.2335965118552107,3
153.773029,"Field2d",[4185.233218769831; -6359.705732187482; 0.2335965118552107],4185.233218769831,-6359.705732187482,0.2335965118552107,3
153.777126,"Field2d",[4185.231404303169; -6359.70498200323; 0.2335965118552107],4185.231404303169,-6359.70498200323,0.2335965118552107,3
153.781361,"Field2d",[4185.244228438098; -6359.716967515379; 0.2335965118552107],4185.244228438098,-6359.716967515379,0.2335965118552107,3
153.78511,"Field2d",[4185.231292223323; -6359.71061548184; 0.2335965118552107],4185.231292223323,-6359.71061548184,0.2335965118552107,3
153.789863,"Field2d",[4185.218042107852; -6359.708196304807; 0.2335965118552107],4185.218042107852,-6359.708196304807,0.2335965118552107,3
153.792923,"Field2d",[4185.216527648874; -6359.707968616469; 0.2335965118552107],4185.216527648874,-6359.707968616469,0.2335965118552107,3
153.79708,"Field2d",[4185.227682048082; -6359.712644356272; 0.2335965118552107],4185.227682048082,-6359.712644356272,0.2335965118552107,3
153.800835,"Field2d",[4185.212219612516; -6359.711416390363; 0.2335965118552107],4185.212219612516,-6359.711416390363,0.2335965118552107,3
153.805911,"Field2d",[4185.235919215956; -6359.732689719376; 0.2335965118552107],4185.235919215956,-6359.732689719376,0.2335965118552107,3
153.810016,"Field2d",[4185.1997932940585; -6359.732993442586; 0.2335965118552107],4185.1997932940585,-6359.732993442586,0.2335965118552107,3
153.813824,"Field2d",[4185.225833806144; -6359.753811381365; 0.2335965118552107],4185.225833806144,-6359.753811381365,0.2335965118552107,3
153.817555,"Field2d",[4185.205827594486; -6359.748673925825; 0.2335965118552107],4185.205827594486,-6359.748673925825,0.2335965118552107,3
153.821795,"Field2d",[4185.194244483114; -6359.748510456599; 0.2335965118552107],4185.194244483114,-6359.748510456599,0.2335965118552107,3
153.825499,"Field2d",[4185.209726668362; -6359.754195180968; 0.2335965118552107],4185.209726668362,-6359.754195180968,0.2335965118552107,3
153.830247,"Field2d",[4185.192566267481; -6359.754187732413; 0.2335965118552107],4185.192566267481,-6359.754187732413,0.2335965118552107,3
153.834061,"Field2d",[4185.19633113941; -6359.760593011541; 0.2335965118552107],4185.19633113941,-6359.760593011541,0.2335965118552107,3
153.837113,"Field2d",[4185.217156689153; -6359.777180403746; 0.2335965118552107],4185.217156689153,-6359.777180403746,0.2335965118552107,3
153.840817,"Field2d",[4185.199324669768; -6359.771844085992; 0.2335965118552107],4185.199324669768,-6359.771844085992,0.2335965118552107,3
153.845925,"Field2d",[4185.1930448754165; -6359.770827659694; 0.2335965118552107],4185.1930448754165,-6359.770827659694,0.2335965118552107,3
153.848953,"Field2d",[4185.189130589179; -6359.770513610282; 0.2335965118552107],4185.189130589179,-6359.770513610282,0.2335965118552107,3
153.853561,"Field2d",[4185.198044855193; -6359.782478061057; 0.2335965118552107],4185.198044855193,-6359.782478061057,0.2335965118552107,3
153.857735,"Field2d",[4185.196208946441; -6359.781901091138; 0.2335965118552107],4185.196208946441,-6359.781901091138,0.2335965118552107,3
153.862287,"Field2d",[4185.186302964571; -6359.780736343493; 0.2335965118552107],4185.186302964571,-6359.780736343493,0.2335965118552107,3
153.865823,"Field2d",[4185.187157701887; -6359.7868680004; 0.2335965118552107],4185.187157701887,-6359.7868680004,0.2335965118552107,3
153.868868,"Field2d",[4185.184523418331; -6359.786550040683; 0.2335965118552107],4185.184523418331,-6359.786550040683,0.2335965118552107,3
153.873707,"Field2d",[4185.203166714441; -6359.7990076322385; 0.2335965118552107],4185.203166714441,-6359.7990076322385,0.2335965118552107,3
153.878341,"Field2d",[4185.343299796786; -6359.681357131315; 0.2335965118552107],4185.343299796786,-6359.681357131315,0.2335965118552107,3
153.881417,"Field2d",[4185.184782607045; -6359.612108874164; 0.2335965118552107],4185.184782607045,-6359.612108874164,0.2335965118552107,3
153.886026,"Field2d",[4185.191196247808; -6359.617229683056; 0.2335965118552107],4185.191196247808,-6359.617229683056,0.2335965118552107,3
153.890801,"Field2d",[4185.176611747409; -6359.6118346009; 0.2335965118552107],4185.176611747409,-6359.6118346009,0.2335965118552107,3
153.892779,"Field2d",[4185.170488013699; -6359.610428975282; 0.2335965118552107],4185.170488013699,-6359.610428975282,0.2335965118552107,3
153.896947,"Field2d",[4185.18000438076; -6359.614922673818; 0.2335965118552107],4185.18000438076,-6359.614922673818,0.2335965118552107,3
153.90196,"Field2d",[4185.17570873321; -6359.6218067133705; 0.2335965118552107],4185.17570873321,-6359.6218067133705,0.2335965118552107,3
153.905071,"Field2d",[4185.16486554683; -6359.619760667608; 0.2335965118552107],4185.16486554683,-6359.619760667608,0.2335965118552107,3
153.909205,"Field2d",[4185.170975968799; -6359.621794650004; 0.2335965118552107],4185.170975968799,-6359.621794650004,0.2335965118552107,3
153.913731,"Field2d",[4185.16035104409; -6359.620700916536; 0.2335965118552107],4185.16035104409,-6359.620700916536,0.2335965118552107,3
153.916874,"Field2d",[4185.171068783222; -6359.624432100925; 0.2335965118552107],4185.171068783222,-6359.624432100925,0.2335965118552107,3
153.920843,"Field2d",[4185.182486331876; -6359.6326339880225; 0.2335965118552107],4185.182486331876,-6359.6326339880225,0.2335965118552107,3
153.924879,"Field2d",[4185.177725657771; -6359.629963880804; 0.2335965118552107],4185.177725657771,-6359.629963880804,0.2335965118552107,3
153.930227,"Field2d",[4185.1736744071695; -6359.628153489704; 0.2335965118552107],4185.1736744071695,-6359.628153489704,0.2335965118552107,3
153.933258,"Field2d",[4185.169857786254; -6359.626814548722; 0.2335965118552107],4185.169857786254,-6359.626814548722,0.2335965118552107,3
153.937762,"Field2d",[4185.154112845459; -6359.626579837141; 0.2335965118552107],4185.154112845459,-6359.626579837141,0.2335965118552107,3
153.941244,"Field2d",[4185.1742476468535; -6359.6370563075125; 0.2335965118552107],4185.1742476468535,-6359.6370563075125,0.2335965118552107,3
153.945828,"Field2d",[4185.167533250608; -6359.6347249541905; 0.2335965118552107],4185.167533250608,-6359.6347249541905,0.2335965118552107,3
153.949303,"Field2d",[4185.1546052643425; -6359.633834221139; 0.2335965118552107],4185.1546052643425,-6359.633834221139,0.2335965118552107,3
153.953105,"Field2d",[4185.177202418572; -6359.651022328531; 0.2335965118552107],4185.177202418572,-6359.651022328531,0.2335965118552107,3
153.957926,"Field2d",[4185.172408440613; -6359.648174308877; 0.2335965118552107],4185.172408440613,-6359.648174308877,0.2335965118552107,3
153.961736,"Field2d",[4185.172710934931; -6359.648357069128; 0.2335965118552107],4185.172710934931,-6359.648357069128,0.2335965118552107,3
153.964823,"Field2d",[4185.17389937922; -6359.649122618902; 0.2335965118552107],4185.17389937922,-6359.649122618902,0.2335965118552107,3
153.969389,"Field2d",[4185.165809752261; -6359.645769797365; 0.2335965118552107],4185.165809752261,-6359.645769797365,0.2335965118552107,3
153.974259,"Field2d",[4185.167451713015; -6359.646522721466; 0.2335965118552107],4185.167451713015,-6359.646522721466,0.2335965118552107,3
153.976884,"Field2d",[4185.177092911811; -6359.654396981272; 0.2335965118552107],4185.177092911811,-6359.654396981272,0.2335965118552107,3
153.981683,"Field2d",[4185.159247146329; -6359.648836872324; 0.2335965118552107],4185.159247146329,-6359.648836872324,0.2335965118552107,3
153.985449,"Field2d",[4185.151471560421; -6359.647731739847; 0.2335965118552107],4185.151471560421,-6359.647731739847,0.2335965118552107,3
153.989985,"Field2d",[4185.156903559141; -6359.658075787684; 0.2335965118552107],4185.156903559141,-6359.658075787684,0.2335965118552107,3
153.993023,"Field2d",[4185.169409630367; -6359.667708867211; 0.2335965118552107],4185.169409630367,-6359.667708867211,0.2335965118552107,3
153.997153,"Field2d",[4185.167870849933; -6359.666620301796; 0.2335965118552107],4185.167870849933,-6359.666620301796,0.2335965118552107,3
154.001685,"Field2d",[4185.157225996462; -6359.6623581322565; 0.2335965118552107],4185.157225996462,-6359.6623581322565,0.2335965118552107,3
154.005953,"Field2d",[4185.146323549007; -6359.660656174375; 0.2335965118552107],4185.146323549007,-6359.660656174375,0.2335965118552107,3
154.008776,"Field2d",[4185.154211752907; -6359.663317211354; 0.2335965118552107],4185.154211752907,-6359.663317211354,0.2335965118552107,3
154.013416,"Field2d",[4185.156727152788; -6359.664324370429; 0.2335965118552107],4185.156727152788,-6359.664324370429,0.2335965118552107,3
154.01683,"Field2d",[4185.168715073766; -6359.674473981505; 0.2335965118552107],4185.168715073766,-6359.674473981505,0.2335965118552107,3
154.021873,"Field2d",[4185.155279490546; -6359.668740096978; 0.2335965118552107],4185.155279490546,-6359.668740096978,0.2335965118552107,3
154.025058,"Field2d",[4185.158495012605; -6359.677579341765; 0.2335965118552107],4185.158495012605,-6359.677579341765,0.2335965118552107,3
154.029376,"Field2d",[4185.162076287781; -6359.680199462762; 0.2335965118552107],4185.162076287781,-6359.680199462762,0.2335965118552107,3
154.033421,"Field2d",[4185.15829514754; -6359.677953094587; 0.2335965118552107],4185.15829514754,-6359.677953094587,0.2335965118552107,3
154.03713,"Field2d",[4185.138303713313; -6359.6754717367185; 0.2335965118552107],4185.138303713313,-6359.6754717367185,0.2335965118552107,3
154.041787,"Field2d",[4185.137835511565; -6359.675418460192; 0.2335965118552107],4185.137835511565,-6359.675418460192,0.2335965118552107,3
154.045227,"Field2d",[4185.156745229402; -6359.687685621398; 0.2335965118552107],4185.156745229402,-6359.687685621398,0.2335965118552107,3
154.049686,"Field2d",[4185.133653778414; -6359.685364901284; 0.2335965118552107],4185.133653778414,-6359.685364901284,0.2335965118552107,3
154.054306,"Field2d",[4185.148659005557; -6359.701233690197; 0.2335965118552107],4185.148659005557,-6359.701233690197,0.2335965118552107,3
154.057193,"Field2d",[4185.143783386139; -6359.699054316543; 0.2335965118552107],4185.143783386139,-6359.699054316543,0.2335965118552107,3
154.061305,"Field2d",[4185.14456514598; -6359.699422002411; 0.2335965118552107],4185.14456514598,-6359.699422002411,0.2335965118552107,3
154.065892,"Field2d",[4185.137093419369; -6359.69727096988; 0.2335965118552107],4185.137093419369,-6359.69727096988,0.2335965118552107,3
154.068812,"Field2d",[4185.136873320883; -6359.705708094377; 0.2335965118552107],4185.136873320883,-6359.705708094377,0.2335965118552107,3
154.07417,"Field2d",[4185.147284267932; -6359.712814764341; 0.2335965118552107],4185.147284267932,-6359.712814764341,0.2335965118552107,3
154.076874,"Field2d",[4185.136158443291; -6359.708709280973; 0.2335965118552107],4185.136158443291,-6359.708709280973,0.2335965118552107,3
154.081989,"Field2d",[4185.13195089506; -6359.707570923434; 0.2335965118552107],4185.13195089506,-6359.707570923434,0.2335965118552107,3
154.085983,"Field2d",[4185.148488629529; -6359.721825729902; 0.2335965118552107],4185.148488629529,-6359.721825729902,0.2335965118552107,3
154.089174,"Field2d",[4185.134246321732; -6359.715882574259; 0.2335965118552107],4185.134246321732,-6359.715882574259,0.2335965118552107,3
154.092761,"Field2d",[4185.13251739089; -6359.715236713194; 0.2335965118552107],4185.13251739089,-6359.715236713194,0.2335965118552107,3
154.096884,"Field2d",[4185.137286311686; -6359.7176406126855; 0.2335965118552107],4185.137286311686,-6359.7176406126855,0.2335965118552107,3
154.101964,"Field2d",[4185.130620580636; -6359.715409867788; 0.2335965118552107],4185.130620580636,-6359.715409867788,0.2335965118552107,3
154.104735,"Field2d",[4185.122352322593; -6359.714146481194; 0.2335965118552107],4185.122352322593,-6359.714146481194,0.2335965118552107,3
154.110685,"Field2d",[4185.258387795498; -6359.816252093863; 0.2335965118552107],4185.258387795498,-6359.816252093863,0.2335965118552107,3
154.113721,"Field2d",[4185.10295263088; -6359.76754957343; 0.2335965118552107],4185.10295263088,-6359.76754957343,0.2335965118552107,3
154.116751,"Field2d",[4185.096646872944; -6359.766450691636; 0.2335965118552107],4185.096646872944,-6359.766450691636,0.2335965118552107,3
154.121677,"Field2d",[4185.101042022233; -6359.767647429448; 0.2335965118552107],4185.101042022233,-6359.767647429448,0.2335965118552107,3
154.125734,"Field2d",[4185.098275582391; -6359.767063751893; 0.2335965118552107],4185.098275582391,-6359.767063751893,0.2335965118552107,3
154.128762,"Field2d",[4185.090391041323; -6359.766698707663; 0.2335965118552107],4185.090391041323,-6359.766698707663,0.2335965118552107,3
154.132756,"Field2d",[4185.110660504674; -6359.7784775566315; 0.2335965118552107],4185.110660504674,-6359.7784775566315,0.2335965118552107,3
154.13732,"Field2d",[4185.1069334907; -6359.77671396601; 0.2335965118552107],4185.1069334907,-6359.77671396601,0.2335965118552107,3
154.141447,"Field2d",[4185.1107236370835; -6359.778945113286; 0.2335965118552107],4185.1107236370835,-6359.778945113286,0.2335965118552107,3
154.145595,"Field2d",[4185.1153748235465; -6359.782494903932; 0.2335965118552107],4185.1153748235465,-6359.782494903932,0.2335965118552107,3
154.150194,"Field2d",[4185.113899281739; -6359.781452931733; 0.2335965118552107],4185.113899281739,-6359.781452931733,0.2335965118552107,3
154.153512,"Field2d",[4185.114281554876; -6359.781728466125; 0.2335965118552107],4185.114281554876,-6359.781728466125,0.2335965118552107,3
154.158088,"Field2d",[4185.10653189582; -6359.778000182032; 0.2335965118552107],4185.10653189582,-6359.778000182032,0.2335965118552107,3
154.16069,"Field2d",[4185.097706515206; -6359.783713109901; 0.2335965118552107],4185.097706515206,-6359.783713109901,0.2335965118552107,3
154.165535,"Field2d",[4185.104187746494; -6359.786817147313; 0.2335965118552107],4185.104187746494,-6359.786817147313,0.2335965118552107,3
154.169034,"Field2d",[4185.097434292304; -6359.78473087268; 0.2335965118552107],4185.097434292304,-6359.78473087268,0.2335965118552107,3
154.174705,"Field2d",[4185.09979417595; -6359.785595217863; 0.2335965118552107],4185.09979417595,-6359.785595217863,0.2335965118552107,3
154.177557,"Field2d",[4185.108472353195; -6359.791048096752; 0.2335965118552107],4185.108472353195,-6359.791048096752,0.2335965118552107,3
154.182163,"Field2d",[4185.104332881595; -6359.788965802423; 0.2335965118552107],4185.104332881595,-6359.788965802423,0.2335965118552107,3
154.185826,"Field2d",[4185.020660480438; -6359.681686490433; 0.2335965118552107],4185.020660480438,-6359.681686490433,0.2335965118552107,3
154.189407,"Field2d",[4184.917722075233; -6359.636070339947; 0.2335965118552107],4184.917722075233,-6359.636070339947,0.2335965118552107,3
154.192887,"Field2d",[4184.915512526393; -6359.634872821696; 0.2335965118552107],4184.915512526393,-6359.634872821696,0.2335965118552107,3
154.198207,"Field2d",[4184.902939433718; -6359.63190164034; 0.2335965118552107],4184.902939433718,-6359.63190164034,0.2335965118552107,3
154.200844,"Field2d",[4184.915893437712; -6359.639696589085; 0.2335965118552107],4184.915893437712,-6359.639696589085,0.2335965118552107,3
154.20586,"Field2d",[4184.895916296713; -6359.637102821151; 0.2335965118552107],4184.895916296713,-6359.637102821151,0.2335965118552107,3
154.208859,"Field2d",[4184.888692149467; -6359.637239101836; 0.2335965118552107],4184.888692149467,-6359.637239101836,0.2335965118552107,3
154.214282,"Field2d",[4184.9157540633905; -6359.6607557945545; 0.2335965118552107],4184.9157540633905,-6359.6607557945545,0.2335965118552107,3
154.21689,"Field2d",[4184.896525955618; -6359.654747994019; 0.2335965118552107],4184.896525955618,-6359.654747994019,0.2335965118552107,3
154.221187,"Field2d",[4184.885205431828; -6359.653949669373; 0.2335965118552107],4184.885205431828,-6359.653949669373,0.2335965118552107,3
154.226452,"Field2d",[4184.904629932365; -6359.665384299428; 0.2335965118552107],4184.904629932365,-6359.665384299428,0.2335965118552107,3
154.229475,"Field2d",[4184.896097239586; -6359.662305780698; 0.2335965118552107],4184.896097239586,-6359.662305780698,0.2335965118552107,3
154.233203,"Field2d",[4184.892567451998; -6359.669562423966; 0.2335965118552107],4184.892567451998,-6359.669562423966,0.2335965118552107,3
154.236866,"Field2d",[4184.891280804647; -6359.669204419952; 0.2335965118552107],4184.891280804647,-6359.669204419952,0.2335965118552107,3
154.241951,"Field2d",[4184.881148950396; -6359.668317703929; 0.2335965118552107],4184.881148950396,-6359.668317703929,0.2335965118552107,3
154.245135,"Field2d",[4184.899328543251; -6359.678610087178; 0.2335965118552107],4184.899328543251,-6359.678610087178,0.2335965118552107,3
154.24981,"Field2d",[4184.903894452493; -6359.681945945564; 0.2335965118552107],4184.903894452493,-6359.681945945564,0.2335965118552107,3
154.254074,"Field2d",[4184.895359430956; -6359.677949174229; 0.2335965118552107],4184.895359430956,-6359.677949174229,0.2335965118552107,3
154.257664,"Field2d",[4184.894966636821; -6359.67776945656; 0.2335965118552107],4184.894966636821,-6359.67776945656,0.2335965118552107,3
154.261708,"Field2d",[4184.888886984514; -6359.675896819604; 0.2335965118552107],4184.888886984514,-6359.675896819604,0.2335965118552107,3
154.265488,"Field2d",[4184.881902335062; -6359.674812234864; 0.2335965118552107],4184.881902335062,-6359.674812234864,0.2335965118552107,3
154.26938,"Field2d",[4184.889405235903; -6359.677262934041; 0.2335965118552107],4184.889405235903,-6359.677262934041,0.2335965118552107,3
154.274507,"Field2d",[4184.886517009748; -6359.676511335967; 0.2335965118552107],4184.886517009748,-6359.676511335967,0.2335965118552107,3
154.277222,"Field2d",[4184.876674259559; -6359.675991987562; 0.2335965118552107],4184.876674259559,-6359.675991987562,0.2335965118552107,3
154.282078,"Field2d",[4184.900226685027; -6359.69451234864; 0.2335965118552107],4184.900226685027,-6359.69451234864,0.2335965118552107,3
154.285057,"Field2d",[4184.89172307844; -6359.690182911826; 0.2335965118552107],4184.89172307844,-6359.690182911826,0.2335965118552107,3
154.289201,"Field2d",[4184.898338321041; -6359.695106520871; 0.2335965118552107],4184.898338321041,-6359.695106520871,0.2335965118552107,3
154.292753,"Field2d",[4184.893369755398; -6359.69224587846; 0.2335965118552107],4184.893369755398,-6359.69224587846,0.2335965118552107,3
154.297105,"Field2d",[4184.892334874601; -6359.691682988249; 0.2335965118552107],4184.892334874601,-6359.691682988249,0.2335965118552107,3
154.301218,"Field2d",[4184.897480567339; -6359.695423428368; 0.2335965118552107],4184.897480567339,-6359.695423428368,0.2335965118552107,3
154.305264,"Field2d",[4184.882959857358; -6359.690681438533; 0.2335965118552107],4184.882959857358,-6359.690681438533,0.2335965118552107,3
154.310405,"Field2d",[4184.8858417254105; -6359.691829751288; 0.2335965118552107],4184.8858417254105,-6359.691829751288,0.2335965118552107,3
154.3139,"Field2d",[4184.876300095582; -6359.6900876704185; 0.2335965118552107],4184.876300095582,-6359.6900876704185,0.2335965118552107,3
154.318077,"Field2d",[4184.887929239928; -6359.695624860428; 0.2335965118552107],4184.887929239928,-6359.695624860428,0.2335965118552107,3
154.32114,"Field2d",[4184.884297412021; -6359.694238041914; 0.2335965118552107],4184.884297412021,-6359.694238041914,0.2335965118552107,3
154.325084,"Field2d",[4184.873875949571; -6359.698378303591; 0.2335965118552107],4184.873875949571,-6359.698378303591,0.2335965118552107,3
154.329578,"Field2d",[4184.883699816689; -6359.702570821232; 0.2335965118552107],4184.883699816689,-6359.702570821232,0.2335965118552107,3
154.333836,"Field2d",[4184.869694898044; -6359.70095828308; 0.2335965118552107],4184.869694898044,-6359.70095828308,0.2335965118552107,3
154.33738,"Field2d",[4184.864472315616; -6359.700918184329; 0.2335965118552107],4184.864472315616,-6359.700918184329,0.2335965118552107,3
154.341716,"Field2d",[4184.890291047032; -6359.722564832974; 0.2335965118552107],4184.890291047032,-6359.722564832974,0.2335965118552107,3
154.344901,"Field2d",[4184.867442844449; -6359.717494125435; 0.2335965118552107],4184.867442844449,-6359.717494125435,0.2335965118552107,3
154.350606,"Field2d",[4184.875348447027; -6359.720778162491; 0.2335965118552107],4184.875348447027,-6359.720778162491,0.2335965118552107,3
154.354657,"Field2d",[4184.8687739083425; -6359.7190673796285; 0.2335965118552107],4184.8687739083425,-6359.7190673796285,0.2335965118552107,3
154.358653,"Field2d",[4184.872070217078; -6359.729287784019; 0.2335965118552107],4184.872070217078,-6359.729287784019,0.2335965118552107,3
154.36163,"Field2d",[4184.8798585003415; -6359.734733006024; 0.2335965118552107],4184.8798585003415,-6359.734733006024,0.2335965118552107,3
154.365179,"Field2d",[4184.87524235137; -6359.732207177105; 0.2335965118552107],4184.87524235137,-6359.732207177105,0.2335965118552107,3
154.369742,"Field2d",[4184.864742091026; -6359.729220779756; 0.2335965118552107],4184.864742091026,-6359.729220779756,0.2335965118552107,3
154.372766,"Field2d",[4184.862098801416; -6359.728625289886; 0.2335965118552107],4184.862098801416,-6359.728625289886,0.2335965118552107,3
154.377341,"Field2d",[4184.85433871631; -6359.728140690916; 0.2335965118552107],4184.85433871631,-6359.728140690916,0.2335965118552107,3
154.382852,"Field2d",[4185.122478209766; -6359.929217996416; 0.2335965118552107],4185.122478209766,-6359.929217996416,0.2335965118552107,3
154.385448,"Field2d",[4184.875159359599; -6359.746996680256; 0.2335965118552107],4184.875159359599,-6359.746996680256,0.2335965118552107,3
154.389125,"Field2d",[4184.849382561298; -6359.744301299332; 0.2335965118552107],4184.849382561298,-6359.744301299332,0.2335965118552107,3
154.393695,"Field2d",[4184.864066824003; -6359.759777617323; 0.2335965118552107],4184.864066824003,-6359.759777617323,0.2335965118552107,3
154.39717,"Field2d",[4184.860513058161; -6359.7581069071575; 0.2335965118552107],4184.860513058161,-6359.7581069071575,0.2335965118552107,3
154.40127,"Field2d",[4184.86190937166; -6359.7588263169255; 0.2335965118552107],4184.86190937166,-6359.7588263169255,0.2335965118552107,3
154.405356,"Field2d",[4184.85772109294; -6359.757137639236; 0.2335965118552107],4184.85772109294,-6359.757137639236,0.2335965118552107,3
154.409119,"Field2d",[4184.845938387217; -6359.7554823116525; 0.2335965118552107],4184.845938387217,-6359.7554823116525,0.2335965118552107,3
154.41433,"Field2d",[4184.854917990884; -6359.766065305149; 0.2335965118552107],4184.854917990884,-6359.766065305149,0.2335965118552107,3
154.417018,"Field2d",[4184.836138108322; -6359.765006714063; 0.2335965118552107],4184.836138108322,-6359.765006714063,0.2335965118552107,3
154.421569,"Field2d",[4184.858590770027; -6359.781135303688; 0.2335965118552107],4184.858590770027,-6359.781135303688,0.2335965118552107,3
154.424967,"Field2d",[4184.848704032747; -6359.785091103367; 0.2335965118552107],4184.848704032747,-6359.785091103367,0.2335965118552107,3
154.428986,"Field2d",[4184.854430225794; -6359.789099687483; 0.2335965118552107],4184.854430225794,-6359.789099687483,0.2335965118552107,3
154.433814,"Field2d",[4184.844787151175; -6359.785084865283; 0.2335965118552107],4184.844787151175,-6359.785084865283,0.2335965118552107,3
154.436849,"Field2d",[4184.8461112416835; -6359.78568304441; 0.2335965118552107],4184.8461112416835,-6359.78568304441,0.2335965118552107,3
154.441083,"Field2d",[4184.8279943071675; -6359.784727112291; 0.2335965118552107],4184.8279943071675,-6359.784727112291,0.2335965118552107,3
154.445381,"Field2d",[4184.8505686168855; -6359.800888218993; 0.2335965118552107],4184.8505686168855,-6359.800888218993,0.2335965118552107,3
154.449389,"Field2d",[4184.838825785435; -6359.796415020385; 0.2335965118552107],4184.838825785435,-6359.796415020385,0.2335965118552107,3
154.453592,"Field2d",[4184.833839560055; -6359.8033019010045; 0.2335965118552107],4184.833839560055,-6359.8033019010045,0.2335965118552107,3
154.457245,"Field2d",[4184.825864635432; -6359.802204482701; 0.2335965118552107],4184.825864635432,-6359.802204482701,0.2335965118552107,3
154.46092,"Field2d",[4184.836738676094; -6359.806528073063; 0.2335965118552107],4184.836738676094,-6359.806528073063,0.2335965118552107,3
154.466131,"Field2d",[4184.841160903749; -6359.808833568267; 0.2335965118552107],4184.841160903749,-6359.808833568267,0.2335965118552107,3
154.469063,"Field2d",[4184.828169734139; -6359.806113928728; 0.23832692817789405],4184.828169734139,-6359.806113928728,0.23832692817789405,3
154.473344,"Field2d",[4184.824151647614; -6359.811428560375; 0.23830897446669008],4184.824151647614,-6359.811428560375,0.23830897446669008,3
154.477402,"Field2d",[4184.823674824506; -6359.811367475598; 0.23830802953441949],4184.823674824506,-6359.811367475598,0.23830802953441949,3
154.481634,"Field2d",[4184.825900968407; -6359.811849989131; 0.23832669194477257],4184.825900968407,-6359.811849989131,0.23832669194477257,3
154.486315,"Field2d",[4184.829675325217; -6359.812933711418; 0.23833259777087093],4184.829675325217,-6359.812933711418,0.23833259777087093,3
154.489978,"Field2d",[4184.8309250684615; -6359.822104736817; 0.23944852134288364],4184.8309250684615,-6359.822104736817,0.23944852134288364,3
154.493281,"Field2d",[4184.840804169626; -6359.829351187487; 0.23946009396663884],4184.840804169626,-6359.829351187487,0.23946009396663884,3
154.498238,"Field2d",[4184.822281162792; -6359.830373970676; 0.23945026285420404],4184.822281162792,-6359.830373970676,0.23945026285420404,3
154.501693,"Field2d",[4184.8368035944295; -6359.841378149109; 0.23946031867780457],4184.8368035944295,-6359.841378149109,0.23946031867780457,3
154.504821,"Field2d",[4184.823067024869; -6359.844395642926; 0.23944863369844088],4184.823067024869,-6359.844395642926,0.23944863369844088,3
154.50937,"Field2d",[4184.8273005021465; -6359.846723953091; 0.23716613116805763],4184.8273005021465,-6359.846723953091,0.23716613116805763,3
154.514287,"Field2d",[4184.831906546616; -6359.849935703228; 0.23716208145873643],4184.831906546616,-6359.849935703228,0.23716208145873643,3
154.517294,"Field2d",[4184.832856273763; -6359.850632586403; 0.237161294015306],4184.832856273763,-6359.850632586403,0.237161294015306,3
154.521543,"Field2d",[4184.809724619497; -6359.847049372656; 0.23717794282013369],4184.809724619497,-6359.847049372656,0.23717794282013369,3
154.525756,"Field2d",[4184.8289187565; -6359.8615168691895; 0.2371608440475589],4184.8289187565,-6359.8615168691895,0.2371608440475589,3
154.529157,"Field2d",[4184.782350182313; -6359.859006452978; 0.23261734737450787],4184.782350182313,-6359.859006452978,0.23261734737450787,3
154.532877,"Field2d",[4184.799146510241; -6359.866875746841; 0.23259033901786516],4184.799146510241,-6359.866875746841,0.23259033901786516,3
154.537072,"Field2d",[4184.793474685426; -6359.873255159333; 0.2326241562039326],4184.793474685426,-6359.873255159333,0.2326241562039326,3
154.541235,"Field2d",[4184.781695810422; -6359.871768796697; 0.23261235423312218],4184.781695810422,-6359.871768796697,0.23261235423312218,3
154.545217,"Field2d",[4184.800561260798; -6359.884580939821; 0.23257921792981065],4184.800561260798,-6359.884580939821,0.23257921792981065,3
154.549143,"Field2d",[4184.779889304998; -6359.885180323342; 0.23720729148602543],4184.779889304998,-6359.885180323342,0.23720729148602543,3
154.554042,"Field2d",[4184.794371865922; -6359.901244241092; 0.2372679714026728],4184.794371865922,-6359.901244241092,0.2372679714026728,3
154.557088,"Field2d",[4184.762275406957; -6359.8958242078825; 0.237220522445208],4184.762275406957,-6359.8958242078825,0.237220522445208,3
154.560786,"Field2d",[4184.776518666682; -6359.903610250389; 0.23724424692383667],4184.776518666682,-6359.903610250389,0.23724424692383667,3
154.565703,"Field2d",[4184.782964574952; -6359.908707917096; 0.23725610916325457],4184.782964574952,-6359.908707917096,0.23725610916325457,3
154.568826,"Field2d",[4184.746070036017; -6359.909522325086; 0.23796139371421857],4184.746070036017,-6359.909522325086,0.23796139371421857,3
154.573881,"Field2d",[4184.771917466326; -6359.9286488571415; 0.2379693042827105],4184.771917466326,-6359.9286488571415,0.2379693042827105,3
154.577173,"Field2d",[4184.770228465298; -6359.927505134424; 0.2379688026369104],4184.770228465298,-6359.927505134424,0.2379688026369104,3
154.5808,"Field2d",[4184.76856139457; -6359.926471647492; 0.23796830099107494],4184.76856139457,-6359.926471647492,0.23796830099107494,3
154.585401,"Field2d",[4184.766854324252; -6359.925505978502; 0.23796779934527404],4184.766854324252,-6359.925505978502,0.23796779934527404,3
154.589686,"Field2d",[4184.759344053388; -6359.922274502692; 0.23844248274603236],4184.759344053388,-6359.922274502692,0.23844248274603236,3
154.5943,"Field2d",[4184.758288538112; -6359.921849931107; 0.2384423314614457],4184.758288538112,-6359.921849931107,0.2384423314614457,3
154.597194,"Field2d",[4184.753232739339; -6359.928574041435; 0.2384391544849736],4184.753232739339,-6359.928574041435,0.2384391544849736,3
154.601038,"Field2d",[4184.765930565857; -6359.9382523349495; 0.2384441252644887],4184.765930565857,-6359.9382523349495,0.2384441252644887,3
154.605027,"Field2d",[4184.753405899313; -6359.933331141668; 0.23844226662518841],4184.753405899313,-6359.933331141668,0.23844226662518841,3
154.609322,"Field2d",[4184.7426079990255; -6359.931949362283; 0.23863108322953086],4184.7426079990255,-6359.931949362283,0.23863108322953086,3
154.61294,"Field2d",[4184.751663537992; -6359.934969714641; 0.23863172368356153],4184.751663537992,-6359.934969714641,0.23863172368356153,3
154.617514,"Field2d",[4184.7468729585225; -6359.933891413018; 0.238631398206931],4184.7468729585225,-6359.933891413018,0.238631398206931,3
154.622117,"Field2d",[4184.750209265829; -6359.943781285097; 0.23863053726873065],4184.750209265829,-6359.943781285097,0.23863053726873065,3
154.625644,"Field2d",[4184.756096355051; -6359.949681040754; 0.23863041127778106],4184.756096355051,-6359.949681040754,0.23863041127778106,3
154.629842,"Field2d",[4184.74086942771; -6359.9455016083275; 0.23969288836850586],4184.74086942771,-6359.9455016083275,0.23969288836850586,3
154.632937,"Field2d",[4184.743798808044; -6359.946514742116; 0.23969394374726138],4184.743798808044,-6359.946514742116,0.23969394374726138,3
154.637639,"Field2d",[4184.750708490483; -6359.950233922158; 0.23969658219419784],4184.750708490483,-6359.950233922158,0.23969658219419784,3
154.642356,"Field2d",[4184.735958278479; -6359.953068718708; 0.23968871962229768],4184.735958278479,-6359.953068718708,0.23968871962229768,3
154.645816,"Field2d",[4184.750645250818; -6359.962716647025; 0.23969795418659937],4184.750645250818,-6359.962716647025,0.23969795418659937,3
154.650189,"Field2d",[4184.74642655695; -6359.960415699552; 0.24009673458174485],4184.74642655695,-6359.960415699552,0.24009673458174485,3
154.653971,"Field2d",[4184.747647378544; -6359.961127677515; 0.2400725394095835],4184.747647378544,-6359.961127677515,0.2400725394095835,3
154.658608,"Field2d",[4184.750408299945; -6359.963001747608; 0.24007295787952798],4184.750408299945,-6359.963001747608,0.24007295787952798,3
154.661031,"Field2d",[4184.732187600297; -6359.959035747684; 0.24007069433748934],4184.732187600297,-6359.959035747684,0.24007069433748934,3
154.665628,"Field2d",[4184.725969040094; -6359.9584968489025; 0.24006993348300365],4184.725969040094,-6359.9584968489025,0.24006993348300365,3
154.668843,"Field2d",[4184.7478922715245; -6359.97366929061; 0.23977674993910442],4184.7478922715245,-6359.97366929061,0.23977674993910442,3
154.672926,"Field2d",[4184.744207410959; -6359.971566182874; 0.23977712177606073],4184.744207410959,-6359.971566182874,0.23977712177606073,3
154.676799,"Field2d",[4184.750451780348; -6359.976652009182; 0.2397764056456471],4184.750451780348,-6359.976652009182,0.2397764056456471,3
154.681243,"Field2d",[4184.719169844047; -6359.975321711244; 0.23977914622163546],4184.719169844047,-6359.975321711244,0.23977914622163546,3
154.685036,"Field2d",[4184.742650483407; -6359.992924218114; 0.23977658467824786],4184.742650483407,-6359.992924218114,0.23977658467824786,3
154.689127,"Field2d",[4184.745613641522; -6359.995508915258; 0.23944408629759084],4184.745613641522,-6359.995508915258,0.23944408629759084,3
154.692734,"Field2d",[4184.71201159788; -6359.994501288624; 0.2394433589861722],4184.71201159788,-6359.994501288624,0.2394433589861722,3
154.69766,"Field2d",[4184.723362520014; -6359.997658071084; 0.23944206021577294],4184.723362520014,-6359.997658071084,0.23944206021577294,3
154.701218,"Field2d",[4184.719193007369; -6359.996880399452; 0.23944252777311825],4184.719193007369,-6359.996880399452,0.23944252777311825,3
154.704779,"Field2d",[4184.714182809592; -6359.9964714097305; 0.2394430819151545],4184.714182809592,-6359.9964714097305,0.2394430819151545,3
154.709645,"Field2d",[4184.7277346653145; -6360.012124342549; 0.23992559523112236],4184.7277346653145,-6360.012124342549,0.23992559523112236,3
154.713681,"Field2d",[4184.707588827854; -6360.013488948448; 0.23992557000562867],4184.707588827854,-6360.013488948448,0.23992557000562867,3
154.717215,"Field2d",[4184.72470805061; -6360.024019059287; 0.2399303880688659],4184.72470805061,-6360.024019059287,0.2399303880688659,3
154.721843,"Field2d",[4184.715970500887; -6360.02072996222; 0.23992892499206578],4184.715970500887,-6360.02072996222,0.23992892499206578,3
154.724833,"Field2d",[4184.716263481496; -6360.0208424118055; 0.23992895021753594],4184.716263481496,-6360.0208424118055,0.23992895021753594,3
154.729519,"Field2d",[4184.725413089884; -6360.026708936654; 0.23968114789309403],4184.725413089884,-6360.026708936654,0.23968114789309403,3
154.733672,"Field2d",[4184.703341214967; -6360.029990782148; 0.2396838200876241],4184.703341214967,-6360.029990782148,0.2396838200876241,3
154.737202,"Field2d",[4184.724523315708; -6360.047591799264; 0.23968064270207382],4184.724523315708,-6360.047591799264,0.23968064270207382,3
154.740886,"Field2d",[4184.697843896889; -6360.043812457862; 0.23968291606160969],4184.697843896889,-6360.043812457862,0.23968291606160969,3
154.746241,"Field2d",[4184.7052297973305; -6360.055583690502; 0.2396835674921201],4184.7052297973305,-6360.055583690502,0.2396835674921201,3
154.749853,"Field2d",[4184.698695158208; -6360.055372879466; 0.24006992271105365],4184.698695158208,-6360.055372879466,0.24006992271105365,3
154.753874,"Field2d",[4184.712639360802; -6360.065840125598; 0.24007329917321285],4184.712639360802,-6360.065840125598,0.24007329917321285,3
154.757064,"Field2d",[4184.696914379076; -6360.06088595172; 0.24007127329591715],4184.696914379076,-6360.06088595172,0.24007127329591715,3
154.762278,"Field2d",[4184.706774371953; -6360.066807800096; 0.24007268176299124],4184.706774371953,-6360.066807800096,0.24007268176299124,3
154.765161,"Field2d",[4184.696079682312; -6360.071401590268; 0.2400690930660663],4184.696079682312,-6360.071401590268,0.2400690930660663,3
154.769581,"Field2d",[4184.685192982137; -6360.069793824957; 0.24030922044147934],4184.685192982137,-6360.069793824957,0.24030922044147934,3
154.773729,"Field2d",[4184.695923845267; -6360.074147221658; 0.24031016387374726],4184.695923845267,-6360.074147221658,0.24031016387374726,3
154.776967,"Field2d",[4184.681294842256; -6360.072906550923; 0.24030896545977917],4184.681294842256,-6360.072906550923,0.24030896545977917,3
154.782504,"Field2d",[4184.685738601863; -6360.073701951069; 0.24030934793232442],4184.685738601863,-6360.073701951069,0.24030934793232442,3
154.785068,"Field2d",[4184.701671577089; -6360.083760820505; 0.2403108650734038],4184.701671577089,-6360.083760820505,0.2403108650734038,3
154.790363,"Field2d",[4184.690216596706; -6360.0803911407065; 0.24059767277955013],4184.690216596706,-6360.0803911407065,0.24059767277955013,3
154.793866,"Field2d",[4184.699572580404; -6360.094008165738; 0.2405962774024479],4184.699572580404,-6360.094008165738,0.2405962774024479,3
154.797312,"Field2d",[4184.696476730725; -6360.092228072529; 0.2405987229087116],4184.696476730725,-6360.092228072529,0.2405987229087116,3
154.802345,"Field2d",[4184.677792082067; -6360.089675172448; 0.24059699666900217],4184.677792082067,-6360.089675172448,0.24059699666900217,3
154.806039,"Field2d",[4184.6902685315645; -6360.095170250101; 0.24059823380746415],4184.6902685315645,-6360.095170250101,0.24059823380746415,3
154.809012,"Field2d",[4184.681258160914; -6360.093091855278; 0.24069183990585305],4184.681258160914,-6360.093091855278,0.24069183990585305,3
154.813188,"Field2d",[4184.69096070382; -6360.097742212814; 0.24069215051991955],4184.69096070382,-6360.097742212814,0.24069215051991955,3
154.816907,"Field2d",[4184.673555660377; -6360.096188257903; 0.2406916480559913],4184.673555660377,-6360.096188257903,0.2406916480559913,3
154.821222,"Field2d",[4184.667482226448; -6360.09640462831; 0.2406914653418355],4184.667482226448,-6360.09640462831,0.2406914653418355,3
154.825064,"Field2d",[4184.673979929458; -6360.103342110119; 0.2406914470704178],4184.673979929458,-6360.103342110119,0.2406914470704178,3
154.830221,"Field2d",[4184.708188928601; -6359.993758063029; 0.24105117845060753],4184.708188928601,-6359.993758063029,0.24105117845060753,3
154.833455,"Field2d",[4184.619504901864; -6359.929429892215; 0.24103085143258662],4184.619504901864,-6359.929429892215,0.24103085143258662,3
154.837238,"Field2d",[4184.6123020394025; -6359.925837225326; 0.241030060852972],4184.6123020394025,-6359.925837225326,0.241030060852972,3
154.840882,"Field2d",[4184.619955568023; -6359.931793632176; 0.24103100346712275],4184.619955568023,-6359.931793632176,0.24103100346712275,3
154.845679,"Field2d",[4184.60332305677; -6359.926571054783; 0.24102931588372128],4184.60332305677,-6359.926571054783,0.24102931588372128,3
154.85009,"Field2d",[4184.610464172984; -6359.930194166333; 0.24112413375876035],4184.610464172984,-6359.930194166333,0.24112413375876035,3
154.853495,"Field2d",[4184.587375002426; -6359.9302649649735; 0.24112312153597343],4184.587375002426,-6359.9302649649735,0.24112312153597343,3
154.857242,"Field2d",[4184.611885844362; -6359.947358460356; 0.24112442985114074],4184.611885844362,-6359.947358460356,0.24112442985114074,3
154.860888,"Field2d",[4184.6154456025815; -6359.950385503917; 0.24112287364468105],4184.6154456025815,-6359.950385503917,0.24112287364468105,3
154.864964,"Field2d",[4184.613384931434; -6359.948813794809; 0.24112451936744758],4184.613384931434,-6359.948813794809,0.24112451936744758,3
154.869433,"Field2d",[4184.593232733717; -6359.944467920769; 0.24126719996561682],4184.593232733717,-6359.944467920769,0.24126719996561682,3
154.873997,"Field2d",[4184.599040615491; -6359.956060650101; 0.24126687967043087],4184.599040615491,-6359.956060650101,0.24126687967043087,3
154.878472,"Field2d",[4184.599597077079; -6359.956349364047; 0.2412676141404295],4184.599597077079,-6359.956349364047,0.2412676141404295,3
154.881499,"Field2d",[4184.592781327576; -6359.954192992102; 0.24126736011321512],4184.592781327576,-6359.954192992102,0.24126736011321512,3
154.885665,"Field2d",[4184.60160615734; -6359.959174837409; 0.24126771354238816],4184.60160615734,-6359.959174837409,0.24126771354238816,3
154.890108,"Field2d",[4184.579370104073; -6359.957796308554; 0.24141105552490066],4184.579370104073,-6359.957796308554,0.24141105552490066,3
154.894281,"Field2d",[4184.5851623384215; -6359.958864917229; 0.2414113784108107],4184.5851623384215,-6359.958864917229,0.2414113784108107,3
154.897,"Field2d",[4184.575576209987; -6359.958997311001; 0.2414108460853914],4184.575576209987,-6359.958997311001,0.2414108460853914,3
154.902048,"Field2d",[4184.599580459593; -6359.974385852632; 0.24141243433500803],4184.599580459593,-6359.974385852632,0.24141243433500803,3
154.905922,"Field2d",[4184.602409827186; -6359.976503341173; 0.24141262632122748],4184.602409827186,-6359.976503341173,0.24141262632122748,3
154.909019,"Field2d",[4184.596571992145; -6359.97966110077; 0.24136216442104996],4184.596571992145,-6359.97966110077,0.24136216442104996,3
154.913499,"Field2d",[4184.5882526437435; -6359.976576627598; 0.24136183062682875],4184.5882526437435,-6359.976576627598,0.24136183062682875,3
154.917857,"Field2d",[4184.587139527095; -6359.97619071393; 0.24136185026178283],4184.587139527095,-6359.97619071393,0.24136185026178283,3
154.921567,"Field2d",[4184.584451528054; -6359.983759605729; 0.24136216442104994],4184.584451528054,-6359.983759605729,0.24136216442104994,3
154.925662,"Field2d",[4184.56509765539; -6359.985040159197; 0.24136215460357152],4184.56509765539,-6359.985040159197,0.24136215460357152,3
154.928792,"Field2d",[4184.574016202721; -6359.986222556853; 0.24136230554728244],4184.574016202721,-6359.986222556853,0.24136230554728244,3
154.933837,"Field2d",[4184.590549454947; -6359.995747783596; 0.241362322046098],4184.590549454947,-6359.995747783596,0.241362322046098,3
154.93691,"Field2d",[4184.572385929976; -6359.998748700628; 0.24136229832052852],4184.572385929976,-6359.998748700628,0.24136229832052852,3
154.941104,"Field2d",[4184.573729108344; -6359.99903439533; 0.24136230827435914],4184.573729108344,-6359.99903439533,0.24136230827435914,3
154.946224,"Field2d",[4184.570301929621; -6359.998597102286; 0.2413623052745743],4184.570301929621,-6359.998597102286,0.2413623052745743,3
154.949196,"Field2d",[4184.5761150020335; -6360.009134078525; 0.24141023344754953],4184.5761150020335,-6360.009134078525,0.24141023344754953,3
154.954056,"Field2d",[4184.585236512946; -6360.014764218749; 0.24141026017290396],4184.585236512946,-6360.014764218749,0.24141026017290396,3
154.957,"Field2d",[4184.575932271541; -6360.011396356112; 0.24141025144625747],4184.575932271541,-6360.011396356112,0.24141025144625747,3
154.961551,"Field2d",[4184.564258678596; -6360.010144608023; 0.2414102413560727],4184.564258678596,-6360.010144608023,0.2414102413560727,3
154.966217,"Field2d",[4184.572121067814; -6360.012355438546; 0.24141024844647255],4184.572121067814,-6360.012355438546,0.24141024844647255,3
154.970174,"Field2d",[4184.57924079479; -6360.022887018688; 0.24136227950369774],4184.57924079479,-6360.022887018688,0.24136227950369774,3
154.973209,"Field2d",[4184.583357131877; -6360.025702665666; 0.2413622184171734],4184.583357131877,-6360.025702665666,0.2413622184171734,3
154.977771,"Field2d",[4184.576695165536; -6360.022521746651; 0.24136223123443484],4184.576695165536,-6360.022521746651,0.24136223123443484,3
154.9813,"Field2d",[4184.56856414013; -6360.020249093969; 0.24136224596065065],4184.56856414013,-6360.020249093969,0.24136224596065065,3
154.985291,"Field2d",[4184.584162829174; -6360.032996082562; 0.24136228086723585],4184.584162829174,-6360.032996082562,0.24136228086723585,3
154.988846,"Field2d",[4184.579016402997; -6360.029743031816; 0.24136228959388195],4184.579016402997,-6360.029743031816,0.24136228959388195,3
154.993996,"Field2d",[4184.58149763859; -6360.031538649344; 0.24136228959388195],4184.58149763859,-6360.031538649344,0.24136228959388195,3
154.996968,"Field2d",[4184.574971119127; -6360.028173765136; 0.24136228959388195],4184.574971119127,-6360.028173765136,0.24136228959388195,3
155.001666,"Field2d",[4184.580748923564; -6360.032312640875; 0.24136228959388195],4184.580748923564,-6360.032312640875,0.24136228959388195,3
155.005392,"Field2d",[4184.567017212792; -6360.0276883999695; 0.24136228959388195],4184.567017212792,-6360.0276883999695,0.24136228959388195,3
155.010599,"Field2d",[4184.5783487587105; -6360.035439023707; 0.24136228959388195],4184.5783487587105,-6360.035439023707,0.24136228959388195,3
155.014156,"Field2d",[4184.566066621555; -6360.031181624745; 0.24136228959388195],4184.566066621555,-6360.031181624745,0.24136228959388195,3
155.017164,"Field2d",[4184.566987619921; -6360.031521767184; 0.24136228959388195],4184.566987619921,-6360.031521767184,0.24136228959388195,3
155.021735,"Field2d",[4184.558043447915; -6360.030004946201; 0.24136228959388195],4184.558043447915,-6360.030004946201,0.24136228959388195,3
155.025598,"Field2d",[4184.560078866463; -6360.030440174931; 0.24136228959388195],4184.560078866463,-6360.030440174931,0.24136228959388195,3
155.028778,"Field2d",[4184.576518369121; -6360.042417520441; 0.24136228959388195],4184.576518369121,-6360.042417520441,0.24136228959388195,3
155.034573,"Field2d",[4184.557558003665; -6360.037963451136; 0.24136228959388195],4184.557558003665,-6360.037963451136,0.24136228959388195,3
155.037265,"Field2d",[4184.566857461986; -6360.050038869064; 0.24136228959388195],4184.566857461986,-6360.050038869064,0.24136228959388195,3
155.041874,"Field2d",[4184.548310501619; -6360.051703290058; 0.24136228959388195],4184.548310501619,-6360.051703290058,0.24136228959388195,3
155.045245,"Field2d",[4184.542696096327; -6360.051645936819; 0.24136228959388195],4184.542696096327,-6360.051645936819,0.24136228959388195,3
155.049948,"Field2d",[4184.554115315404; -6360.054640310606; 0.24136228959388195],4184.554115315404,-6360.054640310606,0.24136228959388195,3
155.05285,"Field2d",[4184.5700616117865; -6360.067395644565; 0.24136228959388195],4184.5700616117865,-6360.067395644565,0.24136228959388195,3
155.057941,"Field2d",[4184.562847494584; -6360.06340027661; 0.24136228959388195],4184.562847494584,-6360.06340027661,0.24136228959388195,3
155.061537,"Field2d",[4184.565365105206; -6360.06500302003; 0.24136228959388195],4184.565365105206,-6360.06500302003,0.24136228959388195,3
155.065443,"Field2d",[4184.545884578519; -6360.067477934937; 0.24136228959388195],4184.545884578519,-6360.067477934937,0.24136228959388195,3
155.070133,"Field2d",[4184.547261967934; -6360.06779830537; 0.24136228959388195],4184.547261967934,-6360.06779830537,0.24136228959388195,3
155.073647,"Field2d",[4184.536973067919; -6360.067790998523; 0.24136228959388195],4184.536973067919,-6360.067790998523,0.24136228959388195,3
155.077262,"Field2d",[4184.543624286139; -6360.068716382987; 0.24136228959388195],4184.543624286139,-6360.068716382987,0.24136228959388195,3
155.080895,"Field2d",[4184.545901402154; -6360.0691442525695; 0.24136228959388195],4184.545901402154,-6360.0691442525695,0.24136228959388195,3
155.086087,"Field2d",[4184.554658511027; -6360.07262888831; 0.24136228959388195],4184.554658511027,-6360.07262888831,0.24136228959388195,3
155.089208,"Field2d",[4184.564403269223; -6360.079656878602; 0.24136228959388195],4184.564403269223,-6360.079656878602,0.24136228959388195,3
155.093591,"Field2d",[4184.564908093721; -6360.080030925628; 0.24136228959388195],4184.564908093721,-6360.080030925628,0.24136228959388195,3
155.098144,"Field2d",[4184.5629495457; -6360.078721197427; 0.24136228959388195],4184.5629495457,-6360.078721197427,0.24136228959388195,3
155.101173,"Field2d",[4184.55876186176; -6360.076476164974; 0.24136228959388195],4184.55876186176,-6360.076476164974,0.24136228959388195,3
155.10492,"Field2d",[4184.542955155019; -6360.073860719567; 0.24136228959388195],4184.542955155019,-6360.073860719567,0.24136228959388195,3
155.110223,"Field2d",[4184.563174521595; -6360.09124217637; 0.24136228959388195],4184.563174521595,-6360.09124217637,0.24136228959388195,3
155.113836,"Field2d",[4184.529927792896; -6360.090282244763; 0.24136228959388195],4184.529927792896,-6360.090282244763,0.24136228959388195,3
155.116924,"Field2d",[4184.536661951949; -6360.097854482578; 0.24136228959388195],4184.536661951949,-6360.097854482578,0.24136228959388195,3
155.121901,"Field2d",[4184.542348753211; -6360.100024214853; 0.24136228959388195],4184.542348753211,-6360.100024214853,0.24136228959388195,3
155.12506,"Field2d",[4184.529756565252; -6360.104466559421; 0.24136228959388195],4184.529756565252,-6360.104466559421,0.24136228959388195,3
155.129204,"Field2d",[4184.526069631275; -6360.10428731603; 0.24136228959388195],4184.526069631275,-6360.10428731603,0.24136228959388195,3
155.13387,"Field2d",[4184.531795613707; -6360.105282137549; 0.24136228959388195],4184.531795613707,-6360.105282137549,0.24136228959388195,3
155.138048,"Field2d",[4184.544988912672; -6360.112084219975; 0.24136228959388195],4184.544988912672,-6360.112084219975,0.24136228959388195,3
155.14072,"Field2d",[4184.523602708139; -6360.111277422743; 0.24136228959388195],4184.523602708139,-6360.111277422743,0.24136228959388195,3
155.145202,"Field2d",[4184.54176776085; -6360.120076758652; 0.24136228959388195],4184.54176776085,-6360.120076758652,0.24136228959388195,3
155.148935,"Field2d",[4184.523320537445; -6360.118740864218; 0.24136228959388195],4184.523320537445,-6360.118740864218,0.24136228959388195,3
155.154101,"Field2d",[4184.529664194804; -6360.120059843097; 0.24136228959388195],4184.529664194804,-6360.120059843097,0.24136228959388195,3
155.157896,"Field2d",[4184.5211073934; -6360.119805958389; 0.24136228959388195],4184.5211073934,-6360.119805958389,0.24136228959388195,3
155.160848,"Field2d",[4184.543806124253; -6360.134958741194; 0.24136228959388195],4184.543806124253,-6360.134958741194,0.24136228959388195,3
155.166005,"Field2d",[4184.544130889159; -6360.1351794905695; 0.24136228959388195],4184.544130889159,-6360.1351794905695,0.24136228959388195,3
155.169147,"Field2d",[4184.519124077345; -6360.133105483857; 0.24136228959388195],4184.519124077345,-6360.133105483857,0.24136228959388195,3
155.173076,"Field2d",[4184.528690245606; -6360.135929286406; 0.24136228959388195],4184.528690245606,-6360.135929286406,0.24136228959388195,3
155.178064,"Field2d",[4184.519185381117; -6360.140776639559; 0.24136228959388195],4184.519185381117,-6360.140776639559,0.24136228959388195,3
155.18308,"Field2d",[4184.5283922450335; -6360.143828056192; 0.24136228959388195],4184.5283922450335,-6360.143828056192,0.24136228959388195,3
155.185829,"Field2d",[4184.522775325662; -6360.142679112522; 0.24136228959388195],4184.522775325662,-6360.142679112522,0.24136228959388195,3
155.189161,"Field2d",[4184.53283404781; -6360.159170109423; 0.24136228959388195],4184.53283404781,-6360.159170109423,0.24136228959388195,3
155.194171,"Field2d",[4184.533762488562; -6360.159829537528; 0.24136228959388195],4184.533762488562,-6360.159829537528,0.24136228959388195,3
155.197719,"Field2d",[4184.533472824022; -6360.159627056212; 0.24136228959388195],4184.533472824022,-6360.159627056212,0.24136228959388195,3
155.200867,"Field2d",[4184.5044569721285; -6360.159162850614; 0.24136228959388195],4184.5044569721285,-6360.159162850614,0.24136228959388195,3
155.205976,"Field2d",[4184.522651931193; -6360.1767234334375; 0.24136228959388195],4184.522651931193,-6360.1767234334375,0.24136228959388195,3
155.20906,"Field2d",[4184.5048274236115; -6360.177902055157; 0.24136228959388195],4184.5048274236115,-6360.177902055157,0.24136228959388195,3
155.212831,"Field2d",[4184.52212339651; -6360.189478090563; 0.24136228959388195],4184.52212339651,-6360.189478090563,0.24136228959388195,3
155.218372,"Field2d",[4184.502209753549; -6360.185952362583; 0.24136228959388195],4184.502209753549,-6360.185952362583,0.24136228959388195,3
155.221456,"Field2d",[4184.507699207991; -6360.187606390099; 0.24136228959388195],4184.507699207991,-6360.187606390099,0.24136228959388195,3
155.225032,"Field2d",[4184.505374518264; -6360.187028721654; 0.24136228959388195],4184.505374518264,-6360.187028721654,0.24136228959388195,3
155.229168,"Field2d",[4184.514714104453; -6360.1916179712625; 0.24136228959388195],4184.514714104453,-6360.1916179712625,0.24136228959388195,3
155.233841,"Field2d",[4184.51940580582; -6360.1946315001305; 0.24136228959388195],4184.51940580582,-6360.1946315001305,0.24136228959388195,3
155.238068,"Field2d",[4184.504224818707; -6360.190754655575; 0.24136228959388195],4184.504224818707,-6360.190754655575,0.24136228959388195,3
155.241977,"Field2d",[4184.515089714258; -6360.196749213727; 0.24136228959388195],4184.515089714258,-6360.196749213727,0.24136228959388195,3
155.245313,"Field2d",[4184.514951940524; -6360.196673776062; 0.24136228959388195],4184.514951940524,-6360.196673776062,0.24136228959388195,3
155.249353,"Field2d",[4184.499945883771; -6360.193817340046; 0.24136228959388195],4184.499945883771,-6360.193817340046,0.24136228959388195,3
155.25368,"Field2d",[4184.501478675851; -6360.1941605462; 0.24136228959388195],4184.501478675851,-6360.1941605462,0.24136228959388195,3
155.256985,"Field2d",[4184.498688521707; -6360.193703484953; 0.24136228959388195],4184.498688521707,-6360.193703484953,0.24136228959388195,3
155.260858,"Field2d",[4184.504125819665; -6360.195256305172; 0.24136228959388195],4184.504125819665,-6360.195256305172,0.24136228959388195,3
155.265658,"Field2d",[4184.490381851794; -6360.195301728643; 0.24136228959388195],4184.490381851794,-6360.195301728643,0.24136228959388195,3
155.26927,"Field2d",[4184.496538822367; -6360.19606779555; 0.24136228959388195],4184.496538822367,-6360.19606779555,0.24136228959388195,3
155.273474,"Field2d",[4184.511996958527; -6360.204132219485; 0.24136228959388195],4184.511996958527,-6360.204132219485,0.24136228959388195,3
155.278069,"Field2d",[4184.513197115451; -6360.204802000411; 0.24136228959388195],4184.513197115451,-6360.204802000411,0.24136228959388195,3
155.280779,"Field2d",[4184.507417718912; -6360.210922886862; 0.24136228959388195],4184.507417718912,-6360.210922886862,0.24136228959388195,3
155.284935,"Field2d",[4184.500745308187; -6360.208839988568; 0.24136228959388195],4184.500745308187,-6360.208839988568,0.24136228959388195,3
155.290185,"Field2d",[4184.500000719741; -6360.158463165598; 0.24136228959388195],4184.500000719741,-6360.158463165598,0.24136228959388195,3
155.293235,"Field2d",[4184.455045450408; -6360.1792189041025; 0.24136228959388195],4184.455045450408,-6360.1792189041025,0.24136228959388195,3
155.297043,"Field2d",[4184.455909177795; -6360.1796855348575; 0.24136228959388195],4184.455909177795,-6360.1796855348575,0.24136228959388195,3
155.301985,"Field2d",[4184.445968055247; -6360.184829757237; 0.24136228959388195],4184.445968055247,-6360.184829757237,0.24136228959388195,3
155.305797,"Field2d",[4184.458816693401; -6360.194661495037; 0.24136228959388195],4184.458816693401,-6360.194661495037,0.24136228959388195,3
155.310037,"Field2d",[4184.440296106044; -6360.189740885187; 0.24136228959388195],4184.440296106044,-6360.189740885187,0.24136228959388195,3
155.313113,"Field2d",[4184.444069897713; -6360.191083177648; 0.24136228959388195],4184.444069897713,-6360.191083177648,0.24136228959388195,3
155.317453,"Field2d",[4184.440547212; -6360.190120039091; 0.24136228959388195],4184.440547212,-6360.190120039091,0.24136228959388195,3
155.321039,"Field2d",[4184.444275408883; -6360.191473098112; 0.24136228959388195],4184.444275408883,-6360.191473098112,0.24136228959388195,3
155.325445,"Field2d",[4184.44683765959; -6360.1925723008735; 0.24136228959388195],4184.44683765959,-6360.1925723008735,0.24136228959388195,3
155.330137,"Field2d",[4184.455666060071; -6360.198993617601; 0.24136228959388195],4184.455666060071,-6360.198993617601,0.24136228959388195,3
155.333046,"Field2d",[4184.435655784005; -6360.194732361843; 0.24136228959388195],4184.435655784005,-6360.194732361843,0.24136228959388195,3
155.338178,"Field2d",[4184.439711519616; -6360.195972206965; 0.24136228959388195],4184.439711519616,-6360.195972206965,0.24136228959388195,3
155.341755,"Field2d",[4184.43872909419; -6360.195694266836; 0.24136228959388195],4184.43872909419,-6360.195694266836,0.24136228959388195,3
155.345276,"Field2d",[4184.429177829873; -6360.194933024679; 0.24136228959388195],4184.429177829873,-6360.194933024679,0.24136228959388195,3
155.350622,"Field2d",[4184.444429094196; -6360.210366679979; 0.24136228959388195],4184.444429094196,-6360.210366679979,0.24136228959388195,3
155.353704,"Field2d",[4184.44404258071; -6360.210152094335; 0.24136228959388195],4184.44404258071,-6360.210152094335,0.24136228959388195,3
155.357581,"Field2d",[4184.425757291658; -6360.207953429328; 0.24136228959388195],4184.425757291658,-6360.207953429328,0.24136228959388195,3
155.36211,"Field2d",[4184.446694672686; -6360.224399485032; 0.24136228959388195],4184.446694672686,-6360.224399485032,0.24136228959388195,3
155.365975,"Field2d",[4184.43078315983; -6360.227080834212; 0.24136228959388195],4184.43078315983,-6360.227080834212,0.24136228959388195,3
155.370042,"Field2d",[4184.4423834056515; -6360.235959282919; 0.24136228959388195],4184.4423834056515,-6360.235959282919,0.24136228959388195,3
155.373805,"Field2d",[4184.428348396266; -6360.230891022745; 0.24136228959388195],4184.428348396266,-6360.230891022745,0.24136228959388195,3
155.378158,"Field2d",[4184.423078956947; -6360.229626357467; 0.24136228959388195],4184.423078956947,-6360.229626357467,0.24136228959388195,3
155.381383,"Field2d",[4184.415326388906; -6360.229033627975; 0.24136228959388195],4184.415326388906,-6360.229033627975,0.24136228959388195,3
155.385545,"Field2d",[4184.4242316138025; -6360.231453416397; 0.24136228959388195],4184.4242316138025,-6360.231453416397,0.24136228959388195,3
155.389676,"Field2d",[4184.429376146686; -6360.233500567167; 0.24136228959388195],4184.429376146686,-6360.233500567167,0.24136228959388195,3
155.393901,"Field2d",[4184.41614565363; -6360.237833154533; 0.24136228959388195],4184.41614565363,-6360.237833154533,0.24136228959388195,3
155.397084,"Field2d",[4184.425830920484; -6360.241303994239; 0.24136228959388195],4184.425830920484,-6360.241303994239,0.24136228959388195,3
155.401864,"Field2d",[4184.4096532489675; -6360.241123257945; 0.24136228959388195],4184.4096532489675,-6360.241123257945,0.24136228959388195,3
155.404879,"Field2d",[4184.413461116264; -6360.247557528738; 0.24136228959388195],4184.413461116264,-6360.247557528738,0.24136228959388195,3
155.409201,"Field2d",[4184.4316854209155; -6360.2597233599545; 0.24136228959388195],4184.4316854209155,-6360.2597233599545,0.24136228959388195,3
155.413919,"Field2d",[4184.42868285706; -6360.258012777481; 0.24136228959388195],4184.42868285706,-6360.258012777481,0.24136228959388195,3
155.417182,"Field2d",[4184.403119380385; -6360.258159038249; 0.24136228959388195],4184.403119380385,-6360.258159038249,0.24136228959388195,3
155.421119,"Field2d",[4184.41553762322; -6360.2614263009; 0.24136228959388195],4184.41553762322,-6360.2614263009,0.24136228959388195,3
155.424945,"Field2d",[4184.413967916993; -6360.261068291877; 0.24136228959388195],4184.413967916993,-6360.261068291877,0.24136228959388195,3
155.429551,"Field2d",[4184.413891304964; -6360.261051008289; 0.24136228959388195],4184.413891304964,-6360.261051008289,0.24136228959388195,3
155.433104,"Field2d",[4184.407715192506; -6360.260458720945; 0.24136228959388195],4184.407715192506,-6360.260458720945,0.24136228959388195,3
155.437566,"Field2d",[4184.423655278295; -6360.268355059878; 0.24136228959388195],4184.423655278295,-6360.268355059878,0.24136228959388195,3
155.441673,"Field2d",[4184.422838641314; -6360.267969266295; 0.24136228959388195],4184.422838641314,-6360.267969266295,0.24136228959388195,3
155.445362,"Field2d",[4184.403458821947; -6360.26711323857; 0.24136228959388195],4184.403458821947,-6360.26711323857,0.24136228959388195,3
155.450719,"Field2d",[4184.424469618717; -6360.279949191831; 0.24136228959388195],4184.424469618717,-6360.279949191831,0.24136228959388195,3
155.452922,"Field2d",[4184.422046991784; -6360.278650412792; 0.24136228959388195],4184.422046991784,-6360.278650412792,0.24136228959388195,3
155.456939,"Field2d",[4184.407995538069; -6360.2758231804255; 0.24136228959388195],4184.407995538069,-6360.2758231804255,0.24136228959388195,3
155.462022,"Field2d",[4184.402557725126; -6360.275350149383; 0.24136228959388195],4184.402557725126,-6360.275350149383,0.24136228959388195,3
155.465052,"Field2d",[4184.404738602211; -6360.281684907459; 0.24136228959388195],4184.404738602211,-6360.281684907459,0.24136228959388195,3
155.469747,"Field2d",[4184.404115511759; -6360.281600758115; 0.24136228959388195],4184.404115511759,-6360.281600758115,0.24136228959388195,3
155.473304,"Field2d",[4184.4025602776965; -6360.28138055198; 0.24136228959388195],4184.4025602776965,-6360.28138055198,0.24136228959388195,3
155.478013,"Field2d",[4184.417824290617; -6360.289642908662; 0.24136228959388195],4184.417824290617,-6360.289642908662,0.24136228959388195,3
155.480821,"Field2d",[4184.414602672483; -6360.288189774778; 0.24136228959388195],4184.414602672483,-6360.288189774778,0.24136228959388195,3
155.485746,"Field2d",[4184.413881661662; -6360.287878400011; 0.24136228959388195],4184.413881661662,-6360.287878400011,0.24136228959388195,3
155.488843,"Field2d",[4184.390954821551; -6360.2893206087365; 0.24136228959388195],4184.390954821551,-6360.2893206087365,0.24136228959388195,3
155.493856,"Field2d",[4184.408007514931; -6360.2946538867645; 0.24136228959388195],4184.408007514931,-6360.2946538867645,0.24136228959388195,3
155.497404,"Field2d",[4184.398560359597; -6360.293625031561; 0.24136228959388195],4184.398560359597,-6360.293625031561,0.24136228959388195,3
155.502009,"Field2d",[4184.404962721102; -6360.295216240581; 0.24136228959388195],4184.404962721102,-6360.295216240581,0.24136228959388195,3
155.505751,"Field2d",[4184.406248772067; -6360.304177233898; 0.24136228959388195],4184.406248772067,-6360.304177233898,0.24136228959388195,3
155.510139,"Field2d",[4184.389285839095; -6360.304372254729; 0.24136228959388195],4184.389285839095,-6360.304372254729,0.24136228959388195,3
155.513038,"Field2d",[4184.402037718877; -6360.307760215609; 0.24136228959388195],4184.402037718877,-6360.307760215609,0.24136228959388195,3
155.517428,"Field2d",[4184.409964128184; -6360.311482508562; 0.24136228959388195],4184.409964128184,-6360.311482508562,0.24136228959388195,3
155.520713,"Field2d",[4184.405449057808; -6360.309880721796; 0.24136228959388195],4184.405449057808,-6360.309880721796,0.24136228959388195,3
155.525489,"Field2d",[4184.389428739151; -6360.309675971122; 0.24136228959388195],4184.389428739151,-6360.309675971122,0.24136228959388195,3
155.528805,"Field2d",[4184.416203818919; -6360.337208109136; 0.24136228959388195],4184.416203818919,-6360.337208109136,0.24136228959388195,3
155.534146,"Field2d",[4184.411585283332; -6360.333489386955; 0.24136228959388195],4184.411585283332,-6360.333489386955,0.24136228959388195,3
155.537522,"Field2d",[4184.379748846784; -6360.3326726683445; 0.24136228959388195],4184.379748846784,-6360.3326726683445,0.24136228959388195,3
155.541754,"Field2d",[4184.397759356095; -6360.3409718892935; 0.24136228959388195],4184.397759356095,-6360.3409718892935,0.24136228959388195,3
155.546044,"Field2d",[4184.385707387529; -6360.338767991996; 0.24136228959388195],4184.385707387529,-6360.338767991996,0.24136228959388195,3
155.549014,"Field2d",[4184.398634730569; -6360.345485826834; 0.24136228959388195],4184.398634730569,-6360.345485826834,0.24136228959388195,3
155.554084,"Field2d",[4184.388634942801; -6360.342751410112; 0.24136228959388195],4184.388634942801,-6360.342751410112,0.24136228959388195,3
155.557067,"Field2d",[4184.3890505857435; -6360.342868995519; 0.24136228959388195],4184.3890505857435,-6360.342868995519,0.24136228959388195,3
155.561294,"Field2d",[4184.404922473577; -6360.356270729831; 0.24136228959388195],4184.404922473577,-6360.356270729831,0.24136228959388195,3
155.564948,"Field2d",[4184.389003386345; -6360.358329101377; 0.24136228959388195],4184.389003386345,-6360.358329101377,0.24136228959388195,3
155.569509,"Field2d",[4184.398027511625; -6360.364747348142; 0.24136228959388195],4184.398027511625,-6360.364747348142,0.24136228959388195,3
155.574019,"Field2d",[4184.3826273411305; -6360.360188131589; 0.24136228959388195],4184.3826273411305,-6360.360188131589,0.24136228959388195,3
155.576977,"Field2d",[4184.383679479953; -6360.369269669752; 0.24136228959388195],4184.383679479953,-6360.369269669752,0.24136228959388195,3
155.581564,"Field2d",[4184.391948155094; -6360.374847838304; 0.24136228959388195],4184.391948155094,-6360.374847838304,0.24136228959388195,3
155.586135,"Field2d",[4184.383997667967; -6360.371368770549; 0.24136228959388195],4184.383997667967,-6360.371368770549,0.24136228959388195,3
155.589624,"Field2d",[4184.373596769137; -6360.369310835292; 0.24136228959388195],4184.373596769137,-6360.369310835292,0.24136228959388195,3
155.59414,"Field2d",[4184.393566093586; -6360.388257534325; 0.24136228959388195],4184.393566093586,-6360.388257534325,0.24136228959388195,3
155.597616,"Field2d",[4184.384824272411; -6360.382907299898; 0.24136228959388195],4184.384824272411,-6360.382907299898,0.24136228959388195,3
155.602489,"Field2d",[4184.37847937682; -6360.380167201791; 0.24136228959388195],4184.37847937682,-6360.380167201791,0.24136228959388195,3
155.605421,"Field2d",[4184.362428079445; -6360.378913945166; 0.24136228959388195],4184.362428079445,-6360.378913945166,0.24136228959388195,3
155.609942,"Field2d",[4184.384387739403; -6360.395185152838; 0.24136228959388195],4184.384387739403,-6360.395185152838,0.24136228959388195,3
155.614146,"Field2d",[4184.3876716473; -6360.398110736598; 0.24136228959388195],4184.3876716473,-6360.398110736598,0.24136228959388195,3
155.617013,"Field2d",[4184.368773163662; -6360.391847857887; 0.24136228959388195],4184.368773163662,-6360.391847857887,0.24136228959388195,3
155.621186,"Field2d",[4184.379438660821; -6360.3988566959315; 0.24136228959388195],4184.379438660821,-6360.3988566959315,0.24136228959388195,3
155.625994,"Field2d",[4184.365121423537; -6360.394792910159; 0.24136228959388195],4184.365121423537,-6360.394792910159,0.24136228959388195,3
155.629517,"Field2d",[4184.357757161764; -6360.393870734312; 0.24136228959388195],4184.357757161764,-6360.393870734312,0.24136228959388195,3
155.633314,"Field2d",[4184.373378800308; -6360.412058624544; 0.24136228959388195],4184.373378800308,-6360.412058624544,0.24136228959388195,3
155.637527,"Field2d",[4184.3643379341775; -6360.4082324752235; 0.24136228959388195],4184.3643379341775,-6360.4082324752235,0.24136228959388195,3
155.642588,"Field2d",[4184.352186927538; -6360.406382224732; 0.24136228959388195],4184.352186927538,-6360.406382224732,0.24136228959388195,3
155.645634,"Field2d",[4184.368360301606; -6360.427902434698; 0.24136228959388195],4184.368360301606,-6360.427902434698,0.24136228959388195,3
155.649891,"Field2d",[4184.3621451995; -6360.424140969843; 0.24136228959388195],4184.3621451995,-6360.424140969843,0.24136228959388195,3
155.652953,"Field2d",[4184.3602533502435; -6360.423099079476; 0.24136228959388195],4184.3602533502435,-6360.423099079476,0.24136228959388195,3
155.657365,"Field2d",[4184.354639024669; -6360.429321872635; 0.24136228959388195],4184.354639024669,-6360.429321872635,0.24136228959388195,3
155.662325,"Field2d",[4184.343839055941; -6360.426874663106; 0.24136228959388195],4184.343839055941,-6360.426874663106,0.24136228959388195,3
155.664996,"Field2d",[4184.359261380227; -6360.4376429489685; 0.24136228959388195],4184.359261380227,-6360.4376429489685,0.24136228959388195,3
155.6694,"Field2d",[4184.33375101375; -6360.435465160389; 0.24136228959388195],4184.33375101375,-6360.435465160389,0.24136228959388195,3
155.674328,"Field2d",[4184.350839372255; -6360.454650872861; 0.24136228959388195],4184.350839372255,-6360.454650872861,0.24136228959388195,3
155.677319,"Field2d",[4184.35403346927; -6360.457320092601; 0.24136228959388195],4184.35403346927,-6360.457320092601,0.24136228959388195,3
155.68089,"Field2d",[4184.352564827632; -6360.456202313622; 0.24136228959388195],4184.352564827632,-6360.456202313622,0.24136228959388195,3
155.685781,"Field2d",[4184.35445191024; -6360.479403177144; 0.24136228959388195],4184.35445191024,-6360.479403177144,0.24136228959388195,3
155.688734,"Field2d",[4184.330619499605; -6360.4644113451495; 0.24136228959388195],4184.330619499605,-6360.4644113451495,0.24136228959388195,3
155.693405,"Field2d",[4184.319060162378; -6360.46871271561; 0.24136228959388195],4184.319060162378,-6360.46871271561,0.24136228959388195,3
155.69689,"Field2d",[4184.3267479663655; -6360.473301715062; 0.24136228959388195],4184.3267479663655,-6360.473301715062,0.24136228959388195,3
155.701991,"Field2d",[4184.31971290274; -6360.470482704393; 0.24136228959388195],4184.31971290274,-6360.470482704393,0.24136228959388195,3
155.705139,"Field2d",[4184.329310764502; -6360.477381274552; 0.24136228959388195],4184.329310764502,-6360.477381274552,0.24136228959388195,3
155.709803,"Field2d",[4184.314685544057; -6360.48072621546; 0.24136228959388195],4184.314685544057,-6360.48072621546,0.24136228959388195,3
155.713987,"Field2d",[4184.304960867142; -6360.479381638351; 0.24136228959388195],4184.304960867142,-6360.479381638351,0.24136228959388195,3
155.717312,"Field2d",[4184.311565659004; -6360.481279374887; 0.24136228959388195],4184.311565659004,-6360.481279374887,0.24136228959388195,3
155.720866,"Field2d",[4184.303767407767; -6360.480347446721; 0.24136228959388195],4184.303767407767,-6360.480347446721,0.24136228959388195,3
155.726011,"Field2d",[4184.307730001101; -6360.481158139365; 0.24136228959388195],4184.307730001101,-6360.481158139365,0.24136228959388195,3
155.729888,"Field2d",[4184.317313536647; -6360.496823394501; 0.24136228959388195],4184.317313536647,-6360.496823394501,0.24136228959388195,3
155.734174,"Field2d",[4184.300298364431; -6360.495350736637; 0.24136228959388195],4184.300298364431,-6360.495350736637,0.24136228959388195,3
155.736875,"Field2d",[4184.317915921904; -6360.509347661157; 0.24136228959388195],4184.317915921904,-6360.509347661157,0.24136228959388195,3
155.741178,"Field2d",[4184.307442250292; -6360.504490796453; 0.24136228959388195],4184.307442250292,-6360.504490796453,0.24136228959388195,3
155.746329,"Field2d",[4184.30391006142; -6360.503173632406; 0.24136228959388195],4184.30391006142,-6360.503173632406,0.24136228959388195,3
155.748942,"Field2d",[4184.306251672213; -6360.504189452613; 0.24136228959388195],4184.306251672213,-6360.504189452613,0.24136228959388195,3
155.753982,"Field2d",[4184.301806582458; -6360.502747991007; 0.24136228959388195],4184.301806582458,-6360.502747991007,0.24136228959388195,3
155.757422,"Field2d",[4184.286531079129; -6360.5027370811495; 0.24136228959388195],4184.286531079129,-6360.5027370811495,0.24136228959388195,3
155.761534,"Field2d",[4184.288688675779; -6360.502834130271; 0.24136228959388195],4184.288688675779,-6360.502834130271,0.24136228959388195,3
155.765163,"Field2d",[4184.2901375340125; -6360.50294292041; 0.24136228959388195],4184.2901375340125,-6360.50294292041,0.24136228959388195,3
155.769644,"Field2d",[4184.311177386508; -6360.51718484389; 0.24136228959388195],4184.311177386508,-6360.51718484389,0.24136228959388195,3
155.773204,"Field2d",[4184.308362400512; -6360.51554201685; 0.24136228959388195],4184.308362400512,-6360.51554201685,0.24136228959388195,3
155.777921,"Field2d",[4184.284185987584; -6360.514746660203; 0.24136228959388195],4184.284185987584,-6360.514746660203,0.24136228959388195,3
155.780978,"Field2d",[4184.289652304668; -6360.521828932008; 0.24136228959388195],4184.289652304668,-6360.521828932008,0.24136228959388195,3
155.784973,"Field2d",[4184.302473028038; -6360.528992837638; 0.24136228959388195],4184.302473028038,-6360.528992837638,0.24136228959388195,3
155.790074,"Field2d",[4184.296216071926; -6360.52655544295; 0.24136228959388195],4184.296216071926,-6360.52655544295,0.24136228959388195,3
155.793328,"Field2d",[4184.289249465236; -6360.5249603445; 0.24136228959388195],4184.289249465236,-6360.5249603445,0.24136228959388195,3
155.797875,"Field2d",[4184.28767277894; -6360.530646451052; 0.24136228959388195],4184.28767277894,-6360.530646451052,0.24136228959388195,3
155.800869,"Field2d",[4184.303684896622; -6360.543254936734; 0.24136228959388195],4184.303684896622,-6360.543254936734,0.24136228959388195,3
155.805552,"Field2d",[4184.306160975111; -6360.545493278882; 0.24136228959388195],4184.306160975111,-6360.545493278882,0.24136228959388195,3
155.810065,"Field2d",[4184.293966647551; -6360.539501277584; 0.24136228959388195],4184.293966647551,-6360.539501277584,0.24136228959388195,3
155.813557,"Field2d",[4184.283465960521; -6360.536981081014; 0.24136228959388195],4184.283465960521,-6360.536981081014,0.24136228959388195,3
155.817607,"Field2d",[4184.284293043727; -6360.543414366478; 0.24136228959388195],4184.284293043727,-6360.543414366478,0.24136228959388195,3
155.820774,"Field2d",[4184.289369015254; -6360.545815964565; 0.24136228959388195],4184.289369015254,-6360.545815964565,0.24136228959388195,3
155.825187,"Field2d",[4184.293453309183; -6360.548244001764; 0.24136228959388195],4184.293453309183,-6360.548244001764,0.24136228959388195,3
155.829816,"Field2d",[4184.298508190701; -6360.552234307661; 0.24136228959388195],4184.298508190701,-6360.552234307661,0.24136228959388195,3
155.832981,"Field2d",[4184.274342972172; -6360.548175902339; 0.24136228959388195],4184.274342972172,-6360.548175902339,0.24136228959388195,3
155.837586,"Field2d",[4184.267591422348; -6360.547986399396; 0.24136228959388195],4184.267591422348,-6360.547986399396,0.24136228959388195,3
155.841147,"Field2d",[4184.268807038117; -6360.548050941386; 0.24136228959388195],4184.268807038117,-6360.548050941386,0.24136228959388195,3
155.844984,"Field2d",[4184.266647344579; -6360.548032056265; 0.24136228959388195],4184.266647344579,-6360.548032056265,0.24136228959388195,3
155.848816,"Field2d",[4184.267903194003; -6360.548075393577; 0.24136228959388195],4184.267903194003,-6360.548075393577,0.24136228959388195,3
155.853811,"Field2d",[4184.282818512119; -6360.5537069923885; 0.24136228959388195],4184.282818512119,-6360.5537069923885,0.24136228959388195,3
155.856887,"Field2d",[4184.287776744691; -6360.5562583388555; 0.24136228959388195],4184.287776744691,-6360.5562583388555,0.24136228959388195,3
155.861458,"Field2d",[4184.279281421774; -6360.553691224623; 0.24136228959388195],4184.279281421774,-6360.553691224623,0.24136228959388195,3
155.865066,"Field2d",[4184.283043094079; -6360.555177569401; 0.24136228959388195],4184.283043094079,-6360.555177569401,0.24136228959388195,3
155.869695,"Field2d",[4184.2877332623; -6360.557648555214; 0.24136228959388195],4184.2877332623,-6360.557648555214,0.24136228959388195,3
155.873849,"Field2d",[4184.294224902517; -6360.562605658873; 0.24136228959388195],4184.294224902517,-6360.562605658873,0.24136228959388195,3
155.877364,"Field2d",[4184.286695282013; -6360.558700580061; 0.24136228959388195],4184.286695282013,-6360.558700580061,0.24136228959388195,3
155.88154,"Field2d",[4184.294760325334; -6360.565400176397; 0.24136228959388195],4184.294760325334,-6360.565400176397,0.24136228959388195,3
155.885316,"Field2d",[4184.286604417283; -6360.560917398365; 0.24136228959388195],4184.286604417283,-6360.560917398365,0.24136228959388195,3
155.890141,"Field2d",[4184.281329299466; -6360.55877396221; 0.24136228959388195],4184.281329299466,-6360.55877396221,0.24136228959388195,3
155.893173,"Field2d",[4184.275957744638; -6360.557277359698; 0.24136228959388195],4184.275957744638,-6360.557277359698,0.24136228959388195,3
155.898228,"Field2d",[4184.294546077987; -6360.391639442756; 0.24136228959388195],4184.294546077987,-6360.391639442756,0.24136228959388195,3
155.901762,"Field2d",[4184.143864986206; -6360.3771956649; 0.24136228959388195],4184.143864986206,-6360.3771956649,0.24136228959388195,3
155.905509,"Field2d",[4184.145952154218; -6360.378004876306; 0.24136228959388195],4184.145952154218,-6360.378004876306,0.24136228959388195,3
155.909717,"Field2d",[4184.1266862820585; -6360.378766230842; 0.24136228959388195],4184.1266862820585,-6360.378766230842,0.24136228959388195,3
155.914066,"Field2d",[4184.152721809508; -6360.397038489788; 0.24136228959388195],4184.152721809508,-6360.397038489788,0.24136228959388195,3
155.917147,"Field2d",[4184.121746726806; -6360.397738859982; 0.24136228959388195],4184.121746726806,-6360.397738859982,0.24136228959388195,3
155.92126,"Field2d",[4184.124846348779; -6360.397865889067; 0.24136228959388195],4184.124846348779,-6360.397865889067,0.24136228959388195,3
155.92594,"Field2d",[4184.133868160327; -6360.399985245202; 0.24136228959388195],4184.133868160327,-6360.399985245202,0.24136228959388195,3
155.930707,"Field2d",[4184.143623462917; -6360.412626026722; 0.24136228959388195],4184.143623462917,-6360.412626026722,0.24136228959388195,3
155.933718,"Field2d",[4184.146102477573; -6360.414287754696; 0.24136228959388195],4184.146102477573,-6360.414287754696,0.24136228959388195,3
155.936691,"Field2d",[4184.1316474189425; -6360.410134422772; 0.24136228959388195],4184.1316474189425,-6360.410134422772,0.24136228959388195,3
155.940829,"Field2d",[4184.135748095041; -6360.411724291735; 0.24136228959388195],4184.135748095041,-6360.411724291735,0.24136228959388195,3
155.944953,"Field2d",[4184.138424756238; -6360.412952845003; 0.24136228959388195],4184.138424756238,-6360.412952845003,0.24136228959388195,3
155.94925,"Field2d",[4184.12838317369; -6360.410712857481; 0.24136228959388195],4184.12838317369,-6360.410712857481,0.24136228959388195,3
155.954704,"Field2d",[4184.138023024451; -6360.415220797998; 0.24136228959388195],4184.138023024451,-6360.415220797998,0.24136228959388195,3
155.956859,"Field2d",[4184.123068347378; -6360.41328708094; 0.24136228959388195],4184.123068347378,-6360.41328708094,0.24136228959388195,3
155.96178,"Field2d",[4184.1261895841435; -6360.4138995533485; 0.24136228959388195],4184.1261895841435,-6360.4138995533485,0.24136228959388195,3
155.96643,"Field2d",[4184.13389969769; -6360.4168248832775; 0.24136228959388195],4184.13389969769,-6360.4168248832775,0.24136228959388195,3
155.969404,"Field2d",[4184.1205212784325; -6360.415650326816; 0.24136228959388195],4184.1205212784325,-6360.415650326816,0.24136228959388195,3
155.973649,"Field2d",[4184.1395528972125; -6360.427130535636; 0.24136228959388195],4184.1395528972125,-6360.427130535636,0.24136228959388195,3
155.976825,"Field2d",[4184.115551214273; -6360.425915503003; 0.24136228959388195],4184.115551214273,-6360.425915503003,0.24136228959388195,3
155.981593,"Field2d",[4184.135745503296; -6360.437745273769; 0.24136228959388195],4184.135745503296,-6360.437745273769,0.24136228959388195,3
155.984866,"Field2d",[4184.125096277651; -6360.4344335142705; 0.24136228959388195],4184.125096277651,-6360.4344335142705,0.24136228959388195,3
155.98965,"Field2d",[4184.128984580595; -6360.445730479088; 0.24136228959388195],4184.128984580595,-6360.445730479088,0.24136228959388195,3
155.994025,"Field2d",[4184.114577972533; -6360.442876853596; 0.24136228959388195],4184.114577972533,-6360.442876853596,0.24136228959388195,3
155.997006,"Field2d",[4184.110644264542; -6360.448248711296; 0.24136228959388195],4184.110644264542,-6360.448248711296,0.24136228959388195,3
156.00147,"Field2d",[4184.115419994111; -6360.449542704214; 0.24136228959388195],4184.115419994111,-6360.449542704214,0.24136228959388195,3
156.005127,"Field2d",[4184.126255815445; -6360.455669862045; 0.24136228959388195],4184.126255815445,-6360.455669862045,0.24136228959388195,3
156.00889,"Field2d",[4184.111126443488; -6360.452625738987; 0.24136228959388195],4184.111126443488,-6360.452625738987,0.24136228959388195,3
156.014212,"Field2d",[4184.130803825741; -6360.470908172535; 0.24136228959388195],4184.130803825741,-6360.470908172535,0.24136228959388195,3
156.017231,"Field2d",[4184.119877531355; -6360.471331517122; 0.24136228959388195],4184.119877531355,-6360.471331517122,0.24136228959388195,3
156.021625,"Field2d",[4184.122348075601; -6360.473008158017; 0.24136228959388195],4184.122348075601,-6360.473008158017,0.24136228959388195,3
156.025512,"Field2d",[4184.103867887797; -6360.469297959018; 0.24136228959388195],4184.103867887797,-6360.469297959018,0.24136228959388195,3
156.029724,"Field2d",[4184.094915667584; -6360.46916193984; 0.24136228959388195],4184.094915667584,-6360.46916193984,0.24136228959388195,3
156.032824,"Field2d",[4184.119370445351; -6360.487342580533; 0.24136228959388195],4184.119370445351,-6360.487342580533,0.24136228959388195,3
156.038131,"Field2d",[4184.105885521587; -6360.482485287907; 0.24136228959388195],4184.105885521587,-6360.482485287907,0.24136228959388195,3
156.042168,"Field2d",[4184.102944407934; -6360.481629973709; 0.24136228959388195],4184.102944407934,-6360.481629973709,0.24136228959388195,3
156.045111,"Field2d",[4184.118289599089; -6360.49431467687; 0.24136228959388195],4184.118289599089,-6360.49431467687,0.24136228959388195,3
156.050589,"Field2d",[4184.325856234844; -6360.554528286288; 0.24136228959388195],4184.325856234844,-6360.554528286288,0.24136228959388195,3
156.053602,"Field2d",[4184.148017727529; -6360.425914005638; 0.24136228959388195],4184.148017727529,-6360.425914005638,0.24136228959388195,3
156.057937,"Field2d",[4184.146212776922; -6360.42472792542; 0.24136228959388195],4184.146212776922,-6360.42472792542,0.24136228959388195,3
156.061351,"Field2d",[4184.1282198396175; -6360.420986909348; 0.24136228959388195],4184.1282198396175,-6360.420986909348,0.24136228959388195,3
156.065507,"Field2d",[4184.136304021704; -6360.424249252419; 0.24136228959388195],4184.136304021704,-6360.424249252419,0.24136228959388195,3
156.070285,"Field2d",[4184.120345758359; -6360.423372438316; 0.24401089763785735],4184.120345758359,-6360.423372438316,0.24401089763785735,3
156.073878,"Field2d",[4184.1320231616355; -6360.437344354177; 0.24400907935927144],4184.1320231616355,-6360.437344354177,0.24400907935927144,3
156.076996,"Field2d",[4184.1281228474245; -6360.436006985673; 0.24402232681735167],4184.1281228474245,-6360.436006985673,0.24402232681735167,3
156.080921,"Field2d",[4184.1360252796885; -6360.440540157423; 0.24402972980866014],4184.1360252796885,-6360.440540157423,0.24402972980866014,3
156.085248,"Field2d",[4184.122672981588; -6360.43728231931; 0.24401843050613045],4184.122672981588,-6360.43728231931,0.24401843050613045,3
156.089825,"Field2d",[4184.126905741126; -6360.438739690925; 0.24283811901084293],4184.126905741126,-6360.438739690925,0.24283811901084293,3
156.093682,"Field2d",[4184.130294213136; -6360.440203774485; 0.24283674947279957],4184.130294213136,-6360.440203774485,0.24283674947279957,3
156.098051,"Field2d",[4184.130330274153; -6360.440219319081; 0.24283669240874656],4184.130330274153,-6360.440219319081,0.24283669240874656,3
156.101178,"Field2d",[4184.139887078352; -6360.447567926179; 0.24283235553824783],4184.139887078352,-6360.447567926179,0.24283235553824783,3
156.106,"Field2d",[4184.110833010471; -6360.2591851918; 0.2427630797386892],4184.110833010471,-6360.2591851918,0.2427630797386892,3
156.110219,"Field2d",[4183.98076846263; -6360.1288443579315; 0.23836804193067007],4183.98076846263,-6360.1288443579315,0.23836804193067007,3
156.112715,"Field2d",[4183.948023946164; -6360.131399993563; 0.2384282813562823],4183.948023946164,-6360.131399993563,0.2384282813562823,3
156.116832,"Field2d",[4183.963414075102; -6360.14542490276; 0.23842696704169625],4183.963414075102,-6360.14542490276,0.23842696704169625,3
156.122313,"Field2d",[4183.947751904055; -6360.142075953504; 0.2384074713730408],4183.947751904055,-6360.142075953504,0.2384074713730408,3
156.125373,"Field2d",[4183.948821606747; -6360.142330580658; 0.23840593800572546],4183.948821606747,-6360.142330580658,0.23840593800572546,3
156.128883,"Field2d",[4183.922664792598; -6360.142000548222; 0.22693705462762515],4183.922664792598,-6360.142000548222,0.22693705462762515,3
156.133616,"Field2d",[4183.942418481963; -6360.152144522151; 0.22685618091091997],4183.942418481963,-6360.152144522151,0.22685618091091997,3
156.138015,"Field2d",[4183.949093684055; -6360.157183188778; 0.22682520799798286],4183.949093684055,-6360.157183188778,0.22682520799798286,3
156.140897,"Field2d",[4183.943988264269; -6360.16082702328; 0.2269490996492071],4183.943988264269,-6360.16082702328,0.2269490996492071,3
156.145915,"Field2d",[4183.939880720181; -6360.1587310227305; 0.22685618091091994],4183.939880720181,-6360.1587310227305,0.22685618091091994,3
156.148987,"Field2d",[4183.9294679559725; -6360.1539049484445; 0.22087939524431927],4183.9294679559725,-6360.1539049484445,0.22087939524431927,3
156.153819,"Field2d",[4183.942618299792; -6360.168668371892; 0.22091856970490217],4183.942618299792,-6360.168668371892,0.22091856970490217,3
156.158173,"Field2d",[4183.923048520965; -6360.160264723173; 0.22088210732244842],4183.923048520965,-6360.160264723173,0.22088210732244842,3
156.161212,"Field2d",[4183.91830364968; -6360.1587788372735; 0.2208917502665405],4183.91830364968,-6360.1587788372735,0.2208917502665405,3
156.166058,"Field2d",[4183.913471108811; -6360.157788601535; 0.2209013932106335],4183.913471108811,-6360.157788601535,0.2209013932106335,3
156.169026,"Field2d",[4183.925088396509; -6360.170357915845; 0.218683570946134],4183.925088396509,-6360.170357915845,0.218683570946134,3
156.174596,"Field2d",[4183.925229678004; -6360.170459308236; 0.21866154420922143],4183.925229678004,-6360.170459308236,0.21866154420922143,3
156.177661,"Field2d",[4183.924302874677; -6360.169943876256; 0.21866234310637478],4183.924302874677,-6360.169943876256,0.21866234310637478,3
156.181908,"Field2d",[4183.907716558091; -6360.167210145635; 0.21867455482061324],4183.907716558091,-6360.167210145635,0.21867455482061324,3
156.185039,"Field2d",[4183.913299184935; -6360.168829816137; 0.21867033207832365],4183.913299184935,-6360.168829816137,0.21867033207832365,3
156.189196,"Field2d",[4183.922034062968; -6360.173846251965; 0.215488282147177],4183.922034062968,-6360.173846251965,0.215488282147177,3
156.193752,"Field2d",[4183.915622138346; -6360.171275872535; 0.21549517265257662],4183.915622138346,-6360.171275872535,0.21549517265257662,3
156.19723,"Field2d",[4183.901471272367; -6360.169997249273; 0.21550942347043128],4183.901471272367,-6360.169997249273,0.21550942347043128,3
156.20174,"Field2d",[4183.91882043318; -6360.179337141317; 0.21548969156877512],4183.91882043318,-6360.179337141317,0.21548969156877512,3
156.205175,"Field2d",[4183.8975826384585; -6360.178105160197; 0.21551083289202938],4183.8975826384585,-6360.178105160197,0.21551083289202938,3
156.209983,"Field2d",[4183.921394037676; -6360.1965445208025; 0.21518367985491757],4183.921394037676,-6360.1965445208025,0.21518367985491757,3
156.214373,"Field2d",[4183.923804813152; -6360.198680352278; 0.215188053745462],4183.923804813152,-6360.198680352278,0.215188053745462,3
156.217158,"Field2d",[4183.905308891481; -6360.200498359315; 0.2151878303978678],4183.905308891481,-6360.200498359315,0.2151878303978678,3
156.221904,"Field2d",[4183.904529885457; -6360.200245158001; 0.2151855596972336],4183.904529885457,-6360.200245158001,0.2151855596972336,3
156.225748,"Field2d",[4183.904306834145; -6360.200169001032; 0.21518557830954038],4183.904306834145,-6360.200169001032,0.21518557830954038,3
156.229899,"Field2d",[4183.913820916419; -6360.205474363186; 0.21509180545038803],4183.913820916419,-6360.205474363186,0.21509180545038803,3
156.234584,"Field2d",[4183.90399034985; -6360.210508412384; 0.2150926569119928],4183.90399034985,-6360.210508412384,0.2150926569119928,3
156.23735,"Field2d",[4183.916056770125; -6360.219691740836; 0.21509160316945558],4183.916056770125,-6360.219691740836,0.21509160316945558,3
156.241051,"Field2d",[4183.892179355094; -6360.215964190803; 0.21509232761744562],4183.892179355094,-6360.215964190803,0.21509232761744562,3
156.245179,"Field2d",[4183.899223566148; -6360.2181900841; 0.21509210651968413],4183.899223566148,-6360.2181900841,0.21509210651968413,3
156.24921,"Field2d",[4183.886011896514; -6360.217290268449; 0.2150930445659813],4183.886011896514,-6360.217290268449,0.2150930445659813,3
156.252988,"Field2d",[4183.909673418707; -6360.237389170369; 0.21509292791526466],4183.909673418707,-6360.237389170369,0.21509292791526466,3
156.258071,"Field2d",[4183.902658233764; -6360.233213769719; 0.21509333124994587],4183.902658233764,-6360.233213769719,0.21509333124994587,3
156.261058,"Field2d",[4183.894576880676; -6360.230172441824; 0.21509322250775192],4183.894576880676,-6360.230172441824,0.21509322250775192,3
156.266554,"Field2d",[4183.907100516407; -6360.240587024518; 0.2150934281293553],4183.907100516407,-6360.240587024518,0.2150934281293553,3
156.269148,"Field2d",[4183.87518017156; -6360.239961212386; 0.21538140077459708],4183.87518017156,-6360.239961212386,0.21538140077459708,3
156.274038,"Field2d",[4183.887622728597; -6360.253886428922; 0.21538127601082974],4183.887622728597,-6360.253886428922,0.21538127601082974,3
156.277092,"Field2d",[4183.871067525149; -6360.252983354234; 0.21538155049111626],4183.871067525149,-6360.252983354234,0.21538155049111626,3
156.282998,"Field2d",[4183.87122436785; -6360.252992722039; 0.21541030854028453],4183.87122436785,-6360.252992722039,0.21541030854028453,3
156.285626,"Field2d",[4183.8826521750125; -6360.256589890398; 0.21538251117215895],4183.8826521750125,-6360.256589890398,0.21538251117215895,3
156.288888,"Field2d",[4183.870436375266; -6360.255525715923; 0.2156213280507393],4183.870436375266,-6360.255525715923,0.2156213280507393,3
156.293468,"Field2d",[4183.871621736524; -6360.261668391665; 0.21562082490503767],4183.871621736524,-6360.261668391665,0.21562082490503767,3
156.296953,"Field2d",[4183.8880605806735; -6360.271949648465; 0.21562313201214303],4183.8880605806735,-6360.271949648465,0.21562313201214303,3
156.300869,"Field2d",[4183.885002750328; -6360.276975198707; 0.2156206653710268],4183.885002750328,-6360.276975198707,0.2156206653710268,3
156.305703,"Field2d",[4183.88435381177; -6360.276618257986; 0.21562296020629262],4183.88435381177,-6360.276618257986,0.21562296020629262,3
156.309931,"Field2d",[4183.870148146887; -6360.273422676641; 0.21537905282951647],4183.870148146887,-6360.273422676641,0.21537905282951647,3
156.313225,"Field2d",[4183.882219028232; -6360.280073923154; 0.21537812289626737],4183.882219028232,-6360.280073923154,0.21537812289626737,3
156.317272,"Field2d",[4183.889345622104; -6360.285996867061; 0.21537749941829856],4183.889345622104,-6360.285996867061,0.21537749941829856,3
156.322046,"Field2d",[4183.863780940001; -6360.09812986465; 0.2153647445384871],4183.863780940001,-6360.09812986465,0.2153647445384871,3
156.324827,"Field2d",[4183.674154547508; -6360.021200469195; 0.21537851389093293],4183.674154547508,-6360.021200469195,0.21537851389093293,3
156.329197,"Field2d",[4183.6754031651435; -6360.021720728413; 0.21538048999906917],4183.6754031651435,-6360.021720728413,0.21538048999906917,3
156.33308,"Field2d",[4183.680208818064; -6360.0243939300335; 0.21538048999906917],4183.680208818064,-6360.0243939300335,0.21538048999906917,3
156.337606,"Field2d",[4183.6696865552385; -6360.021331112669; 0.2153804899990692],4183.6696865552385,-6360.021331112669,0.2153804899990692,3
156.342283,"Field2d",[4183.676119047825; -6360.024265769781; 0.2153804899990692],4183.676119047825,-6360.024265769781,0.2153804899990692,3
156.345812,"Field2d",[4183.6744853914615; -6360.023590859331; 0.2153804899990692],4183.6744853914615,-6360.023590859331,0.2153804899990692,3
156.349313,"Field2d",[4183.658483901939; -6360.022609541734; 0.21533216755894075],4183.658483901939,-6360.022609541734,0.21533216755894075,3
156.352902,"Field2d",[4183.67662460454; -6360.0427795284295; 0.21533226062044147],4183.67662460454,-6360.0427795284295,0.21533226062044147,3
156.35736,"Field2d",[4183.669470834587; -6360.039350830299; 0.21533163134743488],4183.669470834587,-6360.039350830299,0.21533163134743488,3
156.362328,"Field2d",[4183.7746543255535; -6359.894429356156; 0.2153248910358518],4183.7746543255535,-6359.894429356156,0.2153248910358518,3
156.3651,"Field2d",[4183.62453475637; -6359.80561648333; 0.21533151612843077],4183.62453475637,-6359.80561648333,0.21533151612843077,3
156.369804,"Field2d",[4183.603371047639; -6359.803493945994; 0.21528444071242367],4183.603371047639,-6359.803493945994,0.21528444071242367,3
156.373187,"Field2d",[4183.626267960145; -6359.844453341564; 0.21528436626322262],4183.626267960145,-6359.844453341564,0.21528436626322262,3
156.377511,"Field2d",[4183.579363538684; -6359.839938576182; 0.21528444248502307],4183.579363538684,-6359.839938576182,0.21528444248502307,3
156.382257,"Field2d",[4183.597706544175; -6359.8507321876505; 0.2152842031840214],4183.597706544175,-6359.8507321876505,0.2152842031840214,3
156.385783,"Field2d",[4183.588659833071; -6359.847576487197; 0.21528431131262257],4183.588659833071,-6359.847576487197,0.21528431131262257,3
156.388812,"Field2d",[4183.586716256629; -6359.8469513982145; 0.2152362879646585],4183.586716256629,-6359.8469513982145,0.2152362879646585,3
156.392983,"Field2d",[4183.597027074182; -6359.853416602306; 0.21523610184165926],4183.597027074182,-6359.853416602306,0.21523610184165926,3
156.397357,"Field2d",[4183.601381762507; -6359.856897092706; 0.21523601832492706],4183.601381762507,-6359.856897092706,0.21523601832492706,3
156.400878,"Field2d",[4183.593487837547; -6359.852677506524; 0.2152361543378911],4183.593487837547,-6359.852677506524,0.2152361543378911,3
156.40551,"Field2d",[4183.593969617333; -6359.852942052332; 0.21523614479312073],4183.593969617333,-6359.852942052332,0.21523614479312073,3
156.410926,"Field2d",[4183.648921097136; -6359.909622541925; 0.21544944666245205],4183.648921097136,-6359.909622541925,0.21544944666245205,3
156.414337,"Field2d",[4183.561355653117; -6359.917186353429; 0.21542898322239185],4183.561355653117,-6359.917186353429,0.21542898322239185,3
156.417375,"Field2d",[4183.54354080427; -6359.916783165333; 0.21542912230331335],4183.54354080427,-6359.916783165333,0.21542912230331335,3
156.421361,"Field2d",[4183.563268852415; -6359.926999642853; 0.21543042966401035],4183.563268852415,-6359.926999642853,0.21543042966401035,3
156.42544,"Field2d",[4183.558630762789; -6359.925170297409; 0.21543013295803817],4183.558630762789,-6359.925170297409,0.21543013295803817,3
156.429967,"Field2d",[4183.569119625779; -6359.932766489811; 0.21547718860273982],4183.569119625779,-6359.932766489811,0.21547718860273982,3
156.433366,"Field2d",[4183.556223614501; -6359.92811914623; 0.21547691262254953],4183.556223614501,-6359.92811914623,0.21547691262254953,3
156.436907,"Field2d",[4183.554388675317; -6359.927538511892; 0.2154768749888889],4183.554388675317,-6359.927538511892,0.2154768749888889,3
156.441007,"Field2d",[4183.55168624717; -6359.9268503220255; 0.2154768185383971],4183.55168624717,-6359.9268503220255,0.2154768185383971,3
156.445824,"Field2d",[4183.544615271545; -6359.926113670494; 0.21547667741216242],4183.544615271545,-6359.926113670494,0.21547667741216242,3
156.450292,"Field2d",[4183.625695655485; -6359.759576930588; 0.21547784391932923],4183.625695655485,-6359.759576930588,0.21547784391932923,3
156.453333,"Field2d",[4183.461308409952; -6359.700629049214; 0.21547651801451442],4183.461308409952,-6359.700629049214,0.21547651801451442,3
156.456905,"Field2d",[4183.462226005104; -6359.700978327299; 0.2154765242186143],4183.462226005104,-6359.700978327299,0.2154765242186143,3
156.462122,"Field2d",[4183.472731253367; -6359.708634398647; 0.21547659689521462],4183.472731253367,-6359.708634398647,0.21547659689521462,3
156.465014,"Field2d",[4183.446199787234; -6359.706386980205; 0.21547644711051256],4183.446199787234,-6359.706386980205,0.21547644711051256,3
156.470059,"Field2d",[4183.465899908944; -6359.719523127822; 0.2150393923266505],4183.465899908944,-6359.719523127822,0.2150393923266505,3
156.473783,"Field2d",[4183.45046352589; -6359.715398958073; 0.21504163023416933],4183.45046352589,-6359.715398958073,0.21504163023416933,3
156.47694,"Field2d",[4183.464305121924; -6359.724993006509; 0.21503925938164392],4183.464305121924,-6359.724993006509,0.21503925938164392,3
156.482015,"Field2d",[4183.4515673243; -6359.7206266644325; 0.21504116492666706],4183.4515673243,-6359.7206266644325,0.21504116492666706,3
156.485826,"Field2d",[4183.448883372347; -6359.719874821318; 0.21504156376168676],4183.448883372347,-6359.719874821318,0.21504156376168676,3
156.488859,"Field2d",[4183.451797949507; -6359.729731817136; 0.21504499306095123],4183.451797949507,-6359.729731817136,0.21504499306095123,3
156.493024,"Field2d",[4183.448112876628; -6359.728368413778; 0.21504507732762884],4183.448112876628,-6359.728368413778,0.21504507732762884,3
156.496712,"Field2d",[4183.429741360402; -6359.728773122441; 0.21504498078910453],4183.429741360402,-6359.728773122441,0.21504498078910453,3
156.50186,"Field2d",[4183.443979714034; -6359.74351410494; 0.21504498324347415],4183.443979714034,-6359.74351410494,0.21504498324347415,3
156.505032,"Field2d",[4183.4409751868125; -6359.74248789092; 0.2150450716007672],4183.4409751868125,-6359.74248789092,0.2150450716007672,3
156.509598,"Field2d",[4183.436654363847; -6359.741597464884; 0.21504487811465695],4183.436654363847,-6359.741597464884,0.21504487811465695,3
156.512772,"Field2d",[4183.4503664040785; -6359.749596257764; 0.2150448372085025],4183.4503664040785,-6359.749596257764,0.2150448372085025,3
156.517477,"Field2d",[4183.458725588771; -6359.757626671606; 0.21504491165770356],4183.458725588771,-6359.757626671606,0.21504491165770356,3
156.521741,"Field2d",[4183.450087091066; -6359.752246408902; 0.21504483352694878],4183.450087091066,-6359.752246408902,0.21504483352694878,3
156.525024,"Field2d",[4183.443376760682; -6359.7493504040085; 0.2150448523437791],4183.443376760682,-6359.7493504040085,0.2150448523437791,3
156.529201,"Field2d",[4183.453222613583; -6359.756829109625; 0.2151420756370565],4183.453222613583,-6359.756829109625,0.2151420756370565,3
156.533715,"Field2d",[4183.442248447754; -6359.752125352564; 0.21514171341305688],4183.442248447754,-6359.752125352564,0.21514171341305688,3
156.538249,"Field2d",[4183.429090715061; -6359.750363734999; 0.21514131825960867],4183.429090715061,-6359.750363734999,0.21514131825960867,3
156.541292,"Field2d",[4183.430567235862; -6359.756675796211; 0.2151411489081278],4183.430567235862,-6359.756675796211,0.2151411489081278,3
156.545311,"Field2d",[4183.4454374830775; -6359.7665979729145; 0.21514198155289962],4183.4454374830775,-6359.7665979729145,0.21514198155289962,3
156.548949,"Field2d",[4183.4160281349905; -6359.76701447744; 0.21490032640080178],4183.4160281349905,-6359.76701447744,0.21490032640080178,3
156.554121,"Field2d",[4183.420580383297; -6359.767376927245; 0.21489996063159575],4183.420580383297,-6359.767376927245,0.21489996063159575,3
156.558682,"Field2d",[4183.417006985267; -6359.767354510905; 0.21487441985149153],4183.417006985267,-6359.767354510905,0.21487441985149153,3
156.562178,"Field2d",[4183.440010742611; -6359.781893154475; 0.21489806872197034],4183.440010742611,-6359.781893154475,0.21489806872197034,3
156.565689,"Field2d",[4183.427299040409; -6359.7780753059305; 0.214899128191359],4183.427299040409,-6359.7780753059305,0.214899128191359,3
156.56916,"Field2d",[4183.43406315905; -6359.788151006724; 0.21538154244626523],4183.43406315905,-6359.788151006724,0.21538154244626523,3
156.57453,"Field2d",[4183.439353197148; -6359.792429798735; 0.21538729419241706],4183.439353197148,-6359.792429798735,0.21538729419241706,3
156.577528,"Field2d",[4183.433116594282; -6359.788787858843; 0.21538616831871527],4183.433116594282,-6359.788787858843,0.21538616831871527,3
156.581102,"Field2d",[4183.427102743794; -6359.786280410658; 0.21538514034706474],4183.427102743794,-6359.786280410658,0.21538514034706474,3
156.585604,"Field2d",[4183.43536275185; -6359.791932938191; 0.2153867067800645],4183.43536275185,-6359.791932938191,0.2153867067800645,3
156.589776,"Field2d",[4183.4156430111825; -6359.788257967023; 0.21523584413288363],4183.4156430111825,-6359.788257967023,0.21523584413288363,3
156.593783,"Field2d",[4183.316739779326; -6359.620076894709; 0.21522925633308018],4183.316739779326,-6359.620076894709,0.21522925633308018,3
156.597329,"Field2d",[4183.189524384196; -6359.508838147564; 0.21523473503068685],4183.189524384196,-6359.508838147564,0.21523473503068685,3
156.601962,"Field2d",[4183.192708293736; -6359.512205436383; 0.21523625169453292],4183.192708293736,-6359.512205436383,0.21523625169453292,3
156.605263,"Field2d",[4183.160859570767; -6359.513388287156; 0.2152363318705983],4183.160859570767,-6359.513388287156,0.2152363318705983,3
156.609023,"Field2d",[4183.17660649593; -6359.522093012639; 0.21601181513212325],4183.17660649593,-6359.522093012639,0.21601181513212325,3
156.614199,"Field2d",[4183.175596723976; -6359.521565788202; 0.2160115617185096],4183.175596723976,-6359.521565788202,0.2160115617185096,3
156.617097,"Field2d",[4183.160695723352; -6359.518982868282; 0.2160080501297192],4183.160695723352,-6359.518982868282,0.2160080501297192,3
156.622064,"Field2d",[4183.173026151435; -6359.524974511433; 0.21601119969905294],4183.173026151435,-6359.524974511433,0.21601119969905294,3
156.625622,"Field2d",[4183.170895915882; -6359.524061612578; 0.21601069287179414],4183.170895915882,-6359.524061612578,0.21601069287179414,3
156.630071,"Field2d",[4183.1817001884565; -6359.533172484356; 0.2160522890447779],4183.1817001884565,-6359.533172484356,0.2160522890447779,3
156.633169,"Field2d",[4183.146952708493; -6359.5335536438015; 0.21605175931008008],4183.146952708493,-6359.5335536438015,0.21605175931008008,3
156.636693,"Field2d",[4183.17250256445; -6359.552691433605; 0.21605224609331689],4183.17250256445,-6359.552691433605,0.21605224609331689,3
156.641848,"Field2d",[4183.173518599207; -6359.553495560688; 0.2160522651828526],4183.173518599207,-6359.553495560688,0.2160522651828526,3
156.645082,"Field2d",[4183.158999610217; -6359.548153788152; 0.21605202894981235],4183.158999610217,-6359.548153788152,0.21605202894981235,3
156.649183,"Field2d",[4183.161537758823; -6359.5492476723875; 0.21576123412080386],4183.161537758823,-6359.5492476723875,0.21576123412080386,3
156.653078,"Field2d",[4183.16857635786; -6359.55383945094; 0.21576048253839816],4183.16857635786,-6359.55383945094,0.21576048253839816,3
156.657143,"Field2d",[4183.164836472163; -6359.551838995965; 0.21576086541999084],4183.164836472163,-6359.551838995965,0.21576086541999084,3
156.662248,"Field2d",[4183.160410808617; -6359.550004046626; 0.2157612908439984],4183.160410808617,-6359.550004046626,0.2157612908439984,3
156.664882,"Field2d",[4183.170158156896; -6359.5572974650795; 0.21576019892238976],4183.170158156896,-6359.5572974650795,0.21576019892238976,3
156.668978,"Field2d",[4183.17050951496; -6359.557539313511; 0.21576449134152448],4183.17050951496,-6359.557539313511,0.21576449134152448,3
156.673669,"Field2d",[4183.150862390366; -6359.559264258864; 0.21576413150372006],4183.150862390366,-6359.559264258864,0.21576413150372006,3
156.677895,"Field2d",[4183.159759277138; -6359.563320266537; 0.21576438062219974],4183.159759277138,-6359.563320266537,0.21576438062219974,3
156.680904,"Field2d",[4183.15005923052; -6359.561141522432; 0.2157642560629612],4183.15005923052,-6359.561141522432,0.2157642560629612,3
156.685749,"Field2d",[4183.151429918486; -6359.5614913626805; 0.2157642718800049],4183.151429918486,-6359.5614913626805,0.2157642718800049,3
156.688971,"Field2d",[4183.166530036552; -6359.57407736609; 0.21537501048332752],4183.166530036552,-6359.57407736609,0.21537501048332752,3
156.693729,"Field2d",[4183.151543083799; -6359.568331799946; 0.21537699777248875],4183.151543083799,-6359.568331799946,0.21537699777248875,3
156.69713,"Field2d",[4183.163870475513; -6359.578610720066; 0.21537996905919296],4183.163870475513,-6359.578610720066,0.21537996905919296,3
156.701508,"Field2d",[4183.162948253327; -6359.5778788901425; 0.2153751648358836],4183.162948253327,-6359.5778788901425,0.2153751648358836,3
156.705194,"Field2d",[4183.139019502767; -6359.573695591645; 0.21537815541666303],4183.139019502767,-6359.573695591645,0.21537815541666303,3
156.709074,"Field2d",[4183.149382396218; -6359.577792940649; 0.2154285397996768],4183.149382396218,-6359.577792940649,0.2154285397996768,3
156.713594,"Field2d",[4183.135815604695; -6359.576467106424; 0.2154284870307374],4183.135815604695,-6359.576467106424,0.2154284870307374,3
156.717986,"Field2d",[4183.1421265566905; -6359.57794567424; 0.21542851218802295],4183.1421265566905,-6359.57794567424,0.21542851218802295,3
156.721093,"Field2d",[4183.147730778551; -6359.580006446822; 0.21542853550452984],4183.147730778551,-6359.580006446822,0.21542853550452984,3
156.725627,"Field2d",[4183.134015998282; -6359.579032661257; 0.21542848150840635],4183.134015998282,-6359.579032661257,0.21542848150840635,3
156.730152,"Field2d",[4183.15669839259; -6359.595871448277; 0.21552596912361574],4183.15669839259,-6359.595871448277,0.21552596912361574,3
156.733192,"Field2d",[4183.154094672924; -6359.594183975214; 0.2155258436780786],4183.154094672924,-6359.594183975214,0.2155258436780786,3
156.737757,"Field2d",[4183.147897571026; -6359.591303501847; 0.21552557397016744],4183.147897571026,-6359.591303501847,0.21552557397016744,3
156.740779,"Field2d",[4183.141554974439; -6359.589347112968; 0.21552530426225017],4183.141554974439,-6359.589347112968,0.21552530426225017,3
156.745791,"Field2d",[4183.156377429433; -6359.601682709879; 0.21552607575232546],4183.156377429433,-6359.601682709879,0.21552607575232546,3
156.750479,"Field2d",[4183.149455147044; -6359.597566278107; 0.21547540250368258],4183.149455147044,-6359.597566278107,0.21547540250368258,3
156.753928,"Field2d",[4183.1438400572515; -6359.595118882693; 0.2154755661283],4183.1438400572515,-6359.595118882693,0.2154755661283,3
156.757301,"Field2d",[4183.153651812049; -6359.602841145568; 0.21547523887906564],4183.153651812049,-6359.602841145568,0.21547523887906564,3
156.762364,"Field2d",[4183.145419650988; -6359.598586920808; 0.21547548022537652],4183.145419650988,-6359.598586920808,0.21547548022537652,3
156.766024,"Field2d",[4183.145973888366; -6359.598882724028; 0.21547546386291316],4183.145973888366,-6359.598882724028,0.21547546386291316,3
156.769595,"Field2d",[4183.153681449055; -6359.605445586943; 0.21547642297588265],4183.153681449055,-6359.605445586943,0.21547642297588265,3
156.774123,"Field2d",[4183.142753776898; -6359.6000849382335; 0.21547676276967],4183.142753776898,-6359.6000849382335,0.21547676276967,3
156.77729,"Field2d",[4183.144444124179; -6359.608107454019; 0.2154764554280986],4183.144444124179,-6359.608107454019,0.2154764554280986,3
156.780854,"Field2d",[4183.147089355587; -6359.610013180321; 0.21547686012631942],4183.147089355587,-6359.610013180321,0.21547686012631942,3
156.785601,"Field2d",[4183.128669955899; -6359.605667649261; 0.2154766310518533],4183.128669955899,-6359.605667649261,0.2154766310518533,3
156.790489,"Field2d",[4183.123476106773; -6359.610842022167; 0.2154763276645425],4183.123476106773,-6359.610842022167,0.2154763276645425,3
156.793278,"Field2d",[4183.130359491134; -6359.613033531934; 0.21547625266992532],4183.130359491134,-6359.613033531934,0.21547625266992532,3
156.796794,"Field2d",[4183.122466873944; -6359.611908329204; 0.21547628744015643],4183.122466873944,-6359.611908329204,0.21547628744015643,3
156.802361,"Field2d",[4183.140648852807; -6359.624071122305; 0.21547619267423246],4183.140648852807,-6359.624071122305,0.21547619267423246,3
156.805129,"Field2d",[4183.138490580983; -6359.622782946434; 0.21547620358254002],4183.138490580983,-6359.622782946434,0.21547620358254002,3
156.810148,"Field2d",[4183.12237880918; -6359.619659903256; 0.21547627721361817],4183.12237880918,-6359.619659903256,0.21547627721361817,3
156.813568,"Field2d",[4183.137179495031; -6359.628656026774; 0.21547620221900188],4183.137179495031,-6359.628656026774,0.21547620221900188,3
156.817942,"Field2d",[4183.138527131543; -6359.629537413831; 0.21547619471953994],4183.138527131543,-6359.629537413831,0.21547619471953994,3
156.820825,"Field2d",[4183.110368149908; -6359.629467688319; 0.21547631743800336],4183.110368149908,-6359.629467688319,0.21547631743800336,3
156.825579,"Field2d",[4183.13033622998; -6359.6393232311675; 0.2154762206267714],4183.13033622998,-6359.6393232311675,0.2154762206267714,3
156.829525,"Field2d",[4183.114012487382; -6359.643102236637; 0.2154763337322879],4183.114012487382,-6359.643102236637,0.2154763337322879,3
156.834115,"Field2d",[4183.127621727735; -6359.65571604892; 0.21547633986821121],4183.127621727735,-6359.65571604892,0.21547633986821121,3
156.836804,"Field2d",[4183.120312149302; -6359.652954099936; 0.21547625273810186],4183.120312149302,-6359.652954099936,0.21547625273810186,3
156.842055,"Field2d",[4183.125089080758; -6359.66276086824; 0.2154763380274344],4183.125089080758,-6359.66276086824,0.2154763380274344,3
156.845977,"Field2d",[4183.107395379833; -6359.659759141494; 0.2154762901672341],4183.107395379833,-6359.659759141494,0.2154762901672341,3
156.848988,"Field2d",[4183.100297483905; -6359.659519026898; 0.21547648078991308],4183.100297483905,-6359.659519026898,0.21547648078991308,3
156.854194,"Field2d",[4183.1083366129205; -6359.661164814702; 0.2154765587843147],4183.1083366129205,-6359.661164814702,0.2154765587843147,3
156.857214,"Field2d",[4183.104871883874; -6359.660710675458; 0.21547652578668344],4183.104871883874,-6359.660710675458,0.21547652578668344,3
156.862132,"Field2d",[4183.111854302081; -6359.662712001589; 0.21547659478173042],4183.111854302081,-6359.662712001589,0.21547659478173042,3
156.866039,"Field2d",[4183.120497406463; -6359.667196208063; 0.21547668777505496],4183.120497406463,-6359.667196208063,0.21547668777505496,3
156.869695,"Field2d",[4183.111377080264; -6359.6726502629745; 0.21547634327705775],4183.111377080264,-6359.6726502629745,0.21547634327705775,3
156.873196,"Field2d",[4183.1176959393015; -6359.6759845987235; 0.21547626023756464],4183.1176959393015,-6359.6759845987235,0.21547626023756464,3
156.878384,"Field2d",[4183.125032500103; -6359.681835579246; 0.215476231603256],4183.125032500103,-6359.681835579246,0.215476231603256,3
156.881397,"Field2d",[4183.115826207424; -6359.677245651642; 0.21547626310099507],4183.115826207424,-6359.677245651642,0.21547626310099507,3
156.885619,"Field2d",[4183.096350732781; -6359.676021175583; 0.21547632227856503],4183.096350732781,-6359.676021175583,0.21547632227856503,3
156.890192,"Field2d",[4183.120546333279; -6359.6968268068595; 0.21547628498578766],4183.120546333279,-6359.6968268068595,0.21547628498578766,3
156.893773,"Field2d",[4183.12092984252; -6359.697163791987; 0.21547635398083473],4183.12092984252,-6359.697163791987,0.21547635398083473,3
156.897168,"Field2d",[4183.095136118178; -6359.692378646503; 0.2154763297098495],4183.095136118178,-6359.692378646503,0.2154763297098495,3
156.902315,"Field2d",[4183.0979944403025; -6359.6930895916; 0.21547632480111079],4183.0979944403025,-6359.6930895916,0.21547632480111079,3
156.905585,"Field2d",[4183.114628843264; -6359.706620366162; 0.2154762874401573],4183.114628843264,-6359.706620366162,0.2154762874401573,3
156.908962,"Field2d",[4183.093835021759; -6359.701502308767; 0.21547639284168132],4183.093835021759,-6359.701502308767,0.21547639284168132,3
156.914213,"Field2d",[4183.097269702646; -6359.702623005479; 0.21547639775042002],4183.097269702646,-6359.702623005479,0.21547639775042002,3
156.917081,"Field2d",[4183.104712275; -6359.741160385095; 0.21547637361578884],4183.104712275,-6359.741160385095,0.21547637361578884,3
156.921328,"Field2d",[4183.067119844005; -6359.727321955484; 0.21547640000025778],4183.067119844005,-6359.727321955484,0.21547640000025778,3
156.924787,"Field2d",[4183.053810174829; -6359.726259157952; 0.215476382615143],4183.053810174829,-6359.726259157952,0.215476382615143,3
156.928704,"Field2d",[4183.066319491766; -6359.730779284198; 0.2154765546936984],4183.066319491766,-6359.730779284198,0.2154765546936984,3
156.932789,"Field2d",[4183.063263708968; -6359.729895520131; 0.21547653287708277],4183.063263708968,-6359.729895520131,0.21547653287708277,3
156.936902,"Field2d",[4183.066219382667; -6359.730960674558; 0.2154765546936984],4183.066219382667,-6359.730960674558,0.2154765546936984,3
156.941823,"Field2d",[4183.071149616855; -6359.733394046281; 0.21547659287277746],4183.071149616855,-6359.733394046281,0.21547659287277746,3
156.945093,"Field2d",[4183.065784720616; -6359.731485039854; 0.2154765536028678],4183.065784720616,-6359.731485039854,0.2154765536028678,3
156.949861,"Field2d",[4183.056642808227; -6359.7359125038365; 0.21552433028671789],4183.056642808227,-6359.7359125038365,0.21552433028671789,3
156.952918,"Field2d",[4183.069863828398; -6359.749234169272; 0.21552432551433318],4183.069863828398,-6359.749234169272,0.21552432551433318,3
156.9571,"Field2d",[4183.054872042964; -6359.745403392824; 0.21552437037474945],4183.054872042964,-6359.745403392824,0.21552437037474945,3
156.96171,"Field2d",[4183.052758447538; -6359.744958459702; 0.21552436369341085],4183.052758447538,-6359.744958459702,0.21552436369341085,3
156.965543,"Field2d",[4183.05283524682; -6359.744974887262; 0.21552436417064913],4183.05283524682,-6359.744974887262,0.21552436417064913,3
156.96963,"Field2d",[4183.0516944243345; -6359.744764057672; 0.2155243006979327],4183.0516944243345,-6359.744764057672,0.2155243006979327,3
156.973831,"Field2d",[4183.066331584687; -6359.753340480096; 0.2155243006979327],4183.066331584687,-6359.753340480096,0.2155243006979327,3
156.977074,"Field2d",[4183.057397271909; -6359.750218402917; 0.2155243006979327],4183.057397271909,-6359.750218402917,0.2155243006979327,3
156.982191,"Field2d",[4183.051761135326; -6359.748970122302; 0.2155243006979327],4183.051761135326,-6359.748970122302,0.2155243006979327,3
156.985039,"Field2d",[4183.054258330972; -6359.749664119039; 0.2155243006979327],4183.054258330972,-6359.749664119039,0.2155243006979327,3
156.990114,"Field2d",[4183.048452886614; -6359.748803421813; 0.2155243006979327],4183.048452886614,-6359.748803421813,0.2155243006979327,3
156.993625,"Field2d",[4183.041619910986; -6359.748753929247; 0.2155243006979327],4183.041619910986,-6359.748753929247,0.2155243006979327,3
156.9975,"Field2d",[4183.044987356292; -6359.749011826821; 0.2155243006979327],4183.044987356292,-6359.749011826821,0.2155243006979327,3
157.001178,"Field2d",[4183.0597785384725; -6359.755373175216; 0.2155243006979327],4183.0597785384725,-6359.755373175216,0.2155243006979327,3
157.00557,"Field2d",[4183.061930092626; -6359.756426447078; 0.2155243006979327],4183.061930092626,-6359.756426447078,0.2155243006979327,3
157.009674,"Field2d",[4183.064036613525; -6359.757593334736; 0.2155243006979327],4183.064036613525,-6359.757593334736,0.2155243006979327,3
157.012758,"Field2d",[4183.067919305328; -6359.760263304398; 0.2155243006979327],4183.067919305328,-6359.760263304398,0.2155243006979327,3
157.01786,"Field2d",[4183.06055102121; -6359.756831216923; 0.2155243006979327],4183.06055102121,-6359.756831216923,0.2155243006979327,3
157.022041,"Field2d",[4183.062325909823; -6359.764764746857; 0.2155243006979327],4183.062325909823,-6359.764764746857,0.2155243006979327,3
157.025134,"Field2d",[4183.039837522235; -6359.763249075091; 0.2155243006979327],4183.039837522235,-6359.763249075091,0.2155243006979327,3
157.029346,"Field2d",[4183.050984906601; -6359.7667860737765; 0.2155243006979327],4183.050984906601,-6359.7667860737765,0.2155243006979327,3
157.033171,"Field2d",[4183.044959819239; -6359.765678644911; 0.2155243006979327],4183.044959819239,-6359.765678644911,0.2155243006979327,3
157.036751,"Field2d",[4183.054300067776; -6359.7695012921695; 0.2155243006979327],4183.054300067776,-6359.7695012921695,0.2155243006979327,3
157.041084,"Field2d",[4183.050826193215; -6359.768374504341; 0.2155243006979327],4183.050826193215,-6359.768374504341,0.2155243006979327,3
157.04495,"Field2d",[4183.048129330056; -6359.767667011926; 0.2155243006979327],4183.048129330056,-6359.767667011926,0.2155243006979327,3
157.049184,"Field2d",[4183.034814021945; -6359.767902657825; 0.2155243006979327],4183.034814021945,-6359.767902657825,0.2155243006979327,3
157.05362,"Field2d",[4183.048187792807; -6359.77154962334; 0.2155243006979327],4183.048187792807,-6359.77154962334,0.2155243006979327,3
157.05912,"Field2d",[4183.06115515218; -6359.780132846139; 0.2155243006979327],4183.06115515218,-6359.780132846139,0.2155243006979327,3
157.062069,"Field2d",[4183.047179311973; -6359.776018131205; 0.2155243006979327],4183.047179311973,-6359.776018131205,0.2155243006979327,3
157.06505,"Field2d",[4183.048360675593; -6359.785126727771; 0.2155243006979327],4183.048360675593,-6359.785126727771,0.2155243006979327,3
157.069251,"Field2d",[4183.045212479493; -6359.784097444485; 0.2155243006979327],4183.045212479493,-6359.784097444485,0.2155243006979327,3
157.073859,"Field2d",[4183.044988523351; -6359.784024266452; 0.2155243006979327],4183.044988523351,-6359.784024266452,0.2155243006979327,3
157.076878,"Field2d",[4183.0385388008; -6359.78283885287; 0.2155243006979327],4183.0385388008,-6359.78283885287,0.2155243006979327,3
157.081444,"Field2d",[4183.035371777641; -6359.788308874554; 0.2155243006979327],4183.035371777641,-6359.788308874554,0.2155243006979327,3
157.085652,"Field2d",[4183.041280715655; -6359.790068709468; 0.2155243006979327],4183.041280715655,-6359.790068709468,0.2155243006979327,3
157.090222,"Field2d",[4183.038590907976; -6359.789447768971; 0.2155243006979327],4183.038590907976,-6359.789447768971,0.2155243006979327,3
157.093766,"Field2d",[4183.033168436871; -6359.788821334963; 0.2155243006979327],4183.033168436871,-6359.788821334963,0.2155243006979327,3
157.097851,"Field2d",[4183.033051377645; -6359.788808097065; 0.2155243006979327],4183.033051377645,-6359.788808097065,0.2155243006979327,3
157.101606,"Field2d",[4183.053497834578; -6359.803758300663; 0.2155243006979327],4183.053497834578,-6359.803758300663,0.2155243006979327,3
157.106199,"Field2d",[4183.045543208871; -6359.7999119239075; 0.2155243006979327],4183.045543208871,-6359.7999119239075,0.2155243006979327,3
157.108832,"Field2d",[4183.023630214185; -6359.799876496804; 0.2155243006979327],4183.023630214185,-6359.799876496804,0.2155243006979327,3
157.113941,"Field2d",[4183.048668283243; -6359.818588729648; 0.2155243006979327],4183.048668283243,-6359.818588729648,0.2155243006979327,3
157.116991,"Field2d",[4183.014599413419; -6359.820535783435; 0.2155243006979327],4183.014599413419,-6359.820535783435,0.2155243006979327,3
157.121524,"Field2d",[4183.031021530618; -6359.825514918794; 0.2155243006979327],4183.031021530618,-6359.825514918794,0.2155243006979327,3
157.125016,"Field2d",[4183.024745444294; -6359.8244757925695; 0.2155243006979327],4183.024745444294,-6359.8244757925695,0.2155243006979327,3
157.129555,"Field2d",[4183.043982417896; -6359.839514497382; 0.2155243006979327],4183.043982417896,-6359.839514497382,0.2155243006979327,3
157.133139,"Field2d",[4183.028192351903; -6359.842276307828; 0.2155243006979327],4183.028192351903,-6359.842276307828,0.2155243006979327,3
157.13747,"Field2d",[4183.033708426779; -6359.847670769438; 0.2155243006979327],4183.033708426779,-6359.847670769438,0.2155243006979327,3
157.140885,"Field2d",[4183.019087548653; -6359.844686592598; 0.2155243006979327],4183.019087548653,-6359.844686592598,0.2155243006979327,3
157.14478,"Field2d",[4183.024135416045; -6359.846306155444; 0.2155243006979327],4183.024135416045,-6359.846306155444,0.2155243006979327,3
157.150215,"Field2d",[4183.027519290638; -6359.847678832; 0.21552445368695064],4183.027519290638,-6359.847678832,0.21552445368695064,3
157.153153,"Field2d",[4183.0148145520925; -6359.846107458183; 0.2155243874189808],4183.0148145520925,-6359.846107458183,0.2155243874189808,3
157.157914,"Field2d",[4183.033835295804; -6359.858918653869; 0.21552450686495123],4183.033835295804,-6359.858918653869,0.21552450686495123,3
157.16098,"Field2d",[4183.033540739317; -6359.858723343253; 0.2155245044105812],4183.033540739317,-6359.858723343253,0.2155245044105812,3
157.165505,"Field2d",[4183.020467776051; -6359.8546102997825; 0.21552443323387308],4183.020467776051,-6359.8546102997825,0.21552443323387308,3
157.169058,"Field2d",[4183.011177840171; -6359.853537119736; 0.21552430069793266],4183.011177840171,-6359.853537119736,0.21552430069793266,3
157.174693,"Field2d",[4183.012421975161; -6359.853713406808; 0.21552430069793266],4183.012421975161,-6359.853713406808,0.21552430069793266,3
157.177256,"Field2d",[4183.016403413234; -6359.854622143058; 0.21552430069793266],4183.016403413234,-6359.854622143058,0.21552430069793266,3
157.180825,"Field2d",[4183.010979786314; -6359.854008800369; 0.21552430069793266],4183.010979786314,-6359.854008800369,0.21552430069793266,3
157.185343,"Field2d",[4183.031789701333; -6359.869718189425; 0.21552430069793266],4183.031789701333,-6359.869718189425,0.21552430069793266,3
157.189953,"Field2d",[4183.029642607198; -6359.868284556859; 0.2155243691475653],4183.029642607198,-6359.868284556859,0.2155243691475653,3
157.194095,"Field2d",[4183.001328714172; -6359.868033764242; 0.21552431978747194],4183.001328714172,-6359.868033764242,0.21552431978747194,3
157.197655,"Field2d",[4183.014363378083; -6359.882291276758; 0.21552431815122564],4183.014363378083,-6359.882291276758,0.21552431815122564,3
157.201166,"Field2d",[4183.020639662918; -6359.886180200463; 0.21552436587507232],4183.020639662918,-6359.886180200463,0.21552436587507232,3
157.206291,"Field2d",[4183.020606189144; -6359.886159672014; 0.21552436587507232],4183.020606189144,-6359.886159672014,0.21552436587507232,3
157.208947,"Field2d",[4183.001260628095; -6359.888929206884; 0.21552430069793266],4183.001260628095,-6359.888929206884,0.21552430069793266,3
157.214041,"Field2d",[4183.019664349927; -6359.9027442848965; 0.21552430069793266],4183.019664349927,-6359.9027442848965,0.21552430069793266,3
157.217498,"Field2d",[4183.006313802012; -6359.897860874378; 0.21552430069793266],4183.006313802012,-6359.897860874378,0.21552430069793266,3
157.222737,"Field2d",[4183.159746187708; -6359.932473223548; 0.21552430069793266],4183.159746187708,-6359.932473223548,0.21552430069793266,3
157.226592,"Field2d",[4183.00248483883; -6359.938044186358; 0.21552430069793266],4183.00248483883,-6359.938044186358,0.21552430069793266,3
157.229601,"Field2d",[4183.008198132024; -6359.941399235772; 0.21552430069793266],4183.008198132024,-6359.941399235772,0.21552430069793266,3
157.233818,"Field2d",[4182.987682950758; -6359.939362854621; 0.21552430069793266],4182.987682950758,-6359.939362854621,0.21552430069793266,3
157.237089,"Field2d",[4182.98474000213; -6359.939249147368; 0.21552430069793266],4182.98474000213,-6359.939249147368,0.21552430069793266,3
157.242177,"Field2d",[4183.0092701655985; -6359.959497358614; 0.21552430069793266],4183.0092701655985,-6359.959497358614,0.21552430069793266,3
157.245606,"Field2d",[4183.016764293588; -6359.970117271348; 0.21552430069793266],4183.016764293588,-6359.970117271348,0.21552430069793266,3
157.250056,"Field2d",[4182.996147309749; -6359.9594430779525; 0.21552430069793266],4182.996147309749,-6359.9594430779525,0.21552430069793266,3
157.253321,"Field2d",[4182.984006260204; -6359.956692666426; 0.21552430069793266],4182.984006260204,-6359.956692666426,0.21552430069793266,3
157.258567,"Field2d",[4183.001160837803; -6359.970327009692; 0.21552430069793266],4183.001160837803,-6359.970327009692,0.21552430069793266,3
157.261658,"Field2d",[4182.985764172214; -6359.972936436419; 0.21552430069793266],4182.985764172214,-6359.972936436419,0.21552430069793266,3
157.265186,"Field2d",[4182.9938295442635; -6359.978109555756; 0.21552430069793266],4182.9938295442635,-6359.978109555756,0.21552430069793266,3
157.269714,"Field2d",[4182.981419797949; -6359.974237960803; 0.21552430069793266],4182.981419797949,-6359.974237960803,0.21552430069793266,3
157.272776,"Field2d",[4182.983159609963; -6359.974853909802; 0.21552430069793266],4182.983159609963,-6359.974853909802,0.21552430069793266,3
157.277592,"Field2d",[4182.975153353695; -6359.973448804994; 0.21552430069793266],4182.975153353695,-6359.973448804994,0.21552430069793266,3
157.280735,"Field2d",[4182.986475118671; -6359.978623205754; 0.21552430069793266],4182.986475118671,-6359.978623205754,0.21552430069793266,3
157.285019,"Field2d",[4182.972272703703; -6359.976692299199; 0.21552430069793266],4182.972272703703,-6359.976692299199,0.21552430069793266,3
157.289524,"Field2d",[4182.990484846988; -6359.988663130895; 0.21552430069793266],4182.990484846988,-6359.988663130895,0.21552430069793266,3
157.29295,"Field2d",[4182.983359793282; -6359.9939324695815; 0.21552430069793266],4182.983359793282,-6359.9939324695815,0.21552430069793266,3
157.297971,"Field2d",[4182.989813424193; -6359.999002782566; 0.21552430069793266],4182.989813424193,-6359.999002782566,0.21552430069793266,3
157.301855,"Field2d",[4182.9925623532245; -6360.001524723554; 0.21552430069793266],4182.9925623532245,-6360.001524723554,0.21552430069793266,3
157.304831,"Field2d",[4182.982657346674; -6359.995985551635; 0.21552430069793266],4182.982657346674,-6359.995985551635,0.21552430069793266,3
157.309725,"Field2d",[4182.981472180798; -6359.995368399172; 0.21552430069793266],4182.981472180798,-6359.995368399172,0.21552430069793266,3
157.313723,"Field2d",[4182.96742810892; -6359.992705236274; 0.21552430069793266],4182.96742810892,-6359.992705236274,0.21552430069793266,3
157.318398,"Field2d",[4182.975705400832; -6359.995907800076; 0.21552430069793266],4182.975705400832,-6359.995907800076,0.21552430069793266,3
157.321085,"Field2d",[4182.9622139219255; -6359.994667238443; 0.21552430069793266],4182.9622139219255,-6359.994667238443,0.21552430069793266,3
157.325495,"Field2d",[4182.967447061687; -6359.995733912029; 0.21552430069793266],4182.967447061687,-6359.995733912029,0.21552430069793266,3
157.329612,"Field2d",[4182.972675675167; -6359.997429967692; 0.21552430069793266],4182.972675675167,-6359.997429967692,0.21552430069793266,3
157.334131,"Field2d",[4182.9721953522085; -6360.005882409413; 0.21552430069793266],4182.9721953522085,-6360.005882409413,0.21552430069793266,3
157.337656,"Field2d",[4182.983240466689; -6360.014451916274; 0.21552430069793266],4182.983240466689,-6360.014451916274,0.21552430069793266,3
157.341408,"Field2d",[4182.971953206155; -6360.00958688494; 0.21552430069793266],4182.971953206155,-6360.00958688494,0.21552430069793266,3
157.346386,"Field2d",[4182.982449665911; -6360.018152171799; 0.21552430069793266],4182.982449665911,-6360.018152171799,0.21552430069793266,3
157.349392,"Field2d",[4182.9775423645615; -6360.015038498665; 0.21552430069793266],4182.9775423645615,-6360.015038498665,0.21552430069793266,3
157.353971,"Field2d",[4182.965770140639; -6360.011240878815; 0.21552430069793266],4182.965770140639,-6360.011240878815,0.21552430069793266,3
157.35699,"Field2d",[4182.963149304653; -6360.010553266712; 0.21552430069793266],4182.963149304653,-6360.010553266712,0.21552430069793266,3
157.36235,"Field2d",[4182.957550542892; -6360.009759953189; 0.21552430069793266],4182.957550542892,-6360.009759953189,0.21552430069793266,3
157.364909,"Field2d",[4182.963497235837; -6360.011386713709; 0.21552430069793266],4182.963497235837,-6360.011386713709,0.21552430069793266,3
157.36951,"Field2d",[4182.957709460041; -6360.010528692446; 0.21552430069793266],4182.957709460041,-6360.010528692446,0.21552430069793266,3
157.373763,"Field2d",[4182.973889266019; -6360.020044072255; 0.21552430069793266],4182.973889266019,-6360.020044072255,0.21552430069793266,3
157.377608,"Field2d",[4182.96337308128; -6360.024785506943; 0.21552430069793266],4182.96337308128,-6360.024785506943,0.21552430069793266,3
157.382184,"Field2d",[4182.970017368071; -6360.028431400714; 0.21552430069793266],4182.970017368071,-6360.028431400714,0.21552430069793266,3
157.385995,"Field2d",[4182.967863338193; -6360.027383527501; 0.21552430069793266],4182.967863338193,-6360.027383527501,0.21552430069793266,3
157.390735,"Field2d",[4182.956427040864; -6360.03057745543; 0.21552430069793266],4182.956427040864,-6360.03057745543,0.21552430069793266,3
157.394607,"Field2d",[4182.95290859767; -6360.029952526345; 0.21552430069793266],4182.95290859767,-6360.029952526345,0.21552430069793266,3
157.397674,"Field2d",[4182.956848669881; -6360.03102695619; 0.21552430069793266],4182.956848669881,-6360.03102695619,0.21552430069793266,3
157.402005,"Field2d",[4182.952322118026; -6360.030240109666; 0.21552430069793266],4182.952322118026,-6360.030240109666,0.21552430069793266,3
157.405235,"Field2d",[4182.971431134471; -6360.045453010434; 0.21552430069793266],4182.971431134471,-6360.045453010434,0.21552430069793266,3
157.410079,"Field2d",[4182.967408724042; -6360.042850754957; 0.21552430069793266],4182.967408724042,-6360.042850754957,0.21552430069793266,3
157.412986,"Field2d",[4182.943416433509; -6360.040897278506; 0.21552430069793266],4182.943416433509,-6360.040897278506,0.21552430069793266,3
157.41792,"Field2d",[4182.952702728336; -6360.04355849196; 0.21552430069793266],4182.952702728336,-6360.04355849196,0.21552430069793266,3
157.420968,"Field2d",[4182.948853099127; -6360.042783489385; 0.21552430069793266],4182.948853099127,-6360.042783489385,0.21552430069793266,3
157.426008,"Field2d",[4182.952920006397; -6360.0529309532285; 0.21552430069793266],4182.952920006397,-6360.0529309532285,0.21552430069793266,3
157.429004,"Field2d",[4182.959397386107; -6360.056633816475; 0.21552430069793266],4182.959397386107,-6360.056633816475,0.21552430069793266,3
157.433025,"Field2d",[4182.948384827938; -6360.053439606103; 0.21552430069793266],4182.948384827938,-6360.053439606103,0.21552430069793266,3
157.436918,"Field2d",[4182.957324937626; -6360.058205940648; 0.21552430069793266],4182.957324937626,-6360.058205940648,0.21552430069793266,3
157.441346,"Field2d",[4182.962385818796; -6360.061795181918; 0.21552430069793266],4182.962385818796,-6360.061795181918,0.21552430069793266,3
157.445063,"Field2d",[4182.943035555249; -6360.057639833378; 0.21552430069793266],4182.943035555249,-6360.057639833378,0.21552430069793266,3
157.449209,"Field2d",[4182.955054503264; -6360.064060015678; 0.21552430069793266],4182.955054503264,-6360.064060015678,0.21552430069793266,3
157.453805,"Field2d",[4182.945885100006; -6360.0612800651625; 0.21552430069793266],4182.945885100006,-6360.0612800651625,0.21552430069793266,3
157.458976,"Field2d",[4182.95519061057; -6360.066523418205; 0.21552430069793266],4182.95519061057,-6360.066523418205,0.21552430069793266,3
157.463037,"Field2d",[4182.942708777673; -6360.0633451778685; 0.21552430069793266],4182.942708777673,-6360.0633451778685,0.21552430069793266,3
157.465819,"Field2d",[4182.945109125909; -6360.0640898043375; 0.21552430069793266],4182.945109125909,-6360.0640898043375,0.21552430069793266,3
157.469356,"Field2d",[4182.940808327506; -6360.063169852459; 0.21552430069793266],4182.940808327506,-6360.063169852459,0.21552430069793266,3
157.473537,"Field2d",[4182.954259072258; -6360.0710511502275; 0.21552430069793266],4182.954259072258,-6360.0710511502275,0.21552430069793266,3
157.477133,"Field2d",[4182.9549965777005; -6360.07150106891; 0.21552430069793266],4182.9549965777005,-6360.07150106891,0.21552430069793266,3
157.482022,"Field2d",[4182.949446411035; -6360.069002542261; 0.21552430069793266],4182.949446411035,-6360.069002542261,0.21552430069793266,3
157.485459,"Field2d",[4182.935192922686; -6360.0671580134485; 0.21552430069793266],4182.935192922686,-6360.0671580134485,0.21552430069793266,3
157.490724,"Field2d",[4183.218523019519; -6360.131194686572; 0.21552430069793266],4183.218523019519,-6360.131194686572,0.21552430069793266,3
157.492828,"Field2d",[4182.903257551095; -6360.120553265088; 0.21552430069793266],4182.903257551095,-6360.120553265088,0.21552430069793266,3
157.496934,"Field2d",[4182.904159493899; -6360.120600502505; 0.21552430069793266],4182.904159493899,-6360.120600502505,0.21552430069793266,3
157.501383,"Field2d",[4182.9163332528715; -6360.1245603121915; 0.21552430069793266],4182.9163332528715,-6360.1245603121915,0.21552430069793266,3
157.504995,"Field2d",[4182.922241697836; -6360.127405632903; 0.21552430069793266],4182.922241697836,-6360.127405632903,0.21552430069793266,3
157.510603,"Field2d",[4182.916471980926; -6360.125467187158; 0.21552430069793266],4182.916471980926,-6360.125467187158,0.21552430069793266,3
157.514275,"Field2d",[4182.918450783529; -6360.126229334771; 0.21552430069793266],4182.918450783529,-6360.126229334771,0.21552430069793266,3
157.517186,"Field2d",[4182.904116948636; -6360.125178147567; 0.21552430069793266],4182.904116948636,-6360.125178147567,0.21552430069793266,3
157.521107,"Field2d",[4182.916036466464; -6360.129279055014; 0.21552430069793266],4182.916036466464,-6360.129279055014,0.21552430069793266,3
157.525876,"Field2d",[4182.927458463663; -6360.137407266464; 0.21552430069793266],4182.927458463663,-6360.137407266464,0.21552430069793266,3
157.530074,"Field2d",[4182.914242984862; -6360.132848593992; 0.21552430069793266],4182.914242984862,-6360.132848593992,0.21552430069793266,3
157.533159,"Field2d",[4182.917874990423; -6360.1344419380775; 0.21552430069793266],4182.917874990423,-6360.1344419380775,0.21552430069793266,3
157.536833,"Field2d",[4182.920830833967; -6360.143160976056; 0.21552430069793266],4182.920830833967,-6360.143160976056,0.21552430069793266,3
157.54218,"Field2d",[4182.920207049288; -6360.1428276166735; 0.21552430069793266],4182.920207049288,-6360.1428276166735,0.21552430069793266,3
157.545197,"Field2d",[4182.912673902404; -6360.139989391454; 0.21552430069793266],4182.912673902404,-6360.139989391454,0.21552430069793266,3
157.55,"Field2d",[4182.888186976625; -6360.094239879592; 0.21552430069793266],4182.888186976625,-6360.094239879592,0.21552430069793266,3
157.552845,"Field2d",[4182.848220594227; -6360.079474889032; 0.21552430069793266],4182.848220594227,-6360.079474889032,0.21552430069793266,3
157.557439,"Field2d",[4182.844129819479; -6360.0783560902; 0.21552430069793266],4182.844129819479,-6360.0783560902,0.21552430069793266,3
157.561884,"Field2d",[4182.856750782082; -6360.086535928245; 0.21552430069793266],4182.856750782082,-6360.086535928245,0.21552430069793266,3
157.565222,"Field2d",[4182.859599313489; -6360.088693563341; 0.21552430069793266],4182.859599313489,-6360.088693563341,0.21552430069793266,3
157.570404,"Field2d",[4182.836196210109; -6360.09064999964; 0.21552430069793266],4182.836196210109,-6360.09064999964,0.21552430069793266,3
157.573444,"Field2d",[4182.854435120766; -6360.1045518113315; 0.21552430069793266],4182.854435120766,-6360.1045518113315,0.21552430069793266,3
157.57705,"Field2d",[4182.829682395118; -6360.106970742904; 0.21552430069793266],4182.829682395118,-6360.106970742904,0.21552430069793266,3
157.581182,"Field2d",[4182.825094332673; -6360.106728367901; 0.21552430069793266],4182.825094332673,-6360.106728367901,0.21552430069793266,3
157.584947,"Field2d",[4182.847420008197; -6360.122561717876; 0.21552430069793266],4182.847420008197,-6360.122561717876,0.21552430069793266,3
157.590087,"Field2d",[4182.851199485977; -6360.1258753449865; 0.21552430069793266],4182.851199485977,-6360.1258753449865,0.21552430069793266,3
157.593143,"Field2d",[4182.8497352801705; -6360.124688360546; 0.21552430069793266],4182.8497352801705,-6360.124688360546,0.21552430069793266,3
157.597778,"Field2d",[4182.843044548735; -6360.127388996414; 0.21552430069793266],4182.843044548735,-6360.127388996414,0.21552430069793266,3
157.601337,"Field2d",[4182.847554097182; -6360.131055149803; 0.21552430069793266],4182.847554097182,-6360.131055149803,0.21552430069793266,3
157.605872,"Field2d",[4182.830651083862; -6360.12551206149; 0.21552430069793266],4182.830651083862,-6360.12551206149,0.21552430069793266,3
157.608921,"Field2d",[4182.829333567209; -6360.125120739244; 0.21552430069793266],4182.829333567209,-6360.125120739244,0.21552430069793266,3
157.614023,"Field2d",[4182.822298654318; -6360.124106674713; 0.21552430069793266],4182.822298654318,-6360.124106674713,0.21552430069793266,3
157.617018,"Field2d",[4182.836470862474; -6360.140346401871; 0.21552430069793266],4182.836470862474,-6360.140346401871,0.21552430069793266,3
157.622099,"Field2d",[4182.840556697722; -6360.143662315508; 0.21552430069793266],4182.840556697722,-6360.143662315508,0.21552430069793266,3
157.625706,"Field2d",[4182.808718490571; -6360.142919132058; 0.21552430069793266],4182.808718490571,-6360.142919132058,0.21552430069793266,3
157.628914,"Field2d",[4182.828868431752; -6360.153703451139; 0.21552430069793266],4182.828868431752,-6360.153703451139,0.21552430069793266,3
157.63365,"Field2d",[4182.806258655308; -6360.153066529031; 0.21552430069793266],4182.806258655308,-6360.153066529031,0.21552430069793266,3
157.637838,"Field2d",[4182.822291262274; -6360.159507957882; 0.21552430069793266],4182.822291262274,-6360.159507957882,0.21552430069793266,3
157.641863,"Field2d",[4182.808938151126; -6360.158074043891; 0.21552430069793266],4182.808938151126,-6360.158074043891,0.21552430069793266,3
157.645742,"Field2d",[4182.816185246157; -6360.160006509088; 0.21552430069793266],4182.816185246157,-6360.160006509088,0.21552430069793266,3
157.649894,"Field2d",[4182.823550670026; -6360.1633513501265; 0.21552430069793266],4182.823550670026,-6360.1633513501265,0.21552430069793266,3
157.653643,"Field2d",[4182.809384105027; -6360.161448520622; 0.21552430069793266],4182.809384105027,-6360.161448520622,0.21552430069793266,3
157.656786,"Field2d",[4182.821581327521; -6360.166682589829; 0.21552430069793266],4182.821581327521,-6360.166682589829,0.21552430069793266,3
157.660958,"Field2d",[4182.82995075487; -6360.1725983813685; 0.21552430069793266],4182.82995075487,-6360.1725983813685,0.21552430069793266,3
157.665708,"Field2d",[4182.811052716772; -6360.168396823811; 0.21552430069793266],4182.811052716772,-6360.168396823811,0.21552430069793266,3
157.66888,"Field2d",[4182.824170998875; -6360.176146166132; 0.2100440648851545],4182.824170998875,-6360.176146166132,0.2100440648851545,3
157.673766,"Field2d",[4182.827283664714; -6360.178341672253; 0.2100375378989368],4182.827283664714,-6360.178341672253,0.2100375378989368,3
157.677345,"Field2d",[4182.827443617021; -6360.178455540246; 0.21003726594134256],4182.827443617021,-6360.178455540246,0.21003726594134256,3
157.680889,"Field2d",[4182.821415305859; -6360.175323320445; 0.21004896012457105],4182.821415305859,-6360.175323320445,0.21004896012457105,3
157.685472,"Field2d",[4182.812254583439; -6360.172651938907; 0.2100655495472155],4182.812254583439,-6360.172651938907,0.2100655495472155,3
157.688907,"Field2d",[4182.820240484101; -6360.184444923625; 0.20828217545825514],4182.820240484101,-6360.184444923625,0.20828217545825514,3
157.693981,"Field2d",[4182.820504610296; -6360.184615207437; 0.2082648886537669],4182.820504610296,-6360.184615207437,0.2082648886537669,3
157.698888,"Field2d",[4182.827223420486; -6360.190651003398; 0.20828253188725265],4182.827223420486,-6360.190651003398,0.20828253188725265,3
157.701923,"Field2d",[4182.822259881699; -6360.187196440998; 0.20826319561620876],4182.822259881699,-6360.187196440998,0.20826319561620876,3
157.704729,"Field2d",[4182.82339630804; -6360.188037275552; 0.20826239365102464],4182.82339630804,-6360.188037275552,0.20826239365102464,3
157.709411,"Field2d",[4182.818270114985; -6360.191973886795; 0.21174598513968243],4182.818270114985,-6360.191973886795,0.21174598513968243,3
157.714093,"Field2d",[4182.825465101342; -6360.198987772123; 0.21174598513983695],4182.825465101342,-6360.198987772123,0.21174598513983695,3
157.717501,"Field2d",[4182.815305386339; -6360.193027394626; 0.21177668929913246],4182.815305386339,-6360.193027394626,0.21177668929913246,3
157.721105,"Field2d",[4182.8169252051875; -6360.194065535748; 0.2117787362430131],4182.8169252051875,-6360.194065535748,0.2117787362430131,3
157.72527,"Field2d",[4182.822027852579; -6360.198429152582; 0.21178607112570405],4182.822027852579,-6360.198429152582,0.21178607112570405,3
157.729002,"Field2d",[4182.799311736656; -6360.187406621039; 0.21009094749675364],4182.799311736656,-6360.187406621039,0.21009094749675364,3
157.734171,"Field2d",[4182.804868499934; -6360.191128398629; 0.2100876030095292],4182.804868499934,-6360.191128398629,0.2100876030095292,3
157.73703,"Field2d",[4182.792674665116; -6360.1949921631585; 0.210103290247036],4182.792674665116,-6360.1949921631585,0.210103290247036,3
157.742219,"Field2d",[4182.779869678291; -6360.193708767414; 0.2100997068679332],4182.779869678291,-6360.193708767414,0.2100997068679332,3
157.745699,"Field2d",[4182.799112216209; -6360.20608705994; 0.21008808079342828],4182.799112216209,-6360.20608705994,0.21008808079342828,3
157.748809,"Field2d",[4182.7928577178445; -6360.201876417328; 0.20248713767597473],4182.7928577178445,-6360.201876417328,0.20248713767597473,3
157.753843,"Field2d",[4182.780391436574; -6360.197663602268; 0.20251891603147432],4182.780391436574,-6360.197663602268,0.20251891603147432,3
157.758566,"Field2d",[4182.77261368616; -6360.202117205896; 0.20255712571981652],4182.77261368616,-6360.202117205896,0.20255712571981652,3
157.761254,"Field2d",[4182.772259701998; -6360.202070679764; 0.20253404858112228],4182.772259701998,-6360.202070679764,0.20253404858112228,3
157.766001,"Field2d",[4182.769309999272; -6360.207487777297; 0.2025597739162804],4182.769309999272,-6360.207487777297,0.2025597739162804,3
157.768906,"Field2d",[4182.780742977049; -6360.211764400756; 0.20098573045904508],4182.780742977049,-6360.211764400756,0.20098573045904508,3
157.773616,"Field2d",[4182.7921848605365; -6360.220490053736; 0.20097849225129813],4182.7921848605365,-6360.220490053736,0.20097849225129813,3
157.77787,"Field2d",[4182.779721149545; -6360.2155513712905; 0.20098525840193524],4182.779721149545,-6360.2155513712905,0.20098525840193524,3
157.782105,"Field2d",[4182.784790895979; -6360.225801401878; 0.20099580100873166],4182.784790895979,-6360.225801401878,0.20099580100873166,3
157.785436,"Field2d",[4182.791255598804; -6360.231764148295; 0.20099643041816337],4182.791255598804,-6360.231764148295,0.20099643041816337,3
157.790078,"Field2d",[4182.755955868444; -6360.228909542842; 0.20080691656842528],4182.755955868444,-6360.228909542842,0.20080691656842528,3
157.794275,"Field2d",[4182.790579729991; -6360.175186862919; 0.20079327518407386],4182.790579729991,-6360.175186862919,0.20079327518407386,3
157.79716,"Field2d",[4182.758738741756; -6360.150549527785; 0.20080537890607802],4182.758738741756,-6360.150549527785,0.20080537890607802,3
157.800797,"Field2d",[4182.744036154348; -6360.153392057233; 0.20080723440923495],4182.744036154348,-6360.153392057233,0.20080723440923495,3
157.80559,"Field2d",[4182.7435030691595; -6360.153206933203; 0.20080616062268686],4182.7435030691595,-6360.153206933203,0.20080616062268686,3
157.8091,"Field2d",[4182.7375400085875; -6360.15134268819; 0.20578411378897168],4182.7375400085875,-6360.15134268819,0.20578411378897168,3
157.813206,"Field2d",[4182.740113274443; -6360.152300720814; 0.2057883036019034],4182.740113274443,-6360.152300720814,0.2057883036019034,3
157.817177,"Field2d",[4182.738098400903; -6360.160134958674; 0.2057584819925001],4182.738098400903,-6360.160134958674,0.2057584819925001,3
157.821835,"Field2d",[4182.751871208293; -6360.173680247587; 0.2058205898065953],4182.751871208293,-6360.173680247587,0.2058205898065953,3
157.82564,"Field2d",[4182.715404932761; -6360.172679424195; 0.20576316472453515],4182.715404932761,-6360.172679424195,0.20576316472453515,3
157.829778,"Field2d",[4182.7138800923885; -6360.172601547697; 0.2069002402553509],4182.7138800923885,-6360.172601547697,0.2069002402553509,3
157.8333,"Field2d",[4182.731322368859; -6360.190584424655; 0.2068982358537871],4182.731322368859,-6360.190584424655,0.2068982358537871,3
157.836971,"Field2d",[4182.717903985948; -6360.186882138372; 0.20690419178984432],4182.717903985948,-6360.186882138372,0.20690419178984432,3
157.841643,"Field2d",[4182.7213749871835; -6360.188128907297; 0.20690550896809565],4182.7213749871835,-6360.188128907297,0.20690550896809565,3
157.845733,"Field2d",[4182.721301017306; -6360.188102608846; 0.20690550896804327],4182.721301017306,-6360.188102608846,0.20690550896804327,3
157.849037,"Field2d",[4182.711035149434; -6360.186694258409; 0.2104620597872492],4182.711035149434,-6360.186694258409,0.2104620597872492,3
157.853126,"Field2d",[4182.71949226573; -6360.196763415049; 0.21046647424312073],4182.71949226573,-6360.196763415049,0.21046647424312073,3
157.857339,"Field2d",[4182.727737786572; -6360.202784542233; 0.21048907625687688],4182.727737786572,-6360.202784542233,0.21048907625687688,3
157.861124,"Field2d",[4182.721443241438; -6360.199485354872; 0.2104811302364361],4182.721443241438,-6360.199485354872,0.2104811302364361,3
157.865312,"Field2d",[4182.705693549156; -6360.202654058957; 0.2104534074539581],4182.705693549156,-6360.202654058957,0.2104534074539581,3
157.869423,"Field2d",[4182.694677845879; -6360.203034241827; 0.21241382433334105],4182.694677845879,-6360.203034241827,0.21241382433334105,3
157.873565,"Field2d",[4182.7066472915785; -6360.205653616279; 0.21242161245610283],4182.7066472915785,-6360.205653616279,0.21242161245610283,3
157.878323,"Field2d",[4182.846729261835; -6360.070915894991; 0.21258338852425687],4182.846729261835,-6360.070915894991,0.21258338852425687,3
157.881792,"Field2d",[4182.7257999830035; -6359.9514108570265; 0.21241362716570017],4182.7257999830035,-6359.9514108570265,0.21241362716570017,3
157.886436,"Field2d",[4182.705156113011; -6359.944310931927; 0.21242516147399973],4182.705156113011,-6359.944310931927,0.21242516147399973,3
157.889236,"Field2d",[4182.704103798544; -6359.943977416818; 0.21463135882308096],4182.704103798544,-6359.943977416818,0.21463135882308096,3
157.893966,"Field2d",[4182.711692832809; -6359.947938606687; 0.21463742213785617],4182.711692832809,-6359.947938606687,0.21463742213785617,3
157.897595,"Field2d",[4182.689951853351; -6359.947166604961; 0.2146222087299573],4182.689951853351,-6359.947166604961,0.2146222087299573,3
157.901221,"Field2d",[4182.694468976761; -6359.947751604079; 0.2146252955083062],4182.694468976761,-6359.947751604079,0.2146252955083062,3
157.906254,"Field2d",[4182.714497185707; -6359.962672238972; 0.21464293424211484],4182.714497185707,-6359.962672238972,0.21464293424211484,3
157.909319,"Field2d",[4182.7135380334485; -6359.962010846504; 0.21597294405896117],4182.7135380334485,-6359.962010846504,0.21597294405896117,3
157.912975,"Field2d",[4182.718718860088; -6359.966821125416; 0.21595870258135463],4182.718718860088,-6359.966821125416,0.21595870258135463,3
157.917449,"Field2d",[4182.706483337884; -6359.96064215732; 0.2159701092624876],4182.706483337884,-6359.96064215732,0.2159701092624876,3
157.922053,"Field2d",[4182.705883262043; -6359.960349380063; 0.2159698392818391],4182.705883262043,-6359.960349380063,0.2159698392818391,3
157.926263,"Field2d",[4182.733548608281; -6359.80305340721; 0.21606244263408414],4182.733548608281,-6359.80305340721,0.21606244263408414,3
157.929285,"Field2d",[4182.607370397029; -6359.709927525478; 0.2172675539626333],4182.607370397029,-6359.709927525478,0.2172675539626333,3
157.933196,"Field2d",[4182.604543446023; -6359.715137417178; 0.21725465829744114],4182.604543446023,-6359.715137417178,0.21725465829744114,3
157.937218,"Field2d",[4182.603228131116; -6359.714273065594; 0.21726676038327103],4182.603228131116,-6359.714273065594,0.21726676038327103,3
157.94134,"Field2d",[4182.607949047734; -6359.718417681318; 0.21726933951621294],4182.607949047734,-6359.718417681318,0.21726933951621294,3
157.945187,"Field2d",[4182.606829271848; -6359.717492162575; 0.2172687443317064],4182.606829271848,-6359.717492162575,0.2172687443317064,3
157.949033,"Field2d",[4182.599919302355; -6359.713453947393; 0.2175855873816547],4182.599919302355,-6359.713453947393,0.2175855873816547,3
157.953261,"Field2d",[4182.588056869374; -6359.710091185178; 0.2175855873816547],4182.588056869374,-6359.710091185178,0.2175855873816547,3
157.957639,"Field2d",[4182.595204968739; -6359.713437740172; 0.2175855873816547],4182.595204968739,-6359.713437740172,0.2175855873816547,3
157.961635,"Field2d",[4182.606673162103; -6359.7243988160035; 0.2175855873816547],4182.606673162103,-6359.7243988160035,0.2175855873816547,3
157.965417,"Field2d",[4182.567858231539; -6359.725665032538; 0.2175855873816547],4182.567858231539,-6359.725665032538,0.2175855873816547,3
157.968781,"Field2d",[4182.571854592871; -6359.72588868562; 0.21811510957293267],4182.571854592871,-6359.72588868562,0.21811510957293267,3
157.973171,"Field2d",[4182.595559152687; -6359.745035037108; 0.2181201091231212],4182.595559152687,-6359.745035037108,0.2181201091231212,3
157.97742,"Field2d",[4182.587898932265; -6359.7473179520475; 0.21811397565432517],4182.587898932265,-6359.7473179520475,0.21811397565432517,3
157.981074,"Field2d",[4182.589496233394; -6359.748375155983; 0.2181143106757496],4182.589496233394,-6359.748375155983,0.2181143106757496,3
157.985878,"Field2d",[4182.587418282943; -6359.747185848688; 0.21811887212101688],4182.587418282943,-6359.747185848688,0.21811887212101688,3
157.989456,"Field2d",[4182.591833304381; -6359.750467613849; 0.2181128932774899],4182.591833304381,-6359.750467613849,0.2181128932774899,3
157.993528,"Field2d",[4182.591959064638; -6359.750561724162; 0.2181128932774899],4182.591959064638,-6359.750561724162,0.2181128932774899,3
157.997258,"Field2d",[4182.575935388098; -6359.745622282015; 0.2181128932774899],4182.575935388098,-6359.745622282015,0.2181128932774899,3
158.000882,"Field2d",[4182.580526551275; -6359.747569732482; 0.2181128932774899],4182.580526551275,-6359.747569732482,0.2181128932774899,3
158.005601,"Field2d",[4182.583348618274; -6359.756011822703; 0.2181128932774899],4182.583348618274,-6359.756011822703,0.2181128932774899,3
158.010725,"Field2d",[4182.584747623953; -6359.756885152108; 0.2181128932774899],4182.584747623953,-6359.756885152108,0.2181128932774899,3
158.014281,"Field2d",[4182.581938095831; -6359.755393947989; 0.2181128932774899],4182.581938095831,-6359.755393947989,0.2181128932774899,3
158.016818,"Field2d",[4182.5872953206435; -6359.759243891276; 0.2181128932774899],4182.5872953206435,-6359.759243891276,0.2181128932774899,3
158.021157,"Field2d",[4182.578144152616; -6359.755178682864; 0.2181128932774899],4182.578144152616,-6359.755178682864,0.2181128932774899,3
158.025293,"Field2d",[4182.584272603743; -6359.759079648307; 0.2181128932774899],4182.584272603743,-6359.759079648307,0.2181128932774899,3
158.029622,"Field2d",[4182.585083317741; -6359.759622027514; 0.21806446011803893],4182.585083317741,-6359.759622027514,0.21806446011803893,3
158.034659,"Field2d",[4182.571410883734; -6359.755454737608; 0.2180646380598091],4182.571410883734,-6359.755454737608,0.2180646380598091,3
158.037375,"Field2d",[4182.56295242521; -6359.754423489693; 0.21806474680200352],4182.56295242521,-6359.754423489693,0.21806474680200352,3
158.040839,"Field2d",[4182.577619383575; -6359.761615379027; 0.21806454118040197],4182.577619383575,-6359.761615379027,0.21806454118040197,3
158.046054,"Field2d",[4182.582948536955; -6359.765160530834; 0.21806446011803893],4182.582948536955,-6359.765160530834,0.21806446011803893,3
158.049335,"Field2d",[4182.584178356072; -6359.7660400804325; 0.21806495637786857],4182.584178356072,-6359.7660400804325,0.21806495637786857,3
158.054046,"Field2d",[4182.581545490438; -6359.764399697721; 0.21806495637786857],4182.581545490438,-6359.764399697721,0.21806495637786857,3
158.05757,"Field2d",[4182.586942309159; -6359.768963807058; 0.21806495637786857],4182.586942309159,-6359.768963807058,0.21806495637786857,3
158.062047,"Field2d",[4182.569027265478; -6359.763107256463; 0.21806495637786857],4182.569027265478,-6359.763107256463,0.21806495637786857,3
158.065738,"Field2d",[4182.580829946432; -6359.771375929403; 0.21806495637786857],4182.580829946432,-6359.771375929403,0.21806495637786857,3
158.068833,"Field2d",[4182.56164423642; -6359.773278933404; 0.2181612337845037],4182.56164423642,-6359.773278933404,0.2181612337845037,3
158.073778,"Field2d",[4182.557156977709; -6359.772733057616; 0.2181614246798912],4182.557156977709,-6359.772733057616,0.2181614246798912,3
158.077187,"Field2d",[4182.57135167364; -6359.779649167808; 0.218161975549434],4182.57135167364,-6359.779649167808,0.218161975549434,3
158.082067,"Field2d",[4182.569880900396; -6359.78553683861; 0.21816173011250944],4182.569880900396,-6359.78553683861,0.21816173011250944,3
158.085744,"Field2d",[4182.569808926589; -6359.790117025446; 0.2181610865223478],4182.569808926589,-6359.790117025446,0.2181610865223478,3
158.089773,"Field2d",[4182.57029081676; -6359.790412939095; 0.2181606992774179],4182.57029081676,-6359.790412939095,0.2181606992774179,3
158.094524,"Field2d",[4182.549800644691; -6359.787783112481; 0.21816077127224853],4182.549800644691,-6359.787783112481,0.21816077127224853,3
158.097235,"Field2d",[4182.550355180328; -6359.793898955098; 0.2181607952705261],4182.550355180328,-6359.793898955098,0.2181607952705261,3
158.101414,"Field2d",[4182.551203107951; -6359.794079417669; 0.21816075709144936],4182.551203107951,-6359.794079417669,0.21816075709144936,3
158.106162,"Field2d",[4182.564876845774; -6359.8153450564605; 0.2181606965503403],4182.564876845774,-6359.8153450564605,0.2181606965503403,3
158.110074,"Field2d",[4182.526999049679; -6359.815421509601; 0.21816080699695706],4182.526999049679,-6359.815421509601,0.21816080699695706,3
158.113287,"Field2d",[4182.547492622252; -6359.825797266139; 0.2181607572278029],4182.547492622252,-6359.825797266139,0.2181607572278029,3
158.118257,"Field2d",[4182.540264614029; -6359.831622422133; 0.21816081176934174],4182.540264614029,-6359.831622422133,0.21816081176934174,3
158.120955,"Field2d",[4182.546584885562; -6359.835200345357; 0.21816075245541816],4182.546584885562,-6359.835200345357,0.21816075245541816,3
158.12496,"Field2d",[4182.551305461083; -6359.847738715035; 0.21816079302068755],4182.551305461083,-6359.847738715035,0.21816079302068755,3
158.128937,"Field2d",[4182.544916518521; -6359.843466952352; 0.2180638611837616],4182.544916518521,-6359.843466952352,0.2180638611837616,3
158.133507,"Field2d",[4182.5367688267015; -6359.839948683782; 0.21806410552985966],4182.5367688267015,-6359.839948683782,0.21806410552985966,3
158.137334,"Field2d",[4182.534178076122; -6359.839032947847; 0.21806416225305597],4182.534178076122,-6359.839032947847,0.21806416225305597,3
158.142783,"Field2d",[4182.539621970915; -6359.841842613544; 0.21806400953674615],4182.539621970915,-6359.841842613544,0.21806400953674615,3
158.145388,"Field2d",[4182.523019248576; -6359.8453077081085; 0.21806472512174413],4182.523019248576,-6359.8453077081085,0.21806472512174413,3
158.149489,"Field2d",[4182.543601824782; -6359.86376167462; 0.21811295327318503],4182.543601824782,-6359.86376167462,0.21811295327318503,3
158.154123,"Field2d",[4182.508660769336; -6359.8632334925105; 0.2181130027696302],4182.508660769336,-6359.8632334925105,0.2181130027696302,3
158.158493,"Field2d",[4182.515068602357; -6359.864187687726; 0.2181130642652157],4182.515068602357,-6359.864187687726,0.2181130642652157,3
158.162017,"Field2d",[4182.536291825133; -6359.883276870587; 0.218112953273185],4182.536291825133,-6359.883276870587,0.218112953273185,3
158.165473,"Field2d",[4182.522710430684; -6359.87709914861; 0.2181131947558482],4182.522710430684,-6359.87709914861,0.2181131947558482,3
158.169256,"Field2d",[4182.506128151445; -6359.875536283564; 0.21806476261904983],4182.506128151445,-6359.875536283564,0.21806476261904983,3
158.173197,"Field2d",[4182.519621202956; -6359.881132625985; 0.2180645787458869],4182.519621202956,-6359.881132625985,0.2180645787458869,3
158.17768,"Field2d",[4182.526213679711; -6359.893596023277; 0.21806480413879614],4182.526213679711,-6359.893596023277,0.21806480413879614,3
158.181843,"Field2d",[4182.511685384752; -6359.888629859278; 0.2180646163113719],4182.511685384752,-6359.888629859278,0.2180646163113719,3
158.185405,"Field2d",[4182.505254058845; -6359.887352136177; 0.2180647013279967],4182.505254058845,-6359.887352136177,0.2180647013279967,3
158.190712,"Field2d",[4182.573000206215; -6359.913156393726; 0.21795763199154605],4182.573000206215,-6359.913156393726,0.21795763199154605,3
158.193101,"Field2d",[4182.4971470934715; -6359.90426152084; 0.2179685224370155],4182.4971470934715,-6359.90426152084,0.2179685224370155,3
158.197541,"Field2d",[4182.516829739963; -6359.917842332976; 0.21796770376851585],4182.516829739963,-6359.917842332976,0.21796770376851585,3
158.200866,"Field2d",[4182.517246836597; -6359.918136646563; 0.21796768761058358],4182.517246836597,-6359.918136646563,0.21796768761058358,3
158.206182,"Field2d",[4182.5057590985125; -6359.913746244; 0.21796914461962666],4182.5057590985125,-6359.913746244,0.21796914461962666,3
158.208846,"Field2d",[4182.4941403390385; -6359.918010992427; 0.21796910064551075],4182.4941403390385,-6359.918010992427,0.21796910064551075,3
158.213995,"Field2d",[4182.513848507651; -6359.93373093274; 0.2179691770036657],4182.513848507651,-6359.93373093274,0.2179691770036657,3
158.217223,"Field2d",[4182.507998288127; -6359.930278081138; 0.2179691623456269],4182.507998288127,-6359.930278081138,0.2179691623456269,3
158.220959,"Field2d",[4182.492066590478; -6359.9270447161925; 0.21796912723451067],4182.492066590478,-6359.9270447161925,0.21796912723451067,3
158.224927,"Field2d",[4182.504007371235; -6359.933189944419; 0.21796915620970359],4182.504007371235,-6359.933189944419,0.21796915620970359,3
158.228752,"Field2d",[4182.506471781187; -6359.934669192748; 0.21792053426835142],4182.506471781187,-6359.934669192748,0.21792053426835142,3
158.233981,"Field2d",[4182.488121890444; -6359.9373714765015; 0.2179209850541716],4182.488121890444,-6359.9373714765015,0.2179209850541716,3
158.236988,"Field2d",[4182.507956888878; -6359.955125378944; 0.21792104464080186],4182.507956888878,-6359.955125378944,0.21792104464080186,3
158.240943,"Field2d",[4182.480639912201; -6359.9506472436615; 0.21792083738295367],4182.480639912201,-6359.9506472436615,0.21792083738295367,3
158.246072,"Field2d",[4182.482524767849; -6359.951033109836; 0.21792080629427532],4182.482524767849,-6359.951033109836,0.21792080629427532,3
158.249678,"Field2d",[4182.488072842477; -6359.952920944311; 0.21801776124318079],4182.488072842477,-6359.952920944311,0.21801776124318079,3
158.252741,"Field2d",[4182.484653844361; -6359.9520273960725; 0.21801766525007082],4182.484653844361,-6359.9520273960725,0.21801766525007082,3
158.256972,"Field2d",[4182.493230983513; -6359.963838910098; 0.21801718528452704],4182.493230983513,-6359.963838910098,0.21801718528452704,3
158.262558,"Field2d",[4182.494631046123; -6359.964713160239; 0.2180180666757995],4182.494631046123,-6359.964713160239,0.2180180666757995,3
158.265755,"Field2d",[4182.480755787715; -6359.966670848167; 0.21801745144723628],4182.480755787715,-6359.966670848167,0.21801745144723628,3
158.269959,"Field2d",[4182.486178683184; -6359.969148863214; 0.21796888977428494],4182.486178683184,-6359.969148863214,0.21796888977428494,3
158.273828,"Field2d",[4182.491295138561; -6359.97229785141; 0.21796885350416123],4182.491295138561,-6359.97229785141,0.21796885350416123,3
158.277386,"Field2d",[4182.487978233586; -6359.970590903337; 0.2179688764116074],4182.487978233586,-6359.970590903337,0.2179688764116074,3
158.282167,"Field2d",[4182.474370080662; -6359.967954287007; 0.21796896040557787],4182.474370080662,-6359.967954287007,0.21796896040557787,3
158.286168,"Field2d",[4182.485911604461; -6359.981814179638; 0.21796904153611787],4182.485911604461,-6359.981814179638,0.21796904153611787,3
158.290046,"Field2d",[4182.46134693038; -6359.980979594339; 0.2179210271875102],4182.46134693038,-6359.980979594339,0.2179210271875102,3
158.292855,"Field2d",[4182.463419274826; -6359.981140014491; 0.21792100768891057],4182.463419274826,-6359.981140014491,0.21792100768891057,3
158.297635,"Field2d",[4182.484649976996; -6359.995866178556; 0.2179207602066754],4182.484649976996,-6359.995866178556,0.2179207602066754,3
158.301208,"Field2d",[4182.483799056166; -6359.995302017129; 0.2179207707059227],4182.483799056166,-6359.995302017129,0.2179207707059227,3
158.30539,"Field2d",[4182.463928354866; -6359.997516948601; 0.21792104818600294],4182.463928354866,-6359.997516948601,0.21792104818600294,3
158.309066,"Field2d",[4182.463219821014; -6359.997408232544; 0.21796912587097297],4182.463219821014,-6359.997408232544,0.21796912587097297,3
158.314271,"Field2d",[4182.468216194016; -6360.005686992126; 0.2179691245074344],4182.468216194016,-6360.005686992126,0.2179691245074344,3
158.317401,"Field2d",[4182.472658078527; -6360.012932987615; 0.2179690962140112],4182.472658078527,-6360.012932987615,0.2179690962140112,3
158.321226,"Field2d",[4182.476358825898; -6360.015589738304; 0.21796917154951173],4182.476358825898,-6360.015589738304,0.21796917154951173,3
158.325694,"Field2d",[4182.455648659938; -6360.011628728583; 0.217969125870973],4182.455648659938,-6360.011628728583,0.217969125870973,3
158.329645,"Field2d",[4182.473777925635; -6360.025089375259; 0.21777471371376686],4182.473777925635,-6360.025089375259,0.21777471371376686,3
158.333285,"Field2d",[4182.477949463158; -6360.029023990034; 0.21777686374124333],4182.477949463158,-6360.029023990034,0.21777686374124333,3
158.33768,"Field2d",[4182.4517808467735; -6360.029242720801; 0.2177765986693629],4182.4517808467735,-6360.029242720801,0.2177765986693629,3
158.340733,"Field2d",[4182.443310435533; -6360.02880056507; 0.21777650049458575],4182.443310435533,-6360.02880056507,0.21777650049458575,3
158.34582,"Field2d",[4182.467868553438; -6360.050655193319; 0.21777695209853104],4182.467868553438,-6360.050655193319,0.21777695209853104,3
158.350273,"Field2d",[4182.444846103429; -6360.050509055242; 0.21782565885198596],4182.444846103429,-6360.050509055242,0.21782565885198596,3
158.353346,"Field2d",[4182.442620442428; -6360.050033436649; 0.21782587933615508],4182.442620442428,-6360.050033436649,0.21782587933615508,3
158.356755,"Field2d",[4182.456345507004; -6360.058301520789; 0.21782633830320616],4182.456345507004,-6360.058301520789,0.21782633830320616,3
158.361933,"Field2d",[4182.460649478998; -6360.061595108046; 0.2178264957919007],4182.460649478998,-6360.061595108046,0.2178264957919007,3
158.365779,"Field2d",[4182.454270280619; -6360.064593836295; 0.21782546986555054],4182.454270280619,-6360.064593836295,0.21782546986555054,3
158.37011,"Field2d",[4182.458535788972; -6360.067866614059; 0.2177764481347115],4182.458535788972,-6360.067866614059,0.2177764481347115,3
158.373186,"Field2d",[4182.459722122651; -6360.068835075614; 0.21777725316783075],4182.459722122651,-6360.068835075614,0.21777725316783075,3
158.377376,"Field2d",[4182.4368946580125; -6360.064044322368; 0.2177768997386564],4182.4368946580125,-6360.064044322368,0.2177768997386564,3
158.382456,"Field2d",[4182.441795845332; -6360.074800903456; 0.217777122268137],4182.441795845332,-6360.074800903456,0.217777122268137,3
158.385314,"Field2d",[4182.427947140411; -6360.0732037330545; 0.21777699464093708],4182.427947140411,-6360.0732037330545,0.21777699464093708,3
158.389837,"Field2d",[4182.294302063876; -6359.944748952378; 0.21782745865459643],4182.294302063876,-6359.944748952378,0.21782745865459643,3
158.393778,"Field2d",[4182.116574689645; -6359.909394554561; 0.21782549175034324],4182.116574689645,-6359.909394554561,0.21782549175034324,3
158.397408,"Field2d",[4182.123376457425; -6359.91183388538; 0.21782557015380385],4182.123376457425,-6359.91183388538,0.21782557015380385,3
158.401636,"Field2d",[4182.107276866188; -6359.911598844967; 0.21782539630264863],4182.107276866188,-6359.911598844967,0.21782539630264863,3
158.405207,"Field2d",[4182.118593062588; -6359.924222256012; 0.21782535539649414],4182.118593062588,-6359.924222256012,0.21782535539649414,3
158.408758,"Field2d",[4182.130801703594; -6359.933773715674; 0.21787391863751684],4182.130801703594,-6359.933773715674,0.21787391863751684,3
158.413384,"Field2d",[4182.132813766244; -6359.935529433114; 0.21787329945469147],4182.132813766244,-6359.935529433114,0.21787329945469147,3
158.417408,"Field2d",[4182.120596123066; -6359.929765576301; 0.21787373987762115],4182.120596123066,-6359.929765576301,0.21787373987762115,3
158.420925,"Field2d",[4182.114343593687; -6359.927786850305; 0.21787363365797294],4182.114343593687,-6359.927786850305,0.21787363365797294,3
158.42561,"Field2d",[4182.123075430718; -6359.932689307748; 0.21787379687353006],4182.123075430718,-6359.932689307748,0.21787379687353006,3
158.429551,"Field2d",[4182.098491016149; -6359.932510040156; 0.21792134414203113],4182.098491016149,-6359.932510040156,0.21792134414203113,3
158.432769,"Field2d",[4182.1204704179345; -6359.945341548645; 0.2179217941779059],4182.1204704179345,-6359.945341548645,0.2179217941779059,3
158.437376,"Field2d",[4182.119438932062; -6359.944772426691; 0.21792177461112966],4182.119438932062,-6359.944772426691,0.21792177461112966,3
158.44176,"Field2d",[4182.120822119714; -6359.945596457245; 0.21792180256366733],4182.120822119714,-6359.945596457245,0.21792180256366733,3
158.445259,"Field2d",[4182.111196741816; -6359.942310634422; 0.21792162366741974],4182.111196741816,-6359.942310634422,0.21792162366741974,3
158.450101,"Field2d",[4182.104737824918; -6359.9410859985455; 0.21787296634224138],4182.104737824918,-6359.9410859985455,0.21787296634224138,3
158.453964,"Field2d",[4182.107405638026; -6359.941749513288; 0.21787293389002535],4182.107405638026,-6359.941749513288,0.21787293389002535,3
158.45687,"Field2d",[4182.123699883331; -6359.954637858643; 0.2178726819081135],4182.123699883331,-6359.954637858643,0.2178726819081135,3
158.461,"Field2d",[4182.125275891157; -6359.955997525772; 0.21787314387495033],4182.125275891157,-6359.955997525772,0.21787314387495033,3
158.465655,"Field2d",[4182.091947376795; -6359.955029795517; 0.21787306178993382],4182.091947376795,-6359.955029795517,0.21787306178993382,3
158.47015,"Field2d",[4182.107504021563; -6359.961111264047; 0.21777634396037213],4182.107504021563,-6359.961111264047,0.21777634396037213,3
158.473012,"Field2d",[4182.1190779156295; -6359.970404704116; 0.21777721110267184],4182.1190779156295,-6359.970404704116,0.21777721110267184,3
158.476947,"Field2d",[4182.094400812847; -6359.966314962874; 0.2177766940488774],4182.094400812847,-6359.966314962874,0.2177766940488774,3
158.480903,"Field2d",[4182.107911737934; -6359.973271630056; 0.2177761716091086],4182.107911737934,-6359.973271630056,0.2177761716091086,3
158.485626,"Field2d",[4182.117093362935; -6359.981442531872; 0.21777713031300888],4182.117093362935,-6359.981442531872,0.21777713031300888,3
158.488864,"Field2d",[4182.107313103936; -6359.976155604676; 0.2177774109974105],4182.107313103936,-6359.976155604676,0.2177774109974105,3
158.493395,"Field2d",[4182.100674896561; -6359.973726255755; 0.21777739531671814],4182.100674896561,-6359.973726255755,0.21777739531671814,3
158.498522,"Field2d",[4182.101408027117; -6359.974008007655; 0.2177773970211409],4182.101408027117,-6359.974008007655,0.2177773970211409,3
158.501726,"Field2d",[4182.090856634743; -6359.978113382567; 0.2177773557741023],4182.090856634743,-6359.978113382567,0.2177773557741023,3
158.505051,"Field2d",[4182.110225386097; -6359.994615356165; 0.21777734554756353],4182.110225386097,-6359.994615356165,0.21777734554756353,3
158.508811,"Field2d",[4182.101026619392; -6359.989795829739; 0.21787442751007607],4182.101026619392,-6359.989795829739,0.21787442751007607,3
158.513392,"Field2d",[4182.094977756849; -6359.98758282376; 0.21787420388976583],4182.094977756849,-6359.98758282376,0.21787420388976583,3
158.517966,"Field2d",[4182.090804048761; -6359.986462481323; 0.21787404735554644],4182.090804048761,-6359.986462481323,0.21787404735554644,3
158.520842,"Field2d",[4182.101858886486; -6359.992845703233; 0.21787450018667506],4182.101858886486,-6359.992845703233,0.21787450018667506,3
158.525806,"Field2d",[4182.107838271204; -6359.997693615267; 0.21787477412155742],4182.107838271204,-6359.997693615267,0.21787477412155742,3
158.528811,"Field2d",[4182.105042540143; -6359.995747760364; 0.21767872783166783],4182.105042540143,-6359.995747760364,0.21767872783166783,3
158.534054,"Field2d",[4182.096371106383; -6360.000288240331; 0.21768050397689034],4182.096371106383,-6360.000288240331,0.21768050397689034,3
158.53778,"Field2d",[4182.103287551403; -6360.005709650877; 0.21767854702646236],4182.103287551403,-6360.005709650877,0.21767854702646236,3
158.540865,"Field2d",[4182.077580470175; -6360.008201925814; 0.21768095067209248],4182.077580470175,-6360.008201925814,0.21768095067209248,3
158.544867,"Field2d",[4182.085627717659; -6360.010854404397; 0.21767969567127812],4182.085627717659,-6360.010854404397,0.21767969567127812,3
158.549086,"Field2d",[4182.099755811; -6360.022712638569; 0.21777840365342294],4182.099755811,-6360.022712638569,0.21777840365342294,3
158.55309,"Field2d",[4182.086987168546; -6360.017121299155; 0.21777807367711174],4182.086987168546,-6360.017121299155,0.21777807367711174,3
158.558408,"Field2d",[4182.078388722197; -6360.015091698654; 0.21777786369218716],4182.078388722197,-6360.015091698654,0.21777786369218716,3
158.561481,"Field2d",[4182.0803545697645; -6360.015643426285; 0.21777791243868694],4182.0803545697645,-6360.015643426285,0.21777791243868694,3
158.566268,"Field2d",[4182.0701687557475; -6360.014985391607; 0.21777766495645445],4182.0701687557475,-6360.014985391607,0.21777766495645445,3
158.569634,"Field2d",[4182.0737421601025; -6360.0155423525575; 0.21782571475706347],4182.0737421601025,-6360.0155423525575,0.21782571475706347,3
158.572852,"Field2d",[4182.092656376934; -6360.029515984113; 0.2178262874432206],4182.092656376934,-6360.029515984113,0.2178262874432206,3
158.577867,"Field2d",[4182.07960878811; -6360.024729848019; 0.21782594764943466],4182.07960878811,-6360.024729848019,0.21782594764943466,3
158.582067,"Field2d",[4182.08604451283; -6360.028262336508; 0.21782612709109653],4182.08604451283,-6360.028262336508,0.21782612709109653,3
158.585852,"Field2d",[4182.080997604474; -6360.026186823863; 0.21782599728223467],4182.080997604474,-6360.026186823863,0.21782599728223467,3
158.589704,"Field2d",[4182.084168398588; -6360.027751565361; 0.21787356841265756],4182.084168398588,-6360.027751565361,0.21787356841265756,3
158.594589,"Field2d",[4182.086955803532; -6360.029364102155; 0.21787360250111984],4182.086955803532,-6360.029364102155,0.21787360250111984,3
158.598194,"Field2d",[4182.0865799178455; -6360.029151219963; 0.21787359909227244],4182.0865799178455,-6360.029151219963,0.21787359909227244,3
158.60188,"Field2d",[4182.069772166692; -6360.026325594897; 0.21787341331015517],4182.069772166692,-6360.026325594897,0.21787341331015517,3
158.605374,"Field2d",[4182.089295056488; -6360.042154235229; 0.2178732496855374],4182.089295056488,-6360.042154235229,0.2178732496855374,3
158.60919,"Field2d",[4182.087486425866; -6360.040824124257; 0.21787347978265603],4182.087486425866,-6360.040824124257,0.21787347978265603,3
158.614178,"Field2d",[4182.066139527813; -6360.042420417917; 0.21787328036515308],4182.066139527813,-6360.042420417917,0.21787328036515308,3
158.617106,"Field2d",[4182.080988276259; -6360.052064847578; 0.21787346137488559],4182.080988276259,-6360.052064847578,0.21787346137488559,3
158.621055,"Field2d",[4182.057407750038; -6360.049933232303; 0.21787330695415377],4182.057407750038,-6360.049933232303,0.21787330695415377,3
158.625195,"Field2d",[4182.062639644352; -6360.050991242691; 0.21787334172438494],4182.062639644352,-6360.050991242691,0.21787334172438494,3
158.630325,"Field2d",[4182.060931801129; -6360.050707598567; 0.2178249691742182],4182.060931801129,-6360.050707598567,0.2178249691742182,3
158.633387,"Field2d",[4182.062892133375; -6360.051117233995; 0.21782493890366278],4182.062892133375,-6360.051117233995,0.21782493890366278,3
158.638007,"Field2d",[4182.065472132478; -6360.051805510982; 0.21782489602037877],4182.065472132478,-6360.051805510982,0.21782489602037877,3
158.640755,"Field2d",[4182.054718380408; -6360.051371551147; 0.21782506755352063],4182.054718380408,-6360.051371551147,0.21782506755352063,3
158.645605,"Field2d",[4182.0650091900325; -6360.063691054117; 0.21782514827499774],4182.0650091900325,-6360.063691054117,0.21782514827499774,3
158.648806,"Field2d",[4182.065101570346; -6360.063777422473; 0.2177768043591406],4182.065101570346,-6360.063777422473,0.2177768043591406,3
158.653119,"Field2d",[4182.057605949339; -6360.0622168494365; 0.21777694800791922],4182.057605949339,-6360.0622168494365,0.21777694800791922,3
158.657314,"Field2d",[4182.074702762592; -6360.075019893556; 0.21777654930927007],4182.074702762592,-6360.075019893556,0.21777654930927007,3
158.661545,"Field2d",[4182.053624086821; -6360.070702236732; 0.21777695093952834],4182.053624086821,-6360.070702236732,0.21777695093952834,3
158.665067,"Field2d",[4182.059201621374; -6360.081988966812; 0.21777712976759897],4182.059201621374,-6360.081988966812,0.21777712976759897,3
158.669292,"Field2d",[4182.060455228291; -6360.0825941559015; 0.21777734888823258],4182.060455228291,-6360.0825941559015,0.21777734888823258,3
158.674292,"Field2d",[4182.092982305286; -6359.868924870467; 0.21777744269968016],4182.092982305286,-6359.868924870467,0.21777744269968016,3
158.677854,"Field2d",[4181.879376719754; -6359.837821125436; 0.2177773391389326],4181.879376719754,-6359.837821125436,0.2177773391389326,3
158.68108,"Field2d",[4181.889275815526; -6359.842041541927; 0.21777734813828667],4181.889275815526,-6359.842041541927,0.21777734813828667,3
158.686058,"Field2d",[4181.900466179196; -6359.851495405054; 0.21777735447874066],4181.900466179196,-6359.851495405054,0.21777735447874066,3
158.689125,"Field2d",[4181.897177158674; -6359.849165754351; 0.21777740588414102],4181.897177158674,-6359.849165754351,0.21777740588414102,3
158.693393,"Field2d",[4181.894916845888; -6359.847743803096; 0.21777740124811032],4181.894916845888,-6359.847743803096,0.21777740124811032,3
158.697216,"Field2d",[4181.893109507226; -6359.846711595737; 0.21777739743020258],4181.893109507226,-6359.846711595737,0.21777739743020258,3
158.70093,"Field2d",[4181.873526393968; -6359.844446088771; 0.21777736334174075],4181.873526393968,-6359.844446088771,0.21777736334174075,3
158.70576,"Field2d",[4181.767273243834; -6359.794995003993; 0.2177776308679895],4181.767273243834,-6359.794995003993,0.2177776308679895,3
158.709902,"Field2d",[4181.645834732853; -6359.77771872414; 0.21777732734432415],4181.645834732853,-6359.77771872414,0.21777732734432415,3
158.713478,"Field2d",[4181.640853079624; -6359.777525478461; 0.21777732952598658],4181.640853079624,-6359.777525478461,0.21777732952598658,3
158.717934,"Field2d",[4181.660394323365; -6359.788028443568; 0.21777731984486265],4181.660394323365,-6359.788028443568,0.21777731984486265,3
158.720986,"Field2d",[4181.656610746332; -6359.786389789085; 0.2177773216856404],4181.656610746332,-6359.786389789085,0.2177773216856404,3
158.726649,"Field2d",[4181.65718402372; -6359.786646899621; 0.21777732134475533],4181.65718402372,-6359.786646899621,0.21777732134475533,3
158.729911,"Field2d",[4181.650951749738; -6359.7847888279575; 0.21777733498014012],4181.650951749738,-6359.7847888279575,0.21777733498014012,3
158.733534,"Field2d",[4181.651551492277; -6359.784976040797; 0.21777733498014012],4181.651551492277,-6359.784976040797,0.21777733498014012,3
158.737579,"Field2d",[4181.645758542939; -6359.783910387465; 0.21777733498014012],4181.645758542939,-6359.783910387465,0.21777733498014012,3
158.742428,"Field2d",[4181.64389302089; -6359.783641156226; 0.21777733498014012],4181.64389302089,-6359.783641156226,0.21777733498014012,3
158.745073,"Field2d",[4181.658108033755; -6359.790859364789; 0.21777733498014012],4181.658108033755,-6359.790859364789,0.21777733498014012,3
158.74894,"Field2d",[4181.662135000375; -6359.793415142445; 0.21777733498014012],4181.662135000375,-6359.793415142445,0.21777733498014012,3
158.753449,"Field2d",[4181.642802954828; -6359.79021121284; 0.21777733498014012],4181.642802954828,-6359.79021121284,0.21777733498014012,3
158.757371,"Field2d",[4181.653821999254; -6359.795004957881; 0.21777733498014012],4181.653821999254,-6359.795004957881,0.21777733498014012,3
158.76143,"Field2d",[4181.643336771713; -6359.792971459474; 0.21777733498014012],4181.643336771713,-6359.792971459474,0.21777733498014012,3
158.766094,"Field2d",[4181.655630798766; -6359.799288959769; 0.21777733498014012],4181.655630798766,-6359.799288959769,0.21777733498014012,3
158.768807,"Field2d",[4181.64157017326; -6359.796678654288; 0.2177773264580251],4181.64157017326,-6359.796678654288,0.2177773264580251,3
158.77391,"Field2d",[4181.636797813541; -6359.796270047748; 0.21777732850333215],4181.636797813541,-6359.796270047748,0.21777732850333215,3
158.777382,"Field2d",[4181.658374465931; -6359.81213193068; 0.21777731691325528],4181.658374465931,-6359.81213193068,0.21777731691325528,3
158.781232,"Field2d",[4181.643674886499; -6359.8073089640475; 0.21777732359459384],4181.643674886499,-6359.8073089640475,0.21777732359459384,3
158.785303,"Field2d",[4181.65402993083; -6359.813928294574; 0.21777731827679347],4181.65402993083,-6359.813928294574,0.21777731827679347,3
158.79005,"Field2d",[4181.6330805529315; -6359.8111111511125; 0.21777733498014015],4181.6330805529315,-6359.8111111511125,0.21777733498014015,3
158.793464,"Field2d",[4181.647570814765; -6359.818395984251; 0.21777733498014015],4181.647570814765,-6359.818395984251,0.21777733498014015,3
158.798003,"Field2d",[4181.6354790658515; -6359.815787192005; 0.21777733498014015],4181.6354790658515,-6359.815787192005,0.21777733498014015,3
158.800715,"Field2d",[4181.631264427246; -6359.821105517664; 0.21777733498014015],4181.631264427246,-6359.821105517664,0.21777733498014015,3
158.806229,"Field2d",[4181.642470950983; -6359.826199056803; 0.21777733498014015],4181.642470950983,-6359.826199056803,0.21777733498014015,3
158.810161,"Field2d",[4181.648741734627; -6359.83051269657; 0.21777717790050727],4181.648741734627,-6359.83051269657,0.21777717790050727,3
158.813139,"Field2d",[4181.638203085864; -6359.826413837642; 0.217777222692747],4181.638203085864,-6359.826413837642,0.217777222692747,3
158.818205,"Field2d",[4181.697664570564; -6359.665159965754; 0.2177763237800045],4181.697664570564,-6359.665159965754,0.2177763237800045,3
158.822101,"Field2d",[4181.536793348493; -6359.607303090044; 0.21777722760148482],4181.536793348493,-6359.607303090044,0.21777722760148482,3
158.82513,"Field2d",[4181.527318184696; -6359.605888930567; 0.2177772650306158],4181.527318184696,-6359.605888930567,0.2177772650306158,3
158.829153,"Field2d",[4181.5337319863065; -6359.617078989869; 0.21777735788758681],4181.5337319863065,-6359.617078989869,0.21777735788758681,3
158.8339,"Field2d",[4181.534997087601; -6359.61761369443; 0.21777741351995655],4181.534997087601,-6359.61761369443,0.21777741351995655,3
158.838219,"Field2d",[4181.5301130900725; -6359.616127970215; 0.2177774004299879],4181.5301130900725,-6359.616127970215,0.2177774004299879,3
158.840762,"Field2d",[4181.530860701324; -6359.616368619704; 0.21777740247529492],4181.530860701324,-6359.616368619704,0.21777740247529492,3
158.845842,"Field2d",[4181.522578361383; -6359.615200534595; 0.21777738079503287],4181.522578361383,-6359.615200534595,0.21777738079503287,3
158.848897,"Field2d",[4181.518783974205; -6359.614973954076; 0.21777735870571005],4181.518783974205,-6359.614973954076,0.21777735870571005,3
158.855026,"Field2d",[4181.542064840253; -6359.633270724585; 0.21777741024746447],4181.542064840253,-6359.633270724585,0.21777741024746447,3
158.857921,"Field2d",[4181.527526245038; -6359.627976682284; 0.21777738324940246],4181.527526245038,-6359.627976682284,0.21777738324940246,3
158.861468,"Field2d",[4181.516214382257; -6359.626658818556; 0.21777736334173983],4181.516214382257,-6359.626658818556,0.21777736334173983,3
158.865787,"Field2d",[4181.512486086566; -6359.626511168389; 0.21777735706946336],4181.512486086566,-6359.626511168389,0.21777735706946336,3
158.868835,"Field2d",[4181.512425836254; -6359.626508635256; 0.21777730225521644],4181.512425836254,-6359.626508635256,0.21777730225521644,3
158.873138,"Field2d",[4181.532253538583; -6359.63739273348; 0.21777724294129286],4181.532253538583,-6359.63739273348,0.21777724294129286,3
158.877334,"Field2d",[4181.516882639825; -6359.634565044293; 0.2177772838474473],4181.516882639825,-6359.634565044293,0.2177772838474473,3
158.881208,"Field2d",[4181.519854343871; -6359.635307045337; 0.21777727566621657],4181.519854343871,-6359.635307045337,0.21777727566621657,3
158.885405,"Field2d",[4181.53324039817; -6359.643894367587; 0.21777723476006208],4181.53324039817,-6359.643894367587,0.21777723476006208,3
158.88937,"Field2d",[4181.532275248925; -6359.650500556409; 0.21777731282263987],4181.532275248925,-6359.650500556409,0.21777731282263987,3
158.892724,"Field2d",[4181.516459350193; -6359.646102847581; 0.21777728316567807],4181.516459350193,-6359.646102847581,0.21777728316567807,3
158.897351,"Field2d",[4181.5178098309525; -6359.646520834406; 0.2177772800977162],4181.5178098309525,-6359.646520834406,0.2177772800977162,3
158.901556,"Field2d",[4181.531680469466; -6359.657278401244; 0.21777724157775424],4181.531680469466,-6359.657278401244,0.21777724157775424,3
158.905726,"Field2d",[4181.506394268933; -6359.65379509703; 0.2177769480760971],4181.506394268933,-6359.65379509703,0.2177769480760971,3
158.909942,"Field2d",[4181.52001673051; -6359.660371685834; 0.2177772782569393],4181.52001673051,-6359.660371685834,0.2177772782569393,3
158.912987,"Field2d",[4181.515633771257; -6359.658751703914; 0.2177772864381701],4181.515633771257,-6359.658751703914,0.2177772864381701,3
158.917893,"Field2d",[4181.520110679499; -6359.660948606688; 0.21777727743881642],4181.520110679499,-6359.660948606688,0.21777727743881642,3
158.920879,"Field2d",[4181.511621704614; -6359.664298775721; 0.21777730580041665],4181.511621704614,-6359.664298775721,0.21777730580041665,3
158.92564,"Field2d",[4181.5231054216965; -6359.672545199547; 0.21777726353072396],4181.5231054216965,-6359.672545199547,0.21777726353072396,3
158.929042,"Field2d",[4181.497973618197; -6359.669943984218; 0.21777732134475533],4181.497973618197,-6359.669943984218,0.21777732134475533,3
158.933286,"Field2d",[4181.515886469981; -6359.680385603992; 0.21777730320969388],4181.515886469981,-6359.680385603992,0.21777730320969388,3
158.937534,"Field2d",[4181.5005112176295; -6359.677171998702; 0.21777731684507823],4181.5005112176295,-6359.677171998702,0.21777731684507823,3
158.940888,"Field2d",[4181.504681364652; -6359.678440615336; 0.21777731316352453],4181.504681364652,-6359.678440615336,0.21777731316352453,3
158.945201,"Field2d",[4181.501117804262; -6359.677641753682; 0.21777731629966343],4181.501117804262,-6359.677641753682,0.21777731629966343,3
158.949224,"Field2d",[4181.504229916766; -6359.68719105334; 0.21777738918079517],4181.504229916766,-6359.68719105334,0.21777738918079517,3
158.953533,"Field2d",[4181.513680877871; -6359.6936202247825; 0.21777759371156707],4181.513680877871,-6359.6936202247825,0.21777759371156707,3
158.957406,"Field2d",[4181.485252229848; -6359.693272309173; 0.2177774086112187],4181.485252229848,-6359.693272309173,0.2177774086112187,3
158.960958,"Field2d",[4181.503703739369; -6359.711208851044; 0.21777737690894858],4181.503703739369,-6359.711208851044,0.21777737690894858,3
158.966175,"Field2d",[4181.4853793939465; -6359.708421845827; 0.21777745258533457],4181.4853793939465,-6359.708421845827,0.21777745258533457,3
158.969236,"Field2d",[4181.485365055984; -6359.708419841709; 0.21782540059779418],4181.485365055984,-6359.708419841709,0.21782540059779418,3
158.972729,"Field2d",[4181.504658194841; -6359.723456014944; 0.21782557076739614],4181.504658194841,-6359.723456014944,0.21782557076739614,3
158.978342,"Field2d",[4181.502897896055; -6359.722205229776; 0.21782555658659608],4181.502897896055,-6359.722205229776,0.21782555658659608,3
158.982211,"Field2d",[4181.498374564267; -6359.726330610043; 0.21782532533047025],4181.498374564267,-6359.726330610043,0.21782532533047025,3
158.985988,"Field2d",[4181.482885889176; -6359.722736408122; 0.2178254245960713],4181.482885889176,-6359.722736408122,0.2178254245960713,3
158.988892,"Field2d",[4181.493230932239; -6359.73615586652; 0.2178253587371637],4181.493230932239,-6359.73615586652,0.2178253587371637,3
158.993882,"Field2d",[4181.496521653361; -6359.738636399784; 0.21782540836996464],4181.496521653361,-6359.738636399784,0.21782540836996464,3
158.998585,"Field2d",[4181.494926659178; -6359.742422113016; 0.21782565830656717],4181.494926659178,-6359.742422113016,0.21782565830656717,3
159.001131,"Field2d",[4181.491722873201; -6359.740221397125; 0.21782572743796771],4181.491722873201,-6359.740221397125,0.21782572743796771,3
159.00617,"Field2d",[4181.496881108566; -6359.745054814375; 0.21782580897756953],4181.496881108566,-6359.745054814375,0.21782580897756953,3
159.009469,"Field2d",[4181.47298284291; -6359.738843718942; 0.2178253219898007],4181.47298284291,-6359.738843718942,0.2178253219898007,3
159.013655,"Field2d",[4181.481350462617; -6359.742824720866; 0.21782534210199306],4181.481350462617,-6359.742824720866,0.21782534210199306,3
159.017749,"Field2d",[4181.48369516658; -6359.744101863882; 0.21782534789703217],4181.48369516658,-6359.744101863882,0.21782534789703217,3
159.020781,"Field2d",[4181.4795473251; -6359.742317442588; 0.21782533835226228],4181.4795473251,-6359.742317442588,0.21782533835226228,3
159.025584,"Field2d",[4181.49090942908; -6359.752168844417; 0.21782537073630134],4181.49090942908,-6359.752168844417,0.21782537073630134,3
159.029761,"Field2d",[4181.468983900056; -6359.746433316561; 0.2178732895008608],4181.468983900056,-6359.746433316561,0.2178732895008608,3
159.033349,"Field2d",[4181.478297066064; -6359.751161186248; 0.21787332549827693],4181.478297066064,-6359.751161186248,0.21787332549827693,3
159.037031,"Field2d",[4181.464040701319; -6359.754307868421; 0.21787324586763],4181.464040701319,-6359.754307868421,0.21787324586763,3
159.041828,"Field2d",[4181.321578501967; -6359.656847213389; 0.21787388073114553],4181.321578501967,-6359.656847213389,0.21787388073114553,3
159.04671,"Field2d",[4181.191559282079; -6359.573012508689; 0.21787334295156957],4181.191559282079,-6359.573012508689,0.21787334295156957,3
159.049338,"Field2d",[4181.168393711641; -6359.570786800739; 0.21787320209804426],4181.168393711641,-6359.570786800739,0.21787320209804426,3
159.053907,"Field2d",[4181.191098711731; -6359.590216377159; 0.21787320659772177],4181.191098711731,-6359.590216377159,0.21787320659772177,3
159.057419,"Field2d",[4181.185410444927; -6359.586574505971; 0.21787319207603664],4181.185410444927,-6359.586574505971,0.21787319207603664,3
159.060878,"Field2d",[4181.163042125572; -6359.584134612373; 0.21787320182533707],4181.163042125572,-6359.584134612373,0.21787320182533707,3
159.065178,"Field2d",[4181.184082220859; -6359.6001266010735; 0.21787319030343721],4181.184082220859,-6359.6001266010735,0.21787319030343721,3
159.069441,"Field2d",[4181.177552386033; -6359.596556633864; 0.21787320877938285],4181.177552386033,-6359.596556633864,0.21787320877938285,3
159.073722,"Field2d",[4181.164990809688; -6359.593539496991; 0.21787320877938285],4181.164990809688,-6359.593539496991,0.21787320877938285,3
159.077563,"Field2d",[4181.165295716563; -6359.593615070307; 0.21787320877938285],4181.165295716563,-6359.593615070307,0.21787320877938285,3
159.081017,"Field2d",[4181.179618656015; -6359.603347516844; 0.21787320877938285],4181.179618656015,-6359.603347516844,0.21787320877938285,3
159.085811,"Field2d",[4181.172154681338; -6359.599935739987; 0.21787320877938285],4181.172154681338,-6359.599935739987,0.21787320877938285,3
159.089654,"Field2d",[4181.1686105273175; -6359.598642122394; 0.21787320877938285],4181.1686105273175,-6359.598642122394,0.21787320877938285,3
159.093502,"Field2d",[4181.167569385533; -6359.5982885195535; 0.21787320877938285],4181.167569385533,-6359.5982885195535,0.21787320877938285,3
159.098385,"Field2d",[4181.176667709553; -6359.603808839204; 0.21787320877938285],4181.176667709553,-6359.603808839204,0.21787320877938285,3
159.101484,"Field2d",[4181.17918162568; -6359.605558799013; 0.21787320877938285],4181.17918162568,-6359.605558799013,0.21787320877938285,3
159.105981,"Field2d",[4181.1752497122825; -6359.612556129163; 0.21787320877938285],4181.1752497122825,-6359.612556129163,0.21787320877938285,3
159.10914,"Field2d",[4181.170370605663; -6359.609835244151; 0.21787320877938285],4181.170370605663,-6359.609835244151,0.21787320877938285,3
159.112946,"Field2d",[4181.168941401722; -6359.609093787883; 0.21787320877938285],4181.168941401722,-6359.609093787883,0.21787320877938285,3
159.117729,"Field2d",[4181.181810768794; -6359.625501379528; 0.21787320877938285],4181.181810768794,-6359.625501379528,0.21787320877938285,3
159.121904,"Field2d",[4181.154586354267; -6359.6165229162925; 0.21787320877938285],4181.154586354267,-6359.6165229162925,0.21787320877938285,3
159.125716,"Field2d",[4181.1579112331065; -6359.627467647705; 0.21787320877938285],4181.1579112331065,-6359.627467647705,0.21787320877938285,3
159.129742,"Field2d",[4181.1374897513115; -6359.625803570828; 0.21787320877938285],4181.1374897513115,-6359.625803570828,0.21787320877938285,3
159.133301,"Field2d",[4181.133288117852; -6359.6258236134045; 0.21787320877938285],4181.133288117852,-6359.6258236134045,0.21787320877938285,3
159.13728,"Field2d",[4181.152935244373; -6359.635073201241; 0.21787320877938285],4181.152935244373,-6359.635073201241,0.21787320877938285,3
159.142082,"Field2d",[4181.143356936021; -6359.632748183912; 0.21787320877938285],4181.143356936021,-6359.632748183912,0.21787320877938285,3
159.145959,"Field2d",[4181.098067793367; -6359.43001389694; 0.21787320877938285],4181.098067793367,-6359.43001389694,0.21787320877938285,3
159.150256,"Field2d",[4180.958144370253; -6359.326104014392; 0.21787320877938285],4180.958144370253,-6359.326104014392,0.21787320877938285,3
159.153184,"Field2d",[4180.9502721472345; -6359.322005645237; 0.21787320877938285],4180.9502721472345,-6359.322005645237,0.21787320877938285,3
159.157481,"Field2d",[4180.947511091861; -6359.320773015332; 0.21787320877938285],4180.947511091861,-6359.320773015332,0.21787320877938285,3
159.162537,"Field2d",[4180.93531254964; -6359.318722325588; 0.21787320877938285],4180.93531254964,-6359.318722325588,0.21787320877938285,3
159.166017,"Field2d",[4180.947258324529; -6359.33236735849; 0.21787320877938285],4180.947258324529,-6359.33236735849,0.21787320877938285,3
159.169367,"Field2d",[4180.955174939866; -6359.339467642419; 0.21787320877938285],4180.955174939866,-6359.339467642419,0.21787320877938285,3
159.17364,"Field2d",[4180.944343538258; -6359.333825753401; 0.21787320877938285],4180.944343538258,-6359.333825753401,0.21787320877938285,3
159.177403,"Field2d",[4180.936808242213; -6359.331347523148; 0.21787320877938285],4180.936808242213,-6359.331347523148,0.21787320877938285,3
159.182306,"Field2d",[4180.936808239015; -6359.33134752209; 0.21787320877938285],4180.936808239015,-6359.33134752209,0.21787320877938285,3
159.18555,"Field2d",[4180.9270577203515; -6359.330204503531; 0.21787320877938285],4180.9270577203515,-6359.330204503531,0.21787320877938285,3
159.190254,"Field2d",[4180.940097014861; -6359.335838395604; 0.21787320877938285],4180.940097014861,-6359.335838395604,0.21787320877938285,3
159.193308,"Field2d",[4180.938967835161; -6359.335383619605; 0.21787320877938285],4180.938967835161,-6359.335383619605,0.21787320877938285,3
159.197752,"Field2d",[4180.942323646852; -6359.344075972028; 0.21787320877938285],4180.942323646852,-6359.344075972028,0.21787320877938285,3
159.201638,"Field2d",[4180.9253632553255; -6359.345264846834; 0.21787320877938285],4180.9253632553255,-6359.345264846834,0.21787320877938285,3
159.205392,"Field2d",[4180.938548405229; -6359.352084327465; 0.21787320877938285],4180.938548405229,-6359.352084327465,0.21787320877938285,3
159.210305,"Field2d",[4180.94471802114; -6359.3565577354175; 0.21787320877938285],4180.94471802114,-6359.3565577354175,0.21787320877938285,3
159.212962,"Field2d",[4180.925244288383; -6359.352226881684; 0.21787320877938285],4180.925244288383,-6359.352226881684,0.21787320877938285,3
159.217529,"Field2d",[4180.929840311923; -6359.362929631011; 0.21787320877938285],4180.929840311923,-6359.362929631011,0.21787320877938285,3
159.222346,"Field2d",[4180.935624310749; -6359.413849496473; 0.21787320877938285],4180.935624310749,-6359.413849496473,0.21787320877938285,3
159.22491,"Field2d",[4180.898361780484; -6359.397474106009; 0.21787320877938285],4180.898361780484,-6359.397474106009,0.21787320877938285,3
159.229176,"Field2d",[4180.889301597171; -6359.394186431321; 0.21787326945684543],4180.889301597171,-6359.394186431321,0.21787326945684543,3
159.233245,"Field2d",[4180.888708968582; -6359.393977685703; 0.21787326775242222],4180.888708968582,-6359.393977685703,0.21787326775242222,3
159.238574,"Field2d",[4180.8837040285025; -6359.392788422559; 0.2178732568441146],4180.8837040285025,-6359.392788422559,0.2178732568441146,3
159.242025,"Field2d",[4180.8986514676335; -6359.403139720748; 0.21787329638673045],4180.8986514676335,-6359.403139720748,0.21787329638673045,3
159.245767,"Field2d",[4180.882953416967; -6359.398762765991; 0.21787326093473044],4180.882953416967,-6359.398762765991,0.21787326093473044,3
159.250191,"Field2d",[4180.8897474458145; -6359.401816126286; 0.2178731815086132],4180.8897474458145,-6359.401816126286,0.2178731815086132,3
159.253239,"Field2d",[4180.888184151111; -6359.401177781196; 0.21787318300850633],4180.888184151111,-6359.401177781196,0.21787318300850633,3
159.257146,"Field2d",[4180.899616204297; -6359.410646304332; 0.21787317019124397],4180.899616204297,-6359.410646304332,0.21787317019124397,3
159.261102,"Field2d",[4180.8738225327925; -6359.4065656345765; 0.21787319282598291],4180.8738225327925,-6359.4065656345765,0.21787319282598291,3
159.265413,"Field2d",[4180.881004904964; -6359.418421847497; 0.21787319950732112],4180.881004904964,-6359.418421847497,0.21787319950732112,3
159.268797,"Field2d",[4180.872294121199; -6359.4164115949625; 0.2123703537037789],4180.872294121199,-6359.4164115949625,0.2123703537037789,3
159.273603,"Field2d",[4180.876055436441; -6359.426670268384; 0.21239115721041138],4180.876055436441,-6359.426670268384,0.21239115721041138,3
159.276913,"Field2d",[4180.890679015614; -6359.443615864203; 0.21231697628573284],4180.890679015614,-6359.443615864203,0.21231697628573284,3
159.281467,"Field2d",[4180.878294386894; -6359.4358695367455; 0.21234243320813984],4180.878294386894,-6359.4358695367455,0.21234243320813984,3
159.285295,"Field2d",[4180.878789934845; -6359.43618793875; 0.21234161201731117],4180.878789934845,-6359.43618793875,0.21234161201731117,3
159.289952,"Field2d",[4180.881932346567; -6359.438571980999; 0.21420594565801857],4180.881932346567,-6359.438571980999,0.21420594565801857,3
159.292833,"Field2d",[4180.858858385325; -6359.434643888348; 0.2141926307047932],4180.858858385325,-6359.434643888348,0.2141926307047932,3
159.296888,"Field2d",[4180.8729275790365; -6359.451852911042; 0.21418774855531472],4180.8729275790365,-6359.451852911042,0.21418774855531472,3
159.301395,"Field2d",[4180.861157645753; -6359.447564868096; 0.21419777915334562],4180.861157645753,-6359.447564868096,0.21419777915334562,3
159.305961,"Field2d",[4180.86145187088; -6359.447674952195; 0.2141979566861154],4180.86145187088,-6359.447674952195,0.2141979566861154,3
159.309105,"Field2d",[4180.868433956559; -6359.4513009334905; 0.22271049474813848],4180.868433956559,-6359.4513009334905,0.22271049474813848,3
159.314512,"Field2d",[4180.854653415468; -6359.448686911569; 0.22267295360217856],4180.854653415468,-6359.448686911569,0.22267295360217856,3
159.317459,"Field2d",[4180.860663665577; -6359.4506583505545; 0.22268982602764822],4180.860663665577,-6359.4506583505545,0.22268982602764822,3
159.320967,"Field2d",[4180.849069787259; -6359.449741467901; 0.22265861204133527],4180.849069787259,-6359.449741467901,0.22265861204133527,3
159.32615,"Field2d",[4180.853653571477; -6359.45680584312; 0.22265312850323074],4180.853653571477,-6359.45680584312,0.22265312850323074,3
159.3302,"Field2d",[4180.83655655382; -6359.454400964687; 0.24489542286743388],4180.83655655382,-6359.454400964687,0.24489542286743388,3
159.334022,"Field2d",[4180.844071174837; -6359.466049612018; 0.2448411403322027],4180.844071174837,-6359.466049612018,0.2448411403322027,3
159.337422,"Field2d",[4180.841625420313; -6359.465228607472; 0.24496410689037101],4180.841625420313,-6359.465228607472,0.24496410689037101,3
159.341287,"Field2d",[4180.841105493701; -6359.465057058962; 0.2449607834707515],4180.841105493701,-6359.465057058962,0.2449607834707515,3
159.345528,"Field2d",[4180.8551609416; -6359.476779500958; 0.2450903968701737],4180.8551609416,-6359.476779500958,0.2450903968701737,3
159.349028,"Field2d",[4180.847205446208; -6359.471419284717; 0.25530532110791737],4180.847205446208,-6359.471419284717,0.25530532110791737,3
159.353069,"Field2d",[4180.829764776829; -6359.467489077061; 0.25524584846850895],4180.829764776829,-6359.467489077061,0.25524584846850895,3
159.35702,"Field2d",[4180.839203729334; -6359.479560301532; 0.25519107103718836],4180.839203729334,-6359.479560301532,0.25519107103718836,3
159.362022,"Field2d",[4180.83037232319; -6359.476723323747; 0.2552604557832435],4180.83037232319,-6359.476723323747,0.2552604557832435,3
159.365277,"Field2d",[4180.821468154064; -6359.475574020141; 0.25523071946377635],4180.821468154064,-6359.475574020141,0.25523071946377635,3
159.36994,"Field2d",[4180.829939599332; -6359.478246635943; 0.2645980302089869],4180.829939599332,-6359.478246635943,0.2645980302089869,3
159.372967,"Field2d",[4180.822639627845; -6359.477146332807; 0.2645760742394938],4180.822639627845,-6359.477146332807,0.2645760742394938,3
159.378545,"Field2d",[4180.821906666032; -6359.482996283885; 0.26455178252907235],4180.821906666032,-6359.482996283885,0.26455178252907235,3
159.382033,"Field2d",[4180.8362227591315; -6359.491273852167; 0.26463026344035134],4180.8362227591315,-6359.491273852167,0.26463026344035134,3
159.38499,"Field2d",[4180.816894902288; -6359.488867767792; 0.2645723370532426],4180.816894902288,-6359.488867767792,0.2645723370532426,3
159.388793,"Field2d",[4180.81756215896; -6359.4939314388575; 0.2694243710542554],4180.81756215896,-6359.4939314388575,0.2694243710542554,3
159.394044,"Field2d",[4180.825203327968; -6359.496748780762; 0.2694526202990686],4180.825203327968,-6359.496748780762,0.2694526202990686,3
159.397984,"Field2d",[4180.812657968861; -6359.501255416843; 0.26941925696688],4180.812657968861,-6359.501255416843,0.26941925696688,3
159.401622,"Field2d",[4180.809990633432; -6359.501107884345; 0.2694309463095144],4180.809990633432,-6359.501107884345,0.2694309463095144,3
159.406062,"Field2d",[4180.823299407224; -6359.506036283047; 0.26945286382712313],4180.823299407224,-6359.506036283047,0.26945286382712313,3
159.409131,"Field2d",[4180.82345651023; -6359.506102233265; 0.2739082359625773],4180.82345651023,-6359.506102233265,0.2739082359625773,3
159.413001,"Field2d",[4180.826649141575; -6359.5076157757985; 0.2739131316113699],4180.826649141575,-6359.5076157757985,0.2739131316113699,3
159.418075,"Field2d",[4180.815230663741; -6359.505255773528; 0.27389666442956506],4180.815230663741,-6359.505255773528,0.27389666442956506,3
159.42116,"Field2d",[4180.822324426404; -6359.507918158565; 0.2739073458447628],4180.822324426404,-6359.507918158565,0.2739073458447628,3
159.425833,"Field2d",[4180.8270884956455; -6359.510328620993; 0.27391491184700034],4180.8270884956455,-6359.510328620993,0.27391491184700034,3
159.430663,"Field2d",[4180.825044821943; -6359.509326478021; 0.2764329824211027],4180.825044821943,-6359.509326478021,0.2764329824211027,3
159.432817,"Field2d",[4180.804850827777; -6359.508476673991; 0.27641680321886214],4180.804850827777,-6359.508476673991,0.27641680321886214,3
159.437129,"Field2d",[4180.829024089159; -6359.527954117677; 0.27640934561786845],4180.829024089159,-6359.527954117677,0.27640934561786845,3
159.440947,"Field2d",[4180.825848378799; -6359.525784360011; 0.2764386704218349],4180.825848378799,-6359.525784360011,0.2764386704218349,3
159.444871,"Field2d",[4180.814006412605; -6359.529629915804; 0.2764141488185284],4180.814006412605,-6359.529629915804,0.2764141488185284,3
159.448905,"Field2d",[4180.823594007809; -6359.536471139028; 0.2809731164035386],4180.823594007809,-6359.536471139028,0.2809731164035386,3
159.453383,"Field2d",[4180.803273742959; -6359.532539267724; 0.2809433645393342],4180.803273742959,-6359.532539267724,0.2809433645393342,3
159.457484,"Field2d",[4180.808084947319; -6359.533996446314; 0.2809508025054363],4180.808084947319,-6359.533996446314,0.2809508025054363,3
159.461582,"Field2d",[4180.809240966628; -6359.53437834384; 0.2809523802559342],4180.809240966628,-6359.53437834384,0.2809523802559342,3
159.465041,"Field2d",[4180.82156879094; -6359.543401894888; 0.28097446876104987],4180.82156879094,-6359.543401894888,0.28097446876104987,3
159.470098,"Field2d",[4180.816667703563; -6359.540807454169; 0.28115307737091905],4180.816667703563,-6359.540807454169,0.28115307737091905,3
159.474506,"Field2d",[4180.804928918303; -6359.54595817019; 0.28115047178523767],4180.804928918303,-6359.54595817019,0.28115047178523767,3
159.4777,"Field2d",[4180.804372211685; -6359.54583154331; 0.28115211184933275],4180.804372211685,-6359.54583154331,0.28115211184933275,3
159.481257,"Field2d",[4180.7971426787935; -6359.545082287513; 0.28115150343846224],4180.7971426787935,-6359.545082287513,0.28115150343846224,3
159.485269,"Field2d",[4180.817993430139; -6359.560363989992; 0.28115368578178995],4180.817993430139,-6359.560363989992,0.28115368578178995,3
159.489015,"Field2d",[4180.806579947943; -6359.55519040219; 0.28110133442634205],4180.806579947943,-6359.55519040219,0.28110133442634205,3
159.493726,"Field2d",[4180.816532761735; -6359.563412198132; 0.28110184159447926],4180.816532761735,-6359.563412198132,0.28110184159447926,3
159.49854,"Field2d",[4180.811111489349; -6359.560018440805; 0.28110121129881827],4180.811111489349,-6359.560018440805,0.28110121129881827,3
159.501219,"Field2d",[4180.793301866291; -6359.556634290844; 0.2811015513653151],4180.793301866291,-6359.556634290844,0.2811015513653151,3
159.505075,"Field2d",[4180.791945928182; -6359.556415990312; 0.2811015748181769],4180.791945928182,-6359.556415990312,0.2811015748181769,3
159.510584,"Field2d",[4180.80623921755; -6359.564100262089; 0.2811019463824132],4180.80623921755,-6359.564100262089,0.2811019463824132,3
159.514411,"Field2d",[4180.798029304677; -6359.561411859688; 0.2811019540182287],4180.798029304677,-6359.561411859688,0.2811019540182287,3
159.517378,"Field2d",[4180.795025828719; -6359.560635734257; 0.2811019566089519],4180.795025828719,-6359.560635734257,0.2811019566089519,3
159.521326,"Field2d",[4180.804602448554; -6359.565539933139; 0.28110194733689053],4180.804602448554,-6359.565539933139,0.28110194733689053,3
159.524967,"Field2d",[4180.778925687234; -6359.566914977975; 0.2811019695625675],4180.778925687234,-6359.566914977975,0.2811019695625675,3
159.529235,"Field2d",[4180.800873940615; -6359.5774989171; 0.28076261271972647],4180.800873940615,-6359.5774989171,0.28076261271972647,3
159.533329,"Field2d",[4180.796832974349; -6359.575973281946; 0.28076308041341647],4180.796832974349,-6359.575973281946,0.28076308041341647,3
159.538661,"Field2d",[4180.793790573387; -6359.575045901578; 0.2807634144803346],4180.793790573387,-6359.575045901578,0.2807634144803346,3
159.541294,"Field2d",[4180.806144124501; -6359.5835539325035; 0.2807618276624411],4180.806144124501,-6359.5835539325035,0.2807618276624411,3
159.545681,"Field2d",[4180.80665692297; -6359.583916916143; 0.2807617441456961],4180.80665692297,-6359.583916916143,0.2807617441456961,3
159.550236,"Field2d",[4180.830717906303; -6359.487761046533; 0.28081671322232915],4180.830717906303,-6359.487761046533,0.28081671322232915,3
159.553609,"Field2d",[4180.732228758506; -6359.466175341856; 0.28081440972860144],4180.732228758506,-6359.466175341856,0.28081440972860144,3
159.557969,"Field2d",[4180.739128707062; -6359.471107203796; 0.28081479704170614],4180.739128707062,-6359.471107203796,0.28081479704170614,3
159.56089,"Field2d",[4180.722228593558; -6359.466632447627; 0.28081462141795105],4180.722228593558,-6359.466632447627,0.28081462141795105,3
159.565474,"Field2d",[4180.715242636253; -6359.465826384944; 0.2808145524229035],4180.715242636253,-6359.465826384944,0.2808145524229035,3
159.568812,"Field2d",[4180.7186998656025; -6359.466346720609; 0.2810557691292079],4180.7186998656025,-6359.466346720609,0.2810557691292079,3
159.573553,"Field2d",[4180.734039056919; -6359.474901045871; 0.2810572122983295],4180.734039056919,-6359.474901045871,0.2810572122983295,3
159.5776,"Field2d",[4180.731529026006; -6359.473683601768; 0.2810569803604384],4180.731529026006,-6359.473683601768,0.2810569803604384,3
159.581683,"Field2d",[4180.728655826444; -6359.472509011777; 0.28105673553709143],4180.728655826444,-6359.472509011777,0.28105673553709143,3
159.58557,"Field2d",[4180.733058107824; -6359.474858469169; 0.2810571349856954],4180.733058107824,-6359.474858469169,0.2810571349856954,3
159.590456,"Field2d",[4180.735240224838; -6359.476261446659; 0.2811511675989269],4180.735240224838,-6359.476261446659,0.2811511675989269,3
159.593059,"Field2d",[4180.730593424352; -6359.480394265323; 0.28115015619426115],4180.730593424352,-6359.480394265323,0.28115015619426115,3
159.597092,"Field2d",[4180.735010586369; -6359.483485832679; 0.2811512193452172],4180.735010586369,-6359.483485832679,0.2811512193452172,3
159.601717,"Field2d",[4180.733627453723; -6359.482588840887; 0.28115117230313685],4180.733627453723,-6359.482588840887,0.28115117230313685,3
159.604971,"Field2d",[4180.720595641389; -6359.484249018305; 0.28115053723509337],4180.720595641389,-6359.484249018305,0.28115053723509337,3
159.609938,"Field2d",[4180.73119531955; -6359.491649679535; 0.2810528527249237],4180.73119531955,-6359.491649679535,0.2810528527249237,3
159.612977,"Field2d",[4180.730112677955; -6359.490937454567; 0.28105288708608955],4180.730112677955,-6359.490937454567,0.28105288708608955,3
159.617523,"Field2d",[4180.719809049513; -6359.487097738114; 0.2810531877463281],4180.719809049513,-6359.487097738114,0.2810531877463281,3
159.620826,"Field2d",[4180.714474162975; -6359.485768883743; 0.2810533380764409],4180.714474162975,-6359.485768883743,0.2810533380764409,3
159.625315,"Field2d",[4180.73036603646; -6359.49795785475; 0.2810538921503055],4180.73036603646,-6359.49795785475,0.2810538921503055,3
159.630108,"Field2d",[4180.722770493536; -6359.494160655389; 0.28076316277114205],4180.722770493536,-6359.494160655389,0.28076316277114205,3
159.632727,"Field2d",[4180.713778824741; -6359.4997581442085; 0.2807656205492516],4180.713778824741,-6359.4997581442085,0.2807656205492516,3
159.638393,"Field2d",[4180.707187493374; -6359.50057340247; 0.2807652975269786],4180.707187493374,-6359.50057340247,0.2807652975269786,3
159.641238,"Field2d",[4180.702928439673; -6359.5001881108965; 0.2807647638380163],4180.702928439673,-6359.5001881108965,0.2807647638380163,3
159.645031,"Field2d",[4180.695598018876; -6359.50060186289; 0.28076543797145115],4180.695598018876,-6359.50060186289,0.28076543797145115,3
159.649698,"Field2d",[4180.699482845768; -6359.500669311712; 0.2807664531258485],4180.699482845768,-6359.500669311712,0.2807664531258485,3
159.65487,"Field2d",[4180.70592299378; -6359.501650189867; 0.28076716523381934],4180.70592299378,-6359.501650189867,0.28076716523381934,3
159.657837,"Field2d",[4180.69999556171; -6359.501474195563; 0.28076645414850304],4180.69999556171,-6359.501474195563,0.28076645414850304,3
159.660981,"Field2d",[4180.705246681586; -6359.5022048332; 0.28076646573858],4180.705246681586,-6359.5022048332,0.28076646573858,3
159.664771,"Field2d",[4180.701207882171; -6359.5019808838415; 0.2807664568755794],4180.701207882171,-6359.5019808838415,0.2807664568755794,3
159.669945,"Field2d",[4180.707424635531; -6359.503041900588; 0.28086278166517464],4180.707424635531,-6359.503041900588,0.28086278166517464,3
159.673046,"Field2d",[4180.712743932518; -6359.504583649861; 0.28086290683800813],4180.712743932518,-6359.504583649861,0.28086290683800813,3
159.678088,"Field2d",[4180.700095328546; -6359.50429100238; 0.28086262519913496],4180.700095328546,-6359.50429100238,0.28086262519913496,3
159.681139,"Field2d",[4180.698450158894; -6359.504308500036; 0.28086259042890427],4180.698450158894,-6359.504308500036,0.28086259042890427,3
159.685227,"Field2d",[4180.723281626235; -6359.521643100656; 0.2808632614943657],4180.723281626235,-6359.521643100656,0.2808632614943657,3
159.690093,"Field2d",[4180.717741817775; -6359.51867443554; 0.2809594995629152],4180.717741817775,-6359.51867443554,0.2809594995629152,3
159.692843,"Field2d",[4180.718359879587; -6359.519017165676; 0.2809595216522362],4180.718359879587,-6359.519017165676,0.2809595216522362,3
159.697861,"Field2d",[4180.7060113269645; -6359.521556896571; 0.2809588037492308],4180.7060113269645,-6359.521556896571,0.2809588037492308,3
159.701445,"Field2d",[4180.704795415785; -6359.521251879323; 0.2809591074774236],4180.704795415785,-6359.521251879323,0.2809591074774236,3
159.705717,"Field2d",[4180.690431619118; -6359.52167190956; 0.28095860494531827],4180.690431619118,-6359.52167190956,0.28095860494531827,3
159.709214,"Field2d",[4180.713355619287; -6359.533248887687; 0.28124925305757786],4180.713355619287,-6359.533248887687,0.28124925305757786,3
159.714724,"Field2d",[4180.70692201014; -6359.531058054555; 0.2812486436922285],4180.70692201014,-6359.531058054555,0.2812486436922285,3
159.716875,"Field2d",[4180.713151841856; -6359.534234572777; 0.28124926792015215],4180.713151841856,-6359.534234572777,0.28124926792015215,3
159.720899,"Field2d",[4180.7000151395805; -6359.531608924798; 0.2812480046017577],4180.7000151395805,-6359.531608924798,0.2812480046017577,3
159.725434,"Field2d",[4180.6901152097125; -6359.53166229163; 0.2812470682598782],4180.6901152097125,-6359.53166229163,0.2812470682598782,3
159.728954,"Field2d",[4180.712956057332; -6359.545400761362; 0.2812452994777628],4180.712956057332,-6359.545400761362,0.2812452994777628,3
159.733634,"Field2d",[4180.694117148271; -6359.5482356129; 0.28124564118050754],4180.694117148271,-6359.5482356129,0.28124564118050754,3
159.737105,"Field2d",[4180.709688236688; -6359.557766566954; 0.28124529756881067],4180.709688236688,-6359.557766566954,0.28124529756881067,3
159.740909,"Field2d",[4180.702066138188; -6359.554723632819; 0.2812453968344131],4180.702066138188,-6359.554723632819,0.2812453968344131,3
159.746398,"Field2d",[4180.704447372242; -6359.5626289338325; 0.28124570417598355],4180.704447372242,-6359.5626289338325,0.28124570417598355,3
159.749164,"Field2d",[4180.706954616014; -6359.564124829297; 0.2811972990372489],4180.706954616014,-6359.564124829297,0.2811972990372489,3
159.754006,"Field2d",[4180.701297240916; -6359.561673773005; 0.28119738412205114],4180.701297240916,-6359.561673773005,0.28119738412205114,3
159.757107,"Field2d",[4180.710287417345; -6359.568340289141; 0.28119778772944],4180.710287417345,-6359.568340289141,0.28119778772944,3
159.761579,"Field2d",[4180.687468540954; -6359.564555793733; 0.2811975499283283],4180.687468540954,-6359.564555793733,0.2811975499283283,3
159.766716,"Field2d",[4180.688157898089; -6359.564670149386; 0.2813909180241264],4180.688157898089,-6359.564670149386,0.2813909180241264,3
159.769613,"Field2d",[4180.70153109194; -6359.571473111355; 0.2813918183004097],4180.70153109194,-6359.571473111355,0.2813918183004097,3
159.773045,"Field2d",[4180.679658991678; -6359.570978468684; 0.28139050105405644],4180.679658991678,-6359.570978468684,0.28139050105405644,3
159.777278,"Field2d",[4180.697317435466; -6359.578828355379; 0.2813916666749225],4180.697317435466,-6359.578828355379,0.2813916666749225,3
159.781923,"Field2d",[4180.7024676359915; -6359.581925058604; 0.2813920267854359],4180.7024676359915,-6359.581925058604,0.2813920267854359,3
159.78567,"Field2d",[4180.684788152963; -6359.578820883734; 0.28139094645390456],4180.684788152963,-6359.578820883734,0.28139094645390456,3
159.788753,"Field2d",[4180.688398201909; -6359.579734719273; 0.28124487889431904],4180.688398201909,-6359.579734719273,0.28124487889431904,3
159.79398,"Field2d",[4180.702418818773; -6359.5892158148; 0.2812442824825871],4180.702418818773,-6359.5892158148,0.2812442824825871,3
159.797022,"Field2d",[4180.702091762955; -6359.58899839233; 0.2812442990495802],4180.702091762955,-6359.58899839233,0.2812442990495802,3
159.800895,"Field2d",[4180.705032172997; -6359.59129443196; 0.2812455802303368],4180.705032172997,-6359.59129443196,0.2812455802303368,3
159.805316,"Field2d",[4180.672281886066; -6359.59154992948; 0.2812453151584568],4180.672281886066,-6359.59154992948,0.2812453151584568,3
159.809715,"Field2d",[4180.682276221597; -6359.5934135114; 0.28129404331945723],4180.682276221597,-6359.5934135114,0.28129404331945723,3
159.813723,"Field2d",[4180.700460866568; -6359.607330905532; 0.2812938033366871],4180.700460866568,-6359.607330905532,0.2812938033366871,3
159.817624,"Field2d",[4180.67266743669; -6359.605040396283; 0.2812939756879498],4180.67266743669,-6359.605040396283,0.2812939756879498,3
159.822189,"Field2d",[4180.695697878127; -6359.624339961329; 0.2812938338799475],4180.695697878127,-6359.624339961329,0.2812938338799475,3
159.825629,"Field2d",[4180.675768361233; -6359.618746115403; 0.28129410440598146],4180.675768361233,-6359.618746115403,0.28129410440598146,3
159.829123,"Field2d",[4180.676734718328; -6359.627266831838; 0.2811975517009277],4180.676734718328,-6359.627266831838,0.2811975517009277,3
159.833163,"Field2d",[4180.663979366494; -6359.628418918478; 0.281197638490152],4180.663979366494,-6359.628418918478,0.281197638490152,3
159.837596,"Field2d",[4180.6722954793995; -6359.630559041154; 0.28119736898677195],4180.6722954793995,-6359.630559041154,0.28119736898677195,3
159.841357,"Field2d",[4180.687919450987; -6359.642973946448; 0.281197670465132],4180.687919450987,-6359.642973946448,0.281197670465132,3
159.845686,"Field2d",[4180.685971015649; -6359.641579576474; 0.2811965696123382],4180.685971015649,-6359.641579576474,0.2811965696123382,3
159.849051,"Field2d",[4180.6887979060175; -6359.643983070679; 0.28124585614234926],4180.6887979060175,-6359.643983070679,0.28124585614234926,3
159.853857,"Field2d",[4180.669762577124; -6359.6381571452; 0.2812460232439889],4180.669762577124,-6359.6381571452,0.2812460232439889,3
159.856694,"Field2d",[4180.666523662624; -6359.64562309777; 0.2812458470748176],4180.666523662624,-6359.64562309777,0.2812458470748176,3
159.861162,"Field2d",[4180.658516807493; -6359.644777790275; 0.2812459468176573],4180.658516807493,-6359.644777790275,0.2812459468176573,3
159.866135,"Field2d",[4180.673342254781; -6359.65181873115; 0.2812460828306201],4180.673342254781,-6359.65181873115,0.2812460828306201,3
159.868984,"Field2d",[4180.67990025643; -6359.65653371564; 0.2812946113695874],4180.67990025643,-6359.65653371564,0.2812946113695874,3
159.873607,"Field2d",[4180.680467929954; -6359.656954655866; 0.2812938210626857],4180.680467929954,-6359.656954655866,0.2812938210626857,3
159.8772,"Field2d",[4180.646258528199; -6359.65915219491; 0.2812939402359494],4180.646258528199,-6359.65915219491,0.2812939402359494,3
159.881918,"Field2d",[4180.6601832131855; -6359.662391976979; 0.28129422562455236],4180.6601832131855,-6359.662391976979,0.28129422562455236,3
159.885561,"Field2d",[4180.664898973652; -6359.664011164136; 0.2812943259809844],4180.664898973652,-6359.664011164136,0.2812943259809844,3
159.889955,"Field2d",[4180.6723799723795; -6359.668314614101; 0.28114805845848295],4180.6723799723795,-6359.668314614101,0.28114805845848295,3
159.893086,"Field2d",[4180.65286162459; -6359.671768963752; 0.28114942581487856],4180.65286162459,-6359.671768963752,0.28114942581487856,3
159.897454,"Field2d",[4180.652540153466; -6359.671706758535; 0.28114944067744624],4180.652540153466,-6359.671706758535,0.28114944067744624,3
159.900757,"Field2d",[4180.642775303448; -6359.672411993344; 0.2811494258148715],4180.642775303448,-6359.672411993344,0.2811494258148715,3
159.905892,"Field2d",[4180.623728075296; -6359.6472454651675; 0.2811400475335751],4180.623728075296,-6359.6472454651675,0.2811400475335751,3
159.909477,"Field2d",[4180.581452782904; -6359.660987862249; 0.2811979775339965],4180.581452782904,-6359.660987862249,0.2811979775339965,3
159.914141,"Field2d",[4180.57358350282; -6359.662503832196; 0.2811980189855659],4180.57358350282,-6359.662503832196,0.2811980189855659,3
159.917108,"Field2d",[4180.584721641197; -6359.670346756663; 0.2811985734003107],4180.584721641197,-6359.670346756663,0.2811985734003107,3
159.92144,"Field2d",[4180.580945267235; -6359.668169391069; 0.28119850345078895],4180.580945267235,-6359.668169391069,0.28119850345078895,3
159.925036,"Field2d",[4180.584752159646; -6359.670879970499; 0.2811979153566444],4180.584752159646,-6359.670879970499,0.2811979153566444,3
159.92922,"Field2d",[4180.552598944415; -6359.672061510149; 0.281245984314964],4180.552598944415,-6359.672061510149,0.281245984314964,3
159.933039,"Field2d",[4180.565595110825; -6359.684994813354; 0.28124594899931976],4180.565595110825,-6359.684994813354,0.28124594899931976,3
159.936992,"Field2d",[4180.5674781222015; -6359.685767314691; 0.2812463046783301],4180.5674781222015,-6359.685767314691,0.2812463046783301,3
159.94229,"Field2d",[4180.551633078689; -6359.684998325445; 0.2812460499011667],4180.551633078689,-6359.684998325445,0.2812460499011667,3
159.945576,"Field2d",[4180.561206625893; -6359.696872810491; 0.2812459540444114],4180.561206625893,-6359.696872810491,0.2812459540444114,3
159.948757,"Field2d",[4180.557795261604; -6359.6960450616125; 0.2819706833358176],4180.557795261604,-6359.6960450616125,0.2819706833358176,3
159.954473,"Field2d",[4180.566892170277; -6359.7005105879625; 0.2819729348105794],4180.566892170277,-6359.7005105879625,0.2819729348105794,3
159.957189,"Field2d",[4180.5577103238775; -6359.69805130181; 0.281970824053004],4180.5577103238775,-6359.69805130181,0.281970824053004,3
159.961838,"Field2d",[4180.562968172335; -6359.700136482502; 0.28197209050755545],4180.562968172335,-6359.700136482502,0.28197209050755545,3
159.965166,"Field2d",[4180.5605488710835; -6359.699320633979; 0.2819714924595687],4180.5605488710835,-6359.699320633979,0.2819714924595687,3
159.969892,"Field2d",[4180.56699608368; -6359.709578468189; 0.28196490963667004],4180.56699608368,-6359.709578468189,0.28196490963667004,3
159.973611,"Field2d",[4180.562723618396; -6359.707781528989; 0.28196511948524144],4180.562723618396,-6359.707781528989,0.28196511948524144,3
159.977391,"Field2d",[4180.5517729942085; -6359.705856200121; 0.28196502751457164],4180.5517729942085,-6359.705856200121,0.28196502751457164,3
159.981271,"Field2d",[4180.558460606642; -6359.71756575036; 0.2819649601557709],4180.558460606642,-6359.71756575036,0.2819649601557709,3
159.986066,"Field2d",[4180.538654763433; -6359.717352211145; 0.2819649614511317],4180.538654763433,-6359.717352211145,0.2819649614511317,3
159.989253,"Field2d",[4180.557876393371; -6359.725789088687; 0.2821583517044278],4180.557876393371,-6359.725789088687,0.2821583517044278,3
159.994707,"Field2d",[4180.567045478928; -6359.732747413412; 0.282156867015548],4180.567045478928,-6359.732747413412,0.282156867015548,3
159.997028,"Field2d",[4180.535934181399; -6359.73236792645; 0.28215733757268074],4180.535934181399,-6359.73236792645,0.28215733757268074,3
160.001563,"Field2d",[4180.557181407904; -6359.744275906995; 0.2821585950960475],4180.557181407904,-6359.744275906995,0.2821585950960475,3
160.005778,"Field2d",[4180.530032908675; -6359.745517703322; 0.2821571915377116],4180.530032908675,-6359.745517703322,0.2821571915377116,3
160.009149,"Field2d",[4180.540438037877; -6359.747193876435; 0.2821082120765652],4180.540438037877,-6359.747193876435,0.2821082120765652,3
160.014075,"Field2d",[4180.538840610001; -6359.746990797171; 0.28210824411971824],4180.538840610001,-6359.746990797171,0.28210824411971824,3
160.017539,"Field2d",[4180.533106653409; -6359.746939140826; 0.2821083626793918],4180.533106653409,-6359.746939140826,0.2821083626793918,3
160.021684,"Field2d",[4180.540697936217; -6359.748216167369; 0.28210820566793204],4180.540697936217,-6359.748216167369,0.28210820566793204,3
160.025812,"Field2d",[4180.542046569352; -6359.7484823031555; 0.2821081768290949],4180.542046569352,-6359.7484823031555,0.2821081768290949,3
160.02906,"Field2d",[4180.531960046808; -6359.748480394704; 0.28220495404075724],4180.531960046808,-6359.748480394704,0.28220495404075724,3
160.033978,"Field2d",[4180.541281803674; -6359.750318827786; 0.28220524931501745],4180.541281803674,-6359.750318827786,0.28220524931501745,3
160.03753,"Field2d",[4180.536987361542; -6359.749860898172; 0.28220511377929514],4180.536987361542,-6359.749860898172,0.28220511377929514,3
160.041649,"Field2d",[4180.53745533952; -6359.749915379716; 0.2822051283009763],4180.53745533952,-6359.749915379716,0.2822051283009763,3
160.045732,"Field2d",[4180.537728162793; -6359.749948763007; 0.2822051379821029],4180.537728162793,-6359.749948763007,0.2822051379821029,3
160.050078,"Field2d",[4180.535143835977; -6359.749738028412; 0.2821081920325504],4180.535143835977,-6359.749738028412,0.2821081920325504,3
160.053871,"Field2d",[4180.549901324789; -6359.7644227994115; 0.28210845383193744],4180.549901324789,-6359.7644227994115,0.28210845383193744,3
160.056766,"Field2d",[4180.535315711647; -6359.761695138026; 0.28210805704224035],4180.535315711647,-6359.761695138026,0.28210805704224035,3
160.061522,"Field2d",[4180.550986240738; -6359.771659506347; 0.28210757434961936],4180.550986240738,-6359.771659506347,0.28210757434961936,3
160.065048,"Field2d",[4180.54769530253; -6359.769904284926; 0.2821076684337727],4180.54769530253,-6359.769904284926,0.2821076684337727,3
160.070039,"Field2d",[4180.529625857264; -6359.773098451242; 0.2822049003173422],4180.529625857264,-6359.773098451242,0.2822049003173422,3
160.073774,"Field2d",[4180.541888213881; -6359.778670891612; 0.2822056979873509],4180.541888213881,-6359.778670891612,0.2822056979873509,3
160.078497,"Field2d",[4180.524130089757; -6359.777596992221; 0.2822050970759485],4180.524130089757,-6359.777596992221,0.2822050970759485,3
160.081713,"Field2d",[4180.545350113801; -6359.7914981062295; 0.2822059585595555],4180.545350113801,-6359.7914981062295,0.2822059585595555,3
160.086441,"Field2d",[4180.526938825034; -6359.793473950376; 0.28220502794454383],4180.526938825034,-6359.793473950376,0.28220502794454383,3
160.089439,"Field2d",[4180.5423896939365; -6359.804936204888; 0.28215610200228713],4180.5423896939365,-6359.804936204888,0.28215610200228713,3
160.093719,"Field2d",[4180.5343061566755; -6359.801002268854; 0.2821562008588265],4180.5343061566755,-6359.801002268854,0.2821562008588265,3
160.097676,"Field2d",[4180.512361363513; -6359.800928758698; 0.28215643947805846],4180.512361363513,-6359.800928758698,0.28215643947805846,3
160.102111,"Field2d",[4180.520708386124; -6359.802422397527; 0.2821563457347894],4180.520708386124,-6359.802422397527,0.2821563457347894,3
160.106121,"Field2d",[4180.514434547523; -6359.802118575502; 0.28215641561613664],4180.514434547523,-6359.802118575502,0.28215641561613664,3
160.108885,"Field2d",[4180.538679218724; -6359.820396352272; 0.28210762970928016],4180.538679218724,-6359.820396352272,0.28210762970928016,3
160.114038,"Field2d",[4180.502415221297; -6359.824047621055; 0.2821084521956907],4180.502415221297,-6359.824047621055,0.2821084521956907,3
160.116791,"Field2d",[4180.530876528295; -6359.843999655042; 0.2821076687064812],4180.530876528295,-6359.843999655042,0.2821076687064812,3
160.122204,"Field2d",[4180.530520502187; -6359.843754741582; 0.28210767579688417],4180.530520502187,-6359.843754741582,0.28210767579688417,3
160.125384,"Field2d",[4180.514679259705; -6359.83943219911; 0.2821080480428853],4180.514679259705,-6359.83943219911,0.2821080480428853,3
160.129539,"Field2d",[4180.523080004492; -6359.843470554111; 0.28220570944107903],4180.523080004492,-6359.843470554111,0.28220570944107903,3
160.134529,"Field2d",[4180.517079688883; -6359.849695536745; 0.2822049270426943],4180.517079688883,-6359.849695536745,0.2822049270426943,3
160.137071,"Field2d",[4180.500552053979; -6359.849125165673; 0.2822050410345121],4180.500552053979,-6359.849125165673,0.2822050410345121,3
160.142246,"Field2d",[4180.503289687975; -6359.849377170437; 0.2822051343005478],4180.503289687975,-6359.849377170437,0.2822051343005478,3
160.145335,"Field2d",[4180.505854626085; -6359.849751386291; 0.282205217203682],4180.505854626085,-6359.849751386291,0.282205217203682,3
160.149009,"Field2d",[4180.521007701027; -6359.857814458096; 0.2823985500519988],4180.521007701027,-6359.857814458096,0.2823985500519988,3
160.153398,"Field2d",[4180.523680897561; -6359.859465256778; 0.28239874906044715],4180.523680897561,-6359.859465256778,0.28239874906044715,3
160.157217,"Field2d",[4180.524178334165; -6359.859780869486; 0.2823987774902253],4180.524178334165,-6359.859780869486,0.2823987774902253,3
160.160898,"Field2d",[4180.4993174343845; -6359.858402513528; 0.2823972707120284],4180.4993174343845,-6359.858402513528,0.2823972707120284,3
160.165653,"Field2d",[4180.513890996385; -6359.864160734123; 0.28239821837127244],4180.513890996385,-6359.864160734123,0.28239821837127244,3
160.170153,"Field2d",[4180.501136128249; -6359.862752603687; 0.282203471465365],4180.501136128249,-6359.862752603687,0.282203471465365,3
160.173208,"Field2d",[4180.501370165942; -6359.862779659877; 0.2822034628750769],4180.501370165942,-6359.862779659877,0.2822034628750769,3
160.178091,"Field2d",[4180.501720972578; -6359.862822822521; 0.28220343710419915],4180.501720972578,-6359.862822822521,0.28220343710419915,3
160.180797,"Field2d",[4180.517077766567; -6359.870743770672; 0.2822025007623293],4180.517077766567,-6359.870743770672,0.2822025007623293,3
160.18537,"Field2d",[4180.516231927028; -6359.870327959537; 0.2822025523040779],4180.516231927028,-6359.870327959537,0.2822025523040779,3
160.189962,"Field2d",[4180.515059015945; -6359.8697939824415; 0.2821555816760029],4180.515059015945,-6359.8697939824415,0.2821555816760029,3
160.193009,"Field2d",[4180.512535170662; -6359.868807871355; 0.2821556593295199],4180.512535170662,-6359.868807871355,0.2821556593295199,3
160.197,"Field2d",[4180.499369237878; -6359.867467348415; 0.28215604302924474],4180.499369237878,-6359.867467348415,0.28215604302924474,3
160.201596,"Field2d",[4180.495443103377; -6359.8673847097725; 0.28215615722559406],4180.495443103377,-6359.8673847097725,0.28215615722559406,3
160.206237,"Field2d",[4180.496972534773; -6359.867464942148; 0.28215611611491165],4180.496972534773,-6359.867464942148,0.28215611611491165,3
160.209334,"Field2d",[4180.503195983366; -6359.868698392319; 0.28215692639765166],4180.503195983366,-6359.868698392319,0.28215692639765166,3
160.214474,"Field2d",[4180.494164004946; -6359.86860288118; 0.28215679815685807],4180.494164004946,-6359.86860288118,0.28215679815685807,3
160.217967,"Field2d",[4180.506023280585; -6359.881698817604; 0.2821567554099287],4180.506023280585,-6359.881698817604,0.2821567554099287,3
160.221886,"Field2d",[4180.501042257164; -6359.88042489403; 0.28215696914458344],4180.501042257164,-6359.88042489403,0.28215696914458344,3
160.225902,"Field2d",[4180.485483790585; -6359.881400119777; 0.2821567464105731],4180.485483790585,-6359.881400119777,0.2821567464105731,3
160.228927,"Field2d",[4180.505106566923; -6359.89753079732; 0.28215657685456247],4180.505106566923,-6359.89753079732,0.28215657685456247,3
160.233212,"Field2d",[4180.504857734735; -6359.897413145014; 0.28215649872380727],4180.504857734735,-6359.897413145014,0.28215649872380727,3
160.236983,"Field2d",[4180.492787244203; -6359.895092636689; 0.28215653103966887],4180.492787244203,-6359.895092636689,0.28215653103966887,3
160.242372,"Field2d",[4180.49278724245; -6359.8950926363505; 0.2821565310396694],4180.49278724245,-6359.8950926363505,0.2821565310396694,3
160.245547,"Field2d",[4180.508446790902; -6359.905155424757; 0.2821564823613452],4180.508446790902,-6359.905155424757,0.2821564823613452,3
160.249656,"Field2d",[4180.507962732895; -6359.90485404278; 0.2822046882189323],4180.507962732895,-6359.90485404278,0.2822046882189323,3
160.253801,"Field2d",[4180.512935865195; -6359.908946208968; 0.2822045569101769],4180.512935865195,-6359.908946208968,0.2822045569101769,3
160.256927,"Field2d",[4180.488687948147; -6359.904447226803; 0.2822046170422233],4180.488687948147,-6359.904447226803,0.2822046170422233,3
160.261132,"Field2d",[4180.497587469286; -6359.90799862236; 0.2822046544713543],4180.497587469286,-6359.90799862236,0.2822046544713543,3
160.265604,"Field2d",[4180.479839610038; -6359.907711592688; 0.2822045851354226],4180.479839610038,-6359.907711592688,0.2822045851354226,3
160.269839,"Field2d",[4180.49566478464; -6359.913806872245; 0.28215652197213864],4180.49566478464,-6359.913806872245,0.28215652197213864,3
160.27342,"Field2d",[4180.499576175145; -6359.915729880954; 0.2821565127682534],4180.499576175145,-6359.915729880954,0.2821565127682534,3
160.277584,"Field2d",[4180.490165917761; -6359.921293730905; 0.28215657378660064],4180.490165917761,-6359.921293730905,0.28215657378660064,3
160.282236,"Field2d",[4180.475325122829; -6359.921498953152; 0.28215656253740795],4180.475325122829,-6359.921498953152,0.28215656253740795,3
160.285731,"Field2d",[4180.497355579692; -6359.933591087975; 0.28215650799586905],4180.497355579692,-6359.933591087975,0.28215650799586905,3
160.290436,"Field2d",[4180.496272062096; -6359.939848346801; 0.28215659526233156],4180.496272062096,-6359.939848346801,0.28215659526233156,3
160.294068,"Field2d",[4180.478544079349; -6359.937059067272; 0.28215660051195496],4180.478544079349,-6359.937059067272,0.28215660051195496,3
160.297055,"Field2d",[4180.467767413987; -6359.937751972908; 0.2821565958077472],4180.467767413987,-6359.937751972908,0.2821565958077472,3
160.301309,"Field2d",[4180.48571325115; -6359.943767728597; 0.2821566040571546],4180.48571325115,-6359.943767728597,0.2821566040571546,3
160.305506,"Field2d",[4180.4821995084385; -6359.951092693782; 0.2821565947169163],4180.4821995084385,-6359.951092693782,0.2821565947169163,3
160.309151,"Field2d",[4180.4858861210405; -6359.952447363531; 0.28215651038206074],4180.4858861210405,-6359.952447363531,0.28215651038206074,3
160.313378,"Field2d",[4180.4918389625955; -6359.95588452767; 0.2821563355082511],4180.4918389625955,-6359.95588452767,0.2821563355082511,3
160.316952,"Field2d",[4180.491428061806; -6359.95565380331; 0.28215633755355857],4180.491428061806,-6359.95565380331,0.28215633755355857,3
160.321114,"Field2d",[4180.492072968307; -6359.956029072069; 0.2821563334629428],4180.492072968307,-6359.956029072069,0.2821563334629428,3
160.325382,"Field2d",[4180.485937120952; -6359.953499767112; 0.2821563764144051],4180.485937120952,-6359.953499767112,0.2821563764144051,3
160.329004,"Field2d",[4180.491488313866; -6359.956729541918; 0.28215659117171615],4180.491488313866,-6359.956729541918,0.28215659117171615,3
160.332813,"Field2d",[4180.487392157541; -6359.954828994859; 0.28215659117171615],4180.487392157541,-6359.954828994859,0.28215659117171615,3
160.337391,"Field2d",[4180.4862026559185; -6359.954315053239; 0.2821565911717162],4180.4862026559185,-6359.954315053239,0.2821565911717162,3
160.341041,"Field2d",[4180.49357827636; -6359.959249681666; 0.2821565911717162],4180.49357827636,-6359.959249681666,0.2821565911717162,3
160.34575,"Field2d",[4180.471059945331; -6359.962219817732; 0.2821565911717162],4180.471059945331,-6359.962219817732,0.2821565911717162,3
160.349331,"Field2d",[4180.4740172513875; -6359.962882653515; 0.2821565911717162],4180.4740172513875,-6359.962882653515,0.2821565911717162,3
160.35378,"Field2d",[4180.478734937963; -6359.964368008349; 0.2821565911717162],4180.478734937963,-6359.964368008349,0.2821565911717162,3
160.357372,"Field2d",[4180.480984600123; -6359.965191237916; 0.28215659117171626],4180.480984600123,-6359.965191237916,0.28215659117171626,3
160.362345,"Field2d",[4180.46814464653; -6359.969837399994; 0.28215659117171626],4180.46814464653,-6359.969837399994,0.28215659117171626,3
160.365633,"Field2d",[4180.48747125709; -6359.982684804403; 0.28215659117171626],4180.48747125709,-6359.982684804403,0.28215659117171626,3
160.369827,"Field2d",[4180.461379331937; -6359.9814844020775; 0.28215659117171626],4180.461379331937,-6359.9814844020775,0.28215659117171626,3
160.373519,"Field2d",[4180.480266838302; -6359.991381908951; 0.28215659117171626],4180.480266838302,-6359.991381908951,0.28215659117171626,3
160.377037,"Field2d",[4180.473090196202; -6359.988944121681; 0.2821565911717164],4180.473090196202,-6359.988944121681,0.2821565911717164,3
160.382117,"Field2d",[4180.458131848666; -6359.988629435195; 0.2821565911717164],4180.458131848666,-6359.988629435195,0.2821565911717164,3
160.385799,"Field2d",[4180.477480080408; -6359.998316560517; 0.2821565911717164],4180.477480080408,-6359.998316560517,0.2821565911717164,3
160.388869,"Field2d",[4180.4775575311305; -6359.998355514271; 0.2821565911717164],4180.4775575311305,-6359.998355514271,0.2821565911717164,3
160.393093,"Field2d",[4180.45094331244; -6360.000518527193; 0.2821565911717164],4180.45094331244,-6360.000518527193,0.2821565911717164,3
160.398058,"Field2d",[4180.471691347471; -6360.00870271816; 0.28215659117171643],4180.471691347471,-6360.00870271816,0.28215659117171643,3
160.401554,"Field2d",[4180.458931911157; -6360.007258267848; 0.28215659117171643],4180.458931911157,-6360.007258267848,0.28215659117171643,3
160.405871,"Field2d",[4180.479943172479; -6360.023417533359; 0.28215659117171643],4180.479943172479,-6360.023417533359,0.28215659117171643,3
160.408787,"Field2d",[4180.460021082001; -6360.018648429844; 0.28215659117171643],4180.460021082001,-6360.018648429844,0.28215659117171643,3
160.413645,"Field2d",[4180.4600210821045; -6360.018648429868; 0.28215659117171643],4180.4600210821045,-6360.018648429868,0.28215659117171643,3
160.417557,"Field2d",[4180.469684537492; -6360.0233802739485; 0.2821565911717165],4180.469684537492,-6360.0233802739485,0.2821565911717165,3
160.420878,"Field2d",[4180.469223726108; -6360.023160577519; 0.2821565911717165],4180.469223726108,-6360.023160577519,0.2821565911717165,3
160.426123,"Field2d",[4180.504885415363; -6359.809664897731; 0.2821565911717165],4180.504885415363,-6359.809664897731,0.2821565911717165,3
160.429081,"Field2d",[4180.322879828962; -6359.701412890725; 0.2821565911717165],4180.322879828962,-6359.701412890725,0.2821565911717165,3
160.43378,"Field2d",[4180.296764436912; -6359.70136740675; 0.2821565911717165],4180.296764436912,-6359.70136740675,0.2821565911717165,3
160.437379,"Field2d",[4180.303590629454; -6359.708748380217; 0.28215659117171654],4180.303590629454,-6359.708748380217,0.28215659117171654,3
160.441505,"Field2d",[4180.300868979552; -6359.7083579310365; 0.28215659117171654],4180.300868979552,-6359.7083579310365,0.28215659117171654,3
160.44552,"Field2d",[4180.312495691542; -6359.721175398384; 0.28215659117171654],4180.312495691542,-6359.721175398384,0.28215659117171654,3
160.450246,"Field2d",[4180.299598188724; -6359.71842072475; 0.28215659117171654],4180.299598188724,-6359.71842072475,0.28215659117171654,3
160.453074,"Field2d",[4180.303870239104; -6359.719757855075; 0.28215659117171654],4180.303870239104,-6359.719757855075,0.28215659117171654,3
160.458147,"Field2d",[4180.295220785225; -6359.7186729547; 0.2821565911717166],4180.295220785225,-6359.7186729547,0.2821565911717166,3
160.460924,"Field2d",[4180.291612900299; -6359.718489509138; 0.2821565911717166],4180.291612900299,-6359.718489509138,0.2821565911717166,3
160.466135,"Field2d",[4180.299683684434; -6359.720257689695; 0.2821565911717166],4180.299683684434,-6359.720257689695,0.2821565911717166,3
160.468903,"Field2d",[4180.297983755881; -6359.719947852455; 0.2821565911717166],4180.297983755881,-6359.719947852455,0.2821565911717166,3
160.472838,"Field2d",[4180.30992368283; -6359.725746839334; 0.2821565911717166],4180.30992368283,-6359.725746839334,0.2821565911717166,3
160.47757,"Field2d",[4180.291034297051; -6359.7245273346825; 0.28215659117171665],4180.291034297051,-6359.7245273346825,0.28215659117171665,3
160.481573,"Field2d",[4180.309762186207; -6359.734806747622; 0.28215659117171665],4180.309762186207,-6359.734806747622,0.28215659117171665,3
160.486063,"Field2d",[4180.291324023562; -6359.732554067325; 0.28215659117171665],4180.291324023562,-6359.732554067325,0.28215659117171665,3
160.489105,"Field2d",[4180.287459582081; -6359.732392056743; 0.28215659117171665],4180.287459582081,-6359.732392056743,0.28215659117171665,3
160.493444,"Field2d",[4180.289235921365; -6359.7385408619175; 0.28215659117171665],4180.289235921365,-6359.7385408619175,0.28215659117171665,3
160.497515,"Field2d",[4180.281155267433; -6359.738902249203; 0.2821565911717167],4180.281155267433,-6359.738902249203,0.2821565911717167,3
160.501025,"Field2d",[4180.306408385443; -6359.755244814959; 0.2821565911717167],4180.306408385443,-6359.755244814959,0.2821565911717167,3
160.505367,"Field2d",[4180.303094951643; -6359.753446879624; 0.2821565911717167],4180.303094951643,-6359.753446879624,0.2821565911717167,3
160.509011,"Field2d",[4180.308086535169; -6359.757060942938; 0.2821565911717167],4180.308086535169,-6359.757060942938,0.2821565911717167,3
160.513999,"Field2d",[4180.287608026988; -6359.75293567151; 0.2821565911717167],4180.287608026988,-6359.75293567151,0.2821565911717167,3
160.516977,"Field2d",[4180.277673660477; -6359.752982306532; 0.28215659117171676],4180.277673660477,-6359.752982306532,0.28215659117171676,3
160.521511,"Field2d",[4180.300108381393; -6359.7660345099885; 0.28215659117171676],4180.300108381393,-6359.7660345099885,0.28215659117171676,3
160.526362,"Field2d",[4180.2984792237585; -6359.765167419338; 0.28215659117171676],4180.2984792237585,-6359.765167419338,0.28215659117171676,3
160.529511,"Field2d",[4180.287798466041; -6359.770301131127; 0.28215659117171676],4180.287798466041,-6359.770301131127,0.28215659117171676,3
160.53368,"Field2d",[4180.282187732258; -6359.769334699659; 0.28215659117171676],4180.282187732258,-6359.769334699659,0.28215659117171676,3
160.537305,"Field2d",[4180.2901902497; -6359.772263013643; 0.2821565911717168],4180.2901902497,-6359.772263013643,0.2821565911717168,3
160.542182,"Field2d",[4180.281840680884; -6359.77076891729; 0.2821565911717168],4180.281840680884,-6359.77076891729,0.2821565911717168,3
160.545688,"Field2d",[4180.276038776721; -6359.770431794555; 0.2821565911717168],4180.276038776721,-6359.770431794555,0.2821565911717168,3
160.55037,"Field2d",[4180.28848291291; -6359.774625634533; 0.2821565911717168],4180.28848291291,-6359.774625634533,0.2821565911717168,3
160.553514,"Field2d",[4180.298113521936; -6359.780629758773; 0.2821565911717168],4180.298113521936,-6359.780629758773,0.2821565911717168,3
160.5571,"Field2d",[4180.299355042424; -6359.781457656924; 0.2821565911717169],4180.299355042424,-6359.781457656924,0.2821565911717169,3
160.560733,"Field2d",[4180.277412248893; -6359.784274147429; 0.2821565911717169],4180.277412248893,-6359.784274147429,0.2821565911717169,3
160.56506,"Field2d",[4180.289477811527; -6359.7897115080505; 0.2821565911717169],4180.289477811527,-6359.7897115080505,0.2821565911717169,3
160.569625,"Field2d",[4180.287955416402; -6359.789086996425; 0.2821565911717169],4180.287955416402,-6359.789086996425,0.2821565911717169,3
160.573049,"Field2d",[4180.27068847155; -6359.788473393786; 0.2821565911717169],4180.27068847155,-6359.788473393786,0.2821565911717169,3
160.578127,"Field2d",[4180.294784134724; -6359.807190444669; 0.28215659117171693],4180.294784134724,-6359.807190444669,0.28215659117171693,3
160.580912,"Field2d",[4180.2899116129975; -6359.804244556348; 0.28215659117171693],4180.2899116129975,-6359.804244556348,0.28215659117171693,3
160.585772,"Field2d",[4180.290675676832; -6359.80472611587; 0.28215659117171693],4180.290675676832,-6359.80472611587,0.28215659117171693,3
160.588918,"Field2d",[4180.277669717971; -6359.809045650488; 0.28215659117171693],4180.277669717971,-6359.809045650488,0.28215659117171693,3
160.594021,"Field2d",[4180.289340923136; -6359.81702415902; 0.28215659117171693],4180.289340923136,-6359.81702415902,0.28215659117171693,3
160.596997,"Field2d",[4180.283812729618; -6359.814206188767; 0.282156591171717],4180.283812729618,-6359.814206188767,0.282156591171717,3
160.6021,"Field2d",[4180.2753466502545; -6359.811675488852; 0.282156591171717],4180.2753466502545,-6359.811675488852,0.282156591171717,3
160.6061,"Field2d",[4180.261799890975; -6359.811499432114; 0.282156591171717],4180.261799890975,-6359.811499432114,0.282156591171717,3
160.609236,"Field2d",[4180.274078660782; -6359.815019914613; 0.282156591171717],4180.274078660782,-6359.815019914613,0.282156591171717,3
160.614507,"Field2d",[4180.280487201894; -6359.817906357552; 0.282156591171717],4180.280487201894,-6359.817906357552,0.282156591171717,3
160.618295,"Field2d",[4180.284350837757; -6359.820088027081; 0.28215659117171704],4180.284350837757,-6359.820088027081,0.28215659117171704,3
160.621751,"Field2d",[4180.2697118333435; -6359.817004114617; 0.28215659117171704],4180.2697118333435,-6359.817004114617,0.28215659117171704,3
160.625368,"Field2d",[4180.274821849301; -6359.818685188012; 0.28215659117171704],4180.274821849301,-6359.818685188012,0.28215659117171704,3
160.629195,"Field2d",[4180.2716986590995; -6359.817873073208; 0.28215659117171704],4180.2716986590995,-6359.817873073208,0.28215659117171704,3
160.634131,"Field2d",[4180.2803238799; -6359.822044987927; 0.28215659117171704],4180.2803238799,-6359.822044987927,0.28215659117171704,3
160.637666,"Field2d",[4180.275942131749; -6359.820421610212; 0.2821565911717171],4180.275942131749,-6359.820421610212,0.2821565911717171,3
160.642907,"Field2d",[4180.381659944546; -6359.958040449914; 0.2821565911717171],4180.381659944546,-6359.958040449914,0.2821565911717171,3
160.645891,"Field2d",[4180.226776262257; -6359.88724947453; 0.2821565911717171],4180.226776262257,-6359.88724947453,0.2821565911717171,3
160.650616,"Field2d",[4180.219444499356; -6359.893250228026; 0.28215659935294796],4180.219444499356,-6359.893250228026,0.28215659935294796,3
160.65323,"Field2d",[4180.2145313423225; -6359.8921945448255; 0.282156612442917],4180.2145313423225,-6359.8921945448255,0.282156612442917,3
160.657259,"Field2d",[4180.225225513272; -6359.905722359013; 0.28215660003471715],4180.225225513272,-6359.905722359013,0.28215660003471715,3
160.661326,"Field2d",[4180.221807090058; -6359.903990168885; 0.2821565964895166],4180.221807090058,-6359.903990168885,0.2821565964895166,3
160.664972,"Field2d",[4180.202769785346; -6359.90269315167; 0.28215660617064003],4180.202769785346,-6359.90269315167,0.28215660617064003,3
160.668752,"Field2d",[4180.210002093213; -6359.913210152748; 0.28215659117171704],4180.210002093213,-6359.913210152748,0.28215659117171704,3
160.673534,"Field2d",[4180.2255416853695; -6359.933731217962; 0.28215659117171704],4180.2255416853695,-6359.933731217962,0.28215659117171704,3
160.677428,"Field2d",[4180.2176044601565; -6359.927886910342; 0.2821565911717171],4180.2176044601565,-6359.927886910342,0.2821565911717171,3
160.681182,"Field2d",[4180.201914849319; -6359.923059276233; 0.2821565911717171],4180.201914849319,-6359.923059276233,0.2821565911717171,3
160.68581,"Field2d",[4180.204203431084; -6359.923890458233; 0.2821565911717171],4180.204203431084,-6359.923890458233,0.2821565911717171,3
160.688878,"Field2d",[4180.205987883758; -6359.924626649561; 0.28215657685456336],4180.205987883758,-6359.924626649561,0.28215657685456336,3
160.693487,"Field2d",[4180.205806066585; -6359.924552554314; 0.2821565769909165],4180.205806066585,-6359.924552554314,0.2821565769909165,3
160.697754,"Field2d",[4180.194110663234; -6359.922846036896; 0.2821565821041865],4180.194110663234,-6359.922846036896,0.2821565821041865,3
160.701327,"Field2d",[4180.193370844002; -6359.922749729403; 0.282156582376894],4180.193370844002,-6359.922749729403,0.282156582376894,3
160.706025,"Field2d",[4180.20110965206; -6359.9251037719405; 0.2821565788998705],4180.20110965206,-6359.9251037719405,0.2821565788998705,3
160.709146,"Field2d",[4180.202971467166; -6359.925754834493; 0.28215659117171704],4180.202971467166,-6359.925754834493,0.28215659117171704,3
160.714273,"Field2d",[4180.203745215243; -6359.926040015694; 0.28215659117171704],4180.203745215243,-6359.926040015694,0.28215659117171704,3
160.71725,"Field2d",[4180.198327610414; -6359.924720001293; 0.2821565911717171],4180.198327610414,-6359.924720001293,0.2821565911717171,3
160.72156,"Field2d",[4180.200414641383; -6359.9340101064345; 0.2821565911717171],4180.200414641383,-6359.9340101064345,0.2821565911717171,3
160.725249,"Field2d",[4180.200813726032; -6359.934179258965; 0.2821565911717171],4180.200813726032,-6359.934179258965,0.2821565911717171,3
160.72919,"Field2d",[4180.20450907349; -6359.942894284003; 0.2821565911717171],4180.20450907349,-6359.942894284003,0.2821565911717171,3
160.733758,"Field2d",[4180.207034496505; -6359.944486754923; 0.2821565911717171],4180.207034496505,-6359.944486754923,0.2821565911717171,3
160.737311,"Field2d",[4180.20248671958; -6359.942255440119; 0.28215659117171715],4180.20248671958,-6359.942255440119,0.28215659117171715,3
160.742381,"Field2d",[4180.193306762763; -6359.9397986065105; 0.28215659117171715],4180.193306762763,-6359.9397986065105,0.28215659117171715,3
160.745567,"Field2d",[4180.207956207651; -6359.950567033981; 0.28215659117171715],4180.207956207651,-6359.950567033981,0.28215659117171715,3
160.750613,"Field2d",[4180.197883457705; -6359.946243272951; 0.28215659117171715],4180.197883457705,-6359.946243272951,0.28215659117171715,3
160.753683,"Field2d",[4180.197955552898; -6359.946274426902; 0.28215659117171715],4180.197955552898,-6359.946274426902,0.28215659117171715,3
160.757198,"Field2d",[4180.187944510036; -6359.944266140024; 0.2821565911717172],4180.187944510036,-6359.944266140024,0.2821565911717172,3
160.761267,"Field2d",[4180.187404260011; -6359.944164139999; 0.2821565911717172],4180.187404260011,-6359.944164139999,0.2821565911717172,3
160.765925,"Field2d",[4180.188020124787; -6359.9442887177165; 0.2821565911717172],4180.188020124787,-6359.9442887177165,0.2821565911717172,3
160.769634,"Field2d",[4180.205399458685; -6359.957172155842; 0.2821565911717172],4180.205399458685,-6359.957172155842,0.2821565911717172,3
160.772724,"Field2d",[4180.173320579711; -6359.957787073043; 0.2821565911717172],4180.173320579711,-6359.957787073043,0.2821565911717172,3
160.777693,"Field2d",[4180.190285344654; -6359.9639948187505; 0.28215659117171726],4180.190285344654,-6359.9639948187505,0.28215659117171726,3
160.780772,"Field2d",[4180.189655287554; -6359.9637740549115; 0.28215659117171726],4180.189655287554,-6359.9637740549115,0.28215659117171726,3
160.785808,"Field2d",[4180.187353441907; -6359.971500499517; 0.28215659117171726],4180.187353441907,-6359.971500499517,0.28215659117171726,3
160.788819,"Field2d",[4180.198911274047; -6359.980073702824; 0.2821565827177789],4180.198911274047,-6359.980073702824,0.2821565827177789,3
160.794452,"Field2d",[4180.191817390106; -6359.976436091422; 0.2821565268127009],4180.191817390106,-6359.976436091422,0.2821565268127009,3
160.797421,"Field2d",[4180.189304539324; -6359.975321330654; 0.282156531448732],4180.189304539324,-6359.975321330654,0.282156531448732,3
160.802219,"Field2d",[4180.170344283234; -6359.974769704711; 0.2821565647190709],4180.170344283234,-6359.974769704711,0.2821565647190709,3
160.805851,"Field2d",[4180.187237070664; -6359.996490132272; 0.28215654944743945],4180.187237070664,-6359.996490132272,0.28215654944743945,3
160.808799,"Field2d",[4180.17304914386; -6359.992428381008; 0.2821565945805634],4180.17304914386,-6359.992428381008,0.2821565945805634,3
160.814488,"Field2d",[4180.184283518161; -6359.999420303747; 0.2821566089658945],4180.184283518161,-6359.999420303747,0.2821566089658945,3
160.817938,"Field2d",[4180.177145293329; -6359.996437350666; 0.2821566055570476],4180.177145293329,-6359.996437350666,0.2821566055570476,3
160.820942,"Field2d",[4180.173027878016; -6359.995130484995; 0.2821566037162716],4180.173027878016,-6359.995130484995,0.2821566037162716,3
160.825186,"Field2d",[4180.1788477460705; -6360.005090703119; 0.2821565945805634],4180.1788477460705,-6360.005090703119,0.2821565945805634,3
160.829533,"Field2d",[4180.151688146695; -6360.006699816845; 0.2821565911717173],4180.151688146695,-6360.006699816845,0.2821565911717173,3
160.833165,"Field2d",[4180.158226915222; -6360.007196002481; 0.2821565911717173],4180.158226915222,-6360.007196002481,0.2821565911717173,3
160.838206,"Field2d",[4180.169282748011; -6359.901051501793; 0.2821565911717174],4180.169282748011,-6359.901051501793,0.2821565911717174,3
160.840747,"Field2d",[4180.089158856529; -6359.842846252356; 0.2821565911717174],4180.089158856529,-6359.842846252356,0.2821565911717174,3
160.845561,"Field2d",[4180.078648370383; -6359.838464196057; 0.2821565911717174],4180.078648370383,-6359.838464196057,0.2821565911717174,3
160.850951,"Field2d",[4180.078613554456; -6359.838449376467; 0.2821565624010556],4180.078613554456,-6359.838449376467,0.2821565624010556,3
160.853817,"Field2d",[4180.070626734669; -6359.844625583433; 0.28215658571756336],4180.070626734669,-6359.844625583433,0.28215658571756336,3
160.857413,"Field2d",[4180.0857264964325; -6359.855971397617; 0.28215658680839434],4180.0857264964325,-6359.855971397617,0.28215658680839434,3
160.862186,"Field2d",[4180.211449398888; -6359.666619530028; 0.28215635459779115],4180.211449398888,-6359.666619530028,0.28215635459779115,3
160.865215,"Field2d",[4179.974857881427; -6359.601048755888; 0.2821565677188555],4179.974857881427,-6359.601048755888,0.2821565677188555,3
160.868951,"Field2d",[4179.981443954402; -6359.611109984622; 0.28182028238278883],4179.981443954402,-6359.611109984622,0.28182028238278883,3
160.873245,"Field2d",[4179.983837722929; -6359.612539607775; 0.2818166171913571],4179.983837722929,-6359.612539607775,0.2818166171913571,3
160.87773,"Field2d",[4179.968058420929; -6359.609342249862; 0.2818183974271932],4179.968058420929,-6359.609342249862,0.2818183974271932,3
160.881845,"Field2d",[4179.966626466557; -6359.609096260542; 0.28181857196011423],4179.966626466557,-6359.609096260542,0.28181857196011423,3
160.885754,"Field2d",[4179.9771001890085; -6359.613566530069; 0.2818172978697735],4179.9771001890085,-6359.613566530069,0.2818172978697735,3
160.88874,"Field2d",[4179.966412999398; -6359.611667448214; 0.284910930375437],4179.966412999398,-6359.611667448214,0.284910930375437,3
160.893177,"Field2d",[4179.976673665318; -6359.616038468193; 0.2849218216390907],4179.976673665318,-6359.616038468193,0.2849218216390907,3
160.896754,"Field2d",[4179.975468322884; -6359.615562451304; 0.28492059445446344],4179.975468322884,-6359.615562451304,0.28492059445446344,3
160.90121,"Field2d",[4179.970725865096; -6359.622426228973; 0.2848985051310344],4179.970725865096,-6359.622426228973,0.2848985051310344,3
160.905788,"Field2d",[4179.980689323558; -6359.628786587891; 0.2849296449411071],4179.980689323558,-6359.628786587891,0.2849296449411071,3
160.910425,"Field2d",[4179.984107604484; -6359.631360823482; 0.2865696602759739],4179.984107604484,-6359.631360823482,0.2865696602759739,3
160.913233,"Field2d",[4179.966116174155; -6359.634563828313; 0.28657084382738895],4179.966116174155,-6359.634563828313,0.28657084382738895,3
160.917449,"Field2d",[4179.966180866769; -6359.634616182776; 0.2865817494081386],4179.966180866769,-6359.634616182776,0.2865817494081386,3
160.921798,"Field2d",[4179.972065961171; -6359.647495533109; 0.28657777605705165],4179.972065961171,-6359.647495533109,0.28657777605705165,3
160.92525,"Field2d",[4179.976507803601; -6359.650929189356; 0.28656991389413944],4179.976507803601,-6359.650929189356,0.28656991389413944,3
160.929201,"Field2d",[4179.943116235214; -6359.644695350414; 0.2821243905287178],4179.943116235214,-6359.644695350414,0.2821243905287178,3
160.933747,"Field2d",[4179.938492542833; -6359.650045545651; 0.28214225526900394],4179.938492542833,-6359.650045545651,0.28214225526900394,3
160.936894,"Field2d",[4179.944392815786; -6359.651590791349; 0.28211975892942925],4179.944392815786,-6359.651590791349,0.28211975892942925,3
160.940851,"Field2d",[4179.958508030477; -6359.66138407235; 0.28215195957222816],4179.958508030477,-6359.66138407235,0.28215195957222816,3
160.945926,"Field2d",[4179.950526887336; -6359.65775835168; 0.28210784910257203],4179.950526887336,-6359.65775835168,0.28210784910257203,3
160.949057,"Field2d",[4179.953977294386; -6359.660368958073; 0.27821782422274033],4179.953977294386,-6359.660368958073,0.27821782422274033,3
160.953702,"Field2d",[4179.918931505977; -6359.662852411087; 0.2782611345681944],4179.918931505977,-6359.662852411087,0.2782611345681944,3
160.957466,"Field2d",[4179.944096481329; -6359.677462305469; 0.2782251715135006],4179.944096481329,-6359.677462305469,0.2782251715135006,3
160.96197,"Field2d",[4179.927272371538; -6359.674481411412; 0.2782462466370266],4179.927272371538,-6359.674481411412,0.2782462466370266,3
160.965234,"Field2d",[4179.917301895921; -6359.674770156817; 0.2782586210213921],4179.917301895921,-6359.674770156817,0.2782586210213921,3
160.96885,"Field2d",[4179.917794808768; -6359.674805038273; 0.2751408539528466],4179.917794808768,-6359.674805038273,0.2751408539528466,3
160.974027,"Field2d",[4179.924205440622; -6359.676143365839; 0.2751342623351882],4179.924205440622,-6359.676143365839,0.2751342623351882,3
160.977064,"Field2d",[4179.920275454527; -6359.67565126919; 0.2751361456544581],4179.920275454527,-6359.67565126919,0.2751361456544581,3
160.981795,"Field2d",[4179.933386959648; -6359.681489849677; 0.27512390407870463],4179.933386959648,-6359.681489849677,0.27512390407870463,3
160.985296,"Field2d",[4179.927101540573; -6359.679650905539; 0.2751304956963629],4179.927101540573,-6359.679650905539,0.2751304956963629,3
160.98985,"Field2d",[4179.914309922502; -6359.679038659343; 0.2713518901135514],4179.914309922502,-6359.679038659343,0.2713518901135514,3
160.99336,"Field2d",[4179.908592094386; -6359.679427447823; 0.27135869362521076],4179.908592094386,-6359.679427447823,0.27135869362521076,3
160.99707,"Field2d",[4179.926259674499; -6359.685136344869; 0.2713363932261222],4179.926259674499,-6359.685136344869,0.2713363932261222,3
161.001663,"Field2d",[4179.92028239157; -6359.683999933409; 0.2713437636969283],4179.92028239157,-6359.683999933409,0.2713437636969283,3
161.005833,"Field2d",[4179.924913475268; -6359.685365878181; 0.27133790511741074],4179.924913475268,-6359.685365878181,0.27133790511741074,3
161.009935,"Field2d",[4179.93310249606; -6359.689127478318; 0.27112841672444304],4179.93310249606,-6359.689127478318,0.27112841672444304,3
161.013462,"Field2d",[4179.92337741929; -6359.6868843091015; 0.2711292021226041],4179.92337741929,-6359.6868843091015,0.2711292021226041,3
161.017747,"Field2d",[4179.9160906229445; -6359.686321378658; 0.2711297666275359],4179.9160906229445,-6359.686321378658,0.2711297666275359,3
161.021811,"Field2d",[4179.910490889178; -6359.686533745125; 0.2711302084140072],4179.910490889178,-6359.686533745125,0.2711302084140072,3
161.025677,"Field2d",[4179.924646440255; -6359.700641292194; 0.27113022068584636],4179.924646440255,-6359.700641292194,0.27113022068584636,3
161.031041,"Field2d",[4179.915183220435; -6359.701333807347; 0.271371801661465],4179.915183220435,-6359.701333807347,0.271371801661465,3
161.033117,"Field2d",[4179.913779755966; -6359.701107909759; 0.2713724728632751],4179.913779755966,-6359.701107909759,0.2713724728632751,3
161.037706,"Field2d",[4179.907267439596; -6359.700863851385; 0.27137197251282796],4179.907267439596,-6359.700863851385,0.27137197251282796,3
161.040708,"Field2d",[4179.915955308666; -6359.711912786112; 0.271371374533036],4179.915955308666,-6359.711912786112,0.271371374533036,3
161.045867,"Field2d",[4179.930398667783; -6359.723501694922; 0.2713712646999964],4179.930398667783,-6359.723501694922,0.2713712646999964,3
161.050232,"Field2d",[4179.931004445159; -6359.625001717037; 0.2713206920123246],4179.931004445159,-6359.625001717037,0.2713206920123246,3
161.053214,"Field2d",[4179.842669671176; -6359.577035274084; 0.27132252597157835],4179.842669671176,-6359.577035274084,0.27132252597157835,3
161.056712,"Field2d",[4179.832405080818; -6359.574106098193; 0.271322618692195],4179.832405080818,-6359.574106098193,0.271322618692195,3
161.061299,"Field2d",[4179.834006057689; -6359.583446040743; 0.27132274413773455],4179.834006057689,-6359.583446040743,0.27132274413773455,3
161.064716,"Field2d",[4179.837936853667; -6359.585499721845; 0.2713225327892715],4179.837936853667,-6359.585499721845,0.2713225327892715,3
161.069275,"Field2d",[4179.82702496125; -6359.58261109579; 0.2710812099996783],4179.82702496125,-6359.58261109579,0.2710812099996783,3
161.074381,"Field2d",[4179.823317749399; -6359.581929944444; 0.27108149470652215],4179.823317749399,-6359.581929944444,0.27108149470652215,3
161.077449,"Field2d",[4179.827221164886; -6359.582987434333; 0.2710811862741114],4179.827221164886,-6359.582987434333,0.2710811862741114,3
161.081438,"Field2d",[4179.842712334463; -6359.595237497371; 0.2710827284361237],4179.842712334463,-6359.595237497371,0.2710827284361237,3
161.08666,"Field2d",[4179.812798923978; -6359.593577260859; 0.2710819573551224],4179.812798923978,-6359.593577260859,0.2710819573551224,3
161.089224,"Field2d",[4179.821664898941; -6359.5959172161; 0.27103472424588526],4179.821664898941,-6359.5959172161,0.27103472424588526,3
161.093334,"Field2d",[4179.818933579104; -6359.595360572788; 0.2710347794691925],4179.818933579104,-6359.595360572788,0.2710347794691925,3
161.097868,"Field2d",[4179.8132612213085; -6359.5948805070275; 0.27103488991581104],4179.8132612213085,-6359.5948805070275,0.27103488991581104,3
161.100873,"Field2d",[4179.812660508327; -6359.600748240619; 0.2710350586536952],4179.812660508327,-6359.600748240619,0.2710350586536952,3
161.105748,"Field2d",[4179.833102140643; -6359.615749631291; 0.27103436529437946],4179.833102140643,-6359.615749631291,0.27103436529437946,3
161.10989,"Field2d",[4179.808461172189; -6359.618900524038; 0.2710832900776316],4179.808461172189,-6359.618900524038,0.2710832900776316,3
161.113598,"Field2d",[4179.823541855533; -6359.626672965943; 0.2710836418705589],4179.823541855533,-6359.626672965943,0.2710836418705589,3
161.11836,"Field2d",[4179.79955318729; -6359.627079401797; 0.2710833309837848],4179.79955318729,-6359.627079401797,0.2710833309837848,3
161.121377,"Field2d",[4179.810646688283; -6359.638821166471; 0.27108326757924583],4179.810646688283,-6359.638821166471,0.27108326757924583,3
161.125557,"Field2d",[4179.806691164712; -6359.637978613785; 0.27108347620063356],4179.806691164712,-6359.637978613785,0.27108347620063356,3
161.130141,"Field2d",[4179.7991470499755; -6359.637492861021; 0.271131440711912],4179.7991470499755,-6359.637492861021,0.271131440711912,3
161.13372,"Field2d",[4179.801756067423; -6359.637802491197; 0.27113149198095826],4179.801756067423,-6359.637802491197,0.27113149198095826,3
161.136834,"Field2d",[4179.810166495955; -6359.640388261217; 0.2711316746269354],4179.810166495955,-6359.640388261217,0.2711316746269354,3
161.141383,"Field2d",[4179.795834759073; -6359.640320628611; 0.271131379829916],4179.795834759073,-6359.640320628611,0.271131379829916,3
161.144921,"Field2d",[4179.798803326578; -6359.646528715821; 0.2711312804961392],4179.798803326578,-6359.646528715821,0.2711312804961392,3
161.150246,"Field2d",[4179.812681014048; -6359.6530042161385; 0.2711795986411181],4179.812681014048,-6359.6530042161385,0.2711795986411181,3
161.153086,"Field2d",[4179.81804652239; -6359.656419664638; 0.27117969954296545],4179.81804652239,-6359.656419664638,0.27117969954296545,3
161.15681,"Field2d",[4179.804656689527; -6359.652549980673; 0.2711794750363571],4179.804656689527,-6359.652549980673,0.2711794750363571,3
161.161845,"Field2d",[4179.7901306382555; -6359.652785862105; 0.27117924296210477],4179.7901306382555,-6359.652785862105,0.27117924296210477,3
161.165078,"Field2d",[4179.812001241889; -6359.664509086173; 0.2711796415244039],4179.812001241889,-6359.664509086173,0.2711796415244039,3
161.168834,"Field2d",[4179.800852281014; -6359.661490385434; 0.2711790980861419],4179.800852281014,-6359.661490385434,0.2711790980861419,3
161.173083,"Field2d",[4179.784444296765; -6359.662682576754; 0.271179062634142],4179.784444296765,-6359.662682576754,0.271179062634142,3
161.177895,"Field2d",[4179.809530883319; -6359.677026101528; 0.27117912501602703],4179.809530883319,-6359.677026101528,0.27117912501602703,3
161.181038,"Field2d",[4179.782454361194; -6359.677988719222; 0.2711790663838728],4179.782454361194,-6359.677988719222,0.2711790663838728,3
161.185727,"Field2d",[4179.7942782617165; -6359.680535777084; 0.27117909263198803],4179.7942782617165,-6359.680535777084,0.27117909263198803,3
161.189306,"Field2d",[4179.793325435052; -6359.680349574809; 0.27117904115841107],4179.793325435052,-6359.680349574809,0.27117904115841107,3
161.192994,"Field2d",[4179.809561754997; -6359.691319536296; 0.27117904115841107],4179.809561754997,-6359.691319536296,0.27117904115841107,3
161.196769,"Field2d",[4179.801314648986; -6359.6877350055665; 0.271179041158411],4179.801314648986,-6359.6877350055665,0.271179041158411,3
161.200902,"Field2d",[4179.803701718967; -6359.688931705232; 0.271179041158411],4179.803701718967,-6359.688931705232,0.271179041158411,3
161.205499,"Field2d",[4179.7988096724885; -6359.687102989696; 0.271179041158411],4179.7988096724885,-6359.687102989696,0.271179041158411,3
161.21004,"Field2d",[4179.790117345997; -6359.6855717923; 0.271179041158411],4179.790117345997,-6359.6855717923,0.271179041158411,3
161.213535,"Field2d",[4179.779174078617; -6359.6861195640395; 0.271179041158411],4179.779174078617,-6359.6861195640395,0.271179041158411,3
161.217005,"Field2d",[4179.79994747679; -6359.695268296385; 0.27117904115841096],4179.79994747679,-6359.695268296385,0.27117904115841096,3
161.221239,"Field2d",[4179.780353453834; -6359.695003340544; 0.27117904115841096],4179.780353453834,-6359.695003340544,0.27117904115841096,3
161.226633,"Field2d",[4179.781721494778; -6359.695058100499; 0.27117904115841096],4179.781721494778,-6359.695058100499,0.27117904115841096,3
161.229632,"Field2d",[4179.797668513885; -6359.710041666845; 0.27117904115841096],4179.797668513885,-6359.710041666845,0.27117904115841096,3
161.233327,"Field2d",[4179.781322996899; -6359.7078354700725; 0.27117904115841096],4179.781322996899,-6359.7078354700725,0.27117904115841096,3
161.237265,"Field2d",[4179.798252551037; -6359.717935292373; 0.27117904115841096],4179.798252551037,-6359.717935292373,0.27117904115841096,3
161.241905,"Field2d",[4179.800623993624; -6359.719545927065; 0.27117904115841096],4179.800623993624,-6359.719545927065,0.27117904115841096,3
161.245616,"Field2d",[4179.7809851067195; -6359.715825179494; 0.27117904115841096],4179.7809851067195,-6359.715825179494,0.27117904115841096,3
161.250402,"Field2d",[4179.799473428619; -6359.730393855795; 0.27117904115841096],4179.799473428619,-6359.730393855795,0.27117904115841096,3
161.253415,"Field2d",[4179.796784485246; -6359.728551780491; 0.27117904115841096],4179.796784485246,-6359.728551780491,0.27117904115841096,3
161.257156,"Field2d",[4179.782301177347; -6359.724214253708; 0.2711790411584109],4179.782301177347,-6359.724214253708,0.2711790411584109,3
161.261453,"Field2d",[4179.798786070101; -6359.7397024967795; 0.2711790411584109],4179.798786070101,-6359.7397024967795,0.2711790411584109,3
161.265952,"Field2d",[4179.790582779525; -6359.734600661807; 0.2711790411584109],4179.790582779525,-6359.734600661807,0.2711790411584109,3
161.268928,"Field2d",[4179.770109689074; -6359.731854183921; 0.2711790411584109],4179.770109689074,-6359.731854183921,0.2711790411584109,3
161.274095,"Field2d",[4179.781696137096; -6359.736615734686; 0.2711790411584109],4179.781696137096,-6359.736615734686,0.2711790411584109,3
161.276955,"Field2d",[4179.789706721871; -6359.7419440293515; 0.27117904115841085],4179.789706721871,-6359.7419440293515,0.27117904115841085,3
161.280904,"Field2d",[4179.767594332135; -6359.74485492262; 0.27117904115841085],4179.767594332135,-6359.74485492262,0.27117904115841085,3
161.285511,"Field2d",[4179.787609739009; -6359.760694440102; 0.27117904115841085],4179.787609739009,-6359.760694440102,0.27117904115841085,3
161.289928,"Field2d",[4179.767614123285; -6359.755674814528; 0.27117904115841085],4179.767614123285,-6359.755674814528,0.27117904115841085,3
161.29334,"Field2d",[4179.779089326104; -6359.762186990815; 0.27117904115841085],4179.779089326104,-6359.762186990815,0.27117904115841085,3
161.297977,"Field2d",[4179.78258229501; -6359.764592271441; 0.2711790411584108],4179.78258229501,-6359.764592271441,0.2711790411584108,3
161.302096,"Field2d",[4179.766996172415; -6359.768242245301; 0.2711790411584108],4179.766996172415,-6359.768242245301,0.2711790411584108,3
161.30528,"Field2d",[4179.759767596039; -6359.767195457053; 0.2711790411584108],4179.759767596039,-6359.767195457053,0.2711790411584108,3
161.308913,"Field2d",[4179.76914358717; -6359.770597833244; 0.2711790411584108],4179.76914358717,-6359.770597833244,0.2711790411584108,3
161.31413,"Field2d",[4179.777895875219; -6359.776080345534; 0.2711790411584108],4179.777895875219,-6359.776080345534,0.2711790411584108,3
161.31758,"Field2d",[4179.763206264358; -6359.772342533791; 0.27117904115841074],4179.763206264358,-6359.772342533791,0.27117904115841074,3
161.321708,"Field2d",[4179.76407726479; -6359.772581469398; 0.27117904115841074],4179.76407726479,-6359.772581469398,0.27117904115841074,3
161.326701,"Field2d",[4179.764420387723; -6359.781236856673; 0.27117904115841074],4179.764420387723,-6359.781236856673,0.27117904115841074,3
161.329958,"Field2d",[4179.774842360174; -6359.788327331978; 0.27117904115841074],4179.774842360174,-6359.788327331978,0.27117904115841074,3
161.334116,"Field2d",[4179.77884927092; -6359.791738093078; 0.27117904115841074],4179.77884927092,-6359.791738093078,0.27117904115841074,3
161.337186,"Field2d",[4179.74270567118; -6359.79302300872; 0.2711790411584107],4179.74270567118,-6359.79302300872,0.2711790411584107,3
161.34147,"Field2d",[4179.7633711472645; -6359.802503895456; 0.2711790411584107],4179.7633711472645,-6359.802503895456,0.2711790411584107,3
161.345013,"Field2d",[4179.757954740905; -6359.800747857958; 0.2711790411584107],4179.757954740905,-6359.800747857958,0.2711790411584107,3
161.34984,"Field2d",[4179.754832864689; -6359.799958883772; 0.2711790411584107],4179.754832864689,-6359.799958883772,0.2711790411584107,3
161.352942,"Field2d",[4179.757566057481; -6359.8008232417815; 0.2711790411584107],4179.757566057481,-6359.8008232417815,0.2711790411584107,3
161.357924,"Field2d",[4179.771326097642; -6359.811594558471; 0.2711790411584106],4179.771326097642,-6359.811594558471,0.2711790411584106,3
161.361588,"Field2d",[4179.74597269121; -6359.80802709822; 0.2711790411584106],4179.74597269121,-6359.80802709822,0.2711790411584106,3
161.365784,"Field2d",[4179.76214295414; -6359.817324532905; 0.2711790411584106],4179.76214295414,-6359.817324532905,0.2711790411584106,3
161.369284,"Field2d",[4179.747936417249; -6359.814096453714; 0.2711790411584106],4179.747936417249,-6359.814096453714,0.2711790411584106,3
161.374178,"Field2d",[4179.751133118435; -6359.815056772313; 0.2711790411584106],4179.751133118435,-6359.815056772313,0.2711790411584106,3
161.37719,"Field2d",[4179.74489396622; -6359.814035072877; 0.27117904115841057],4179.74489396622,-6359.814035072877,0.27117904115841057,3
161.381074,"Field2d",[4179.748030423511; -6359.814763889795; 0.27117904115841057],4179.748030423511,-6359.814763889795,0.27117904115841057,3
161.38561,"Field2d",[4179.758442385057; -6359.828212354961; 0.27117904115841057],4179.758442385057,-6359.828212354961,0.27117904115841057,3
161.390035,"Field2d",[4179.744610947906; -6359.82460629298; 0.27117904115841057],4179.744610947906,-6359.82460629298,0.27117904115841057,3
161.393688,"Field2d",[4179.756307146896; -6359.831520356458; 0.27117904115841057],4179.756307146896,-6359.831520356458,0.27117904115841057,3
161.397217,"Field2d",[4179.748954632242; -6359.828649799872; 0.2711790411584105],4179.748954632242,-6359.828649799872,0.2711790411584105,3
161.401611,"Field2d",[4179.74637983731; -6359.827805985228; 0.2711790411584105],4179.74637983731,-6359.827805985228,0.2711790411584105,3
161.405934,"Field2d",[4179.748796337817; -6359.8287427863; 0.2711790411584105],4179.748796337817,-6359.8287427863,0.2711790411584105,3
161.409791,"Field2d",[4179.75024187932; -6359.829357321761; 0.2711790411584105],4179.75024187932,-6359.829357321761,0.2711790411584105,3
161.414258,"Field2d",[4179.752809610881; -6359.830631767536; 0.2711790411584105],4179.752809610881,-6359.830631767536,0.2711790411584105,3
161.417142,"Field2d",[4179.737782018366; -6359.828369169246; 0.27117904115841046],4179.737782018366,-6359.828369169246,0.27117904115841046,3
161.421472,"Field2d",[4179.73673040051; -6359.828234113128; 0.27117904115841046],4179.73673040051,-6359.828234113128,0.27117904115841046,3
161.425126,"Field2d",[4179.7386661883575; -6359.828562429095; 0.27117904115841046],4179.7386661883575,-6359.828562429095,0.27117904115841046,3
161.430071,"Field2d",[4179.756003675057; -6359.84035779903; 0.27117904115841046],4179.756003675057,-6359.84035779903,0.27117904115841046,3
161.433334,"Field2d",[4179.7456418815555; -6359.836341250418; 0.27117904115841046],4179.7456418815555,-6359.836341250418,0.27117904115841046,3
161.437484,"Field2d",[4179.754131259572; -6359.841870623856; 0.2711790411584104],4179.754131259572,-6359.841870623856,0.2711790411584104,3
161.442516,"Field2d",[4179.740943403004; -6359.837863116161; 0.2711790411584104],4179.740943403004,-6359.837863116161,0.2711790411584104,3
161.445587,"Field2d",[4179.737106510471; -6359.837027412841; 0.2711790411584104],4179.737106510471,-6359.837027412841,0.2711790411584104,3
161.449434,"Field2d",[4179.737489533418; -6359.837113992657; 0.2711790411584104],4179.737489533418,-6359.837113992657,0.2711790411584104,3
161.453502,"Field2d",[4179.737604361849; -6359.837140311507; 0.2711790411584104],4179.737604361849,-6359.837140311507,0.2711790411584104,3
161.457061,"Field2d",[4179.735089879934; -6359.836701649128; 0.27117904115841035],4179.735089879934,-6359.836701649128,0.27117904115841035,3
161.462402,"Field2d",[4179.849279264011; -6359.769000029285; 0.27117904115841035],4179.849279264011,-6359.769000029285,0.27117904115841035,3
161.465484,"Field2d",[4179.713130541457; -6359.757712871342; 0.27117904115841035],4179.713130541457,-6359.757712871342,0.27117904115841035,3
161.46966,"Field2d",[4179.722486289005; -6359.7604167268955; 0.27117904115841035],4179.722486289005,-6359.7604167268955,0.27117904115841035,3
161.474271,"Field2d",[4179.721880497666; -6359.760250065878; 0.27117904115841035],4179.721880497666,-6359.760250065878,0.27117904115841035,3
161.477269,"Field2d",[4179.716567939919; -6359.759402114762; 0.2711790411584103],4179.716567939919,-6359.759402114762,0.2711790411584103,3
161.48095,"Field2d",[4179.72391907195; -6359.761811553787; 0.2711790411584103],4179.72391907195,-6359.761811553787,0.2711790411584103,3
161.485811,"Field2d",[4179.723432279963; -6359.761657818886; 0.2711790411584103],4179.723432279963,-6359.761657818886,0.2711790411584103,3
161.48879,"Field2d",[4179.712353628; -6359.760784378104; 0.2711790411584103],4179.712353628,-6359.760784378104,0.2711790411584103,3
161.493266,"Field2d",[4179.729175337056; -6359.769200681994; 0.2711790411584103],4179.729175337056,-6359.769200681994,0.2711790411584103,3
161.497102,"Field2d",[4179.730860870555; -6359.770128789849; 0.27117904115841024],4179.730860870555,-6359.770128789849,0.27117904115841024,3
161.502192,"Field2d",[4179.723853438542; -6359.7675669381315; 0.27117904115841024],4179.723853438542,-6359.7675669381315,0.27117904115841024,3
161.505788,"Field2d",[4179.724659424889; -6359.767877948433; 0.27117904115841024],4179.724659424889,-6359.767877948433,0.27117904115841024,3
161.5101,"Field2d",[4179.715941049383; -6359.771942429357; 0.27117904115841024],4179.715941049383,-6359.771942429357,0.27117904115841024,3
161.512782,"Field2d",[4179.731822849098; -6359.783619985035; 0.27117904115841024],4179.731822849098,-6359.783619985035,0.27117904115841024,3
161.517072,"Field2d",[4179.725507574706; -6359.780274028944; 0.27117904115841024],4179.725507574706,-6359.780274028944,0.27117904115841024,3
161.522045,"Field2d",[4179.734389532968; -6359.788250169226; 0.27117904115841024],4179.734389532968,-6359.788250169226,0.27117904115841024,3
161.52625,"Field2d",[4179.716149896312; -6359.781879536617; 0.27117904115841024],4179.716149896312,-6359.781879536617,0.27117904115841024,3
161.530179,"Field2d",[4179.728510267414; -6359.791380014987; 0.27117904115841024],4179.728510267414,-6359.791380014987,0.27117904115841024,3
161.532828,"Field2d",[4179.704127351143; -6359.787688743079; 0.27117904115841024],4179.704127351143,-6359.787688743079,0.27117904115841024,3
161.536823,"Field2d",[4179.706883682116; -6359.796727848661; 0.2711790411584102],4179.706883682116,-6359.796727848661,0.2711790411584102,3
161.542123,"Field2d",[4179.709080588841; -6359.797464356968; 0.2711790411584102],4179.709080588841,-6359.797464356968,0.2711790411584102,3
161.545694,"Field2d",[4179.706689055478; -6359.796831210484; 0.2711790411584102],4179.706689055478,-6359.796831210484,0.2711790411584102,3
161.550205,"Field2d",[4179.707678810548; -6359.805731648967; 0.2711790411584102],4179.707678810548,-6359.805731648967,0.2711790411584102,3
161.552917,"Field2d",[4179.711859895165; -6359.807729173502; 0.2711790411584102],4179.711859895165,-6359.807729173502,0.2711790411584102,3
161.557205,"Field2d",[4179.704196437861; -6359.805534418275; 0.27117904115841013],4179.704196437861,-6359.805534418275,0.27117904115841013,3
161.562726,"Field2d",[4179.852082324256; -6359.840846824733; 0.27117904115841013],4179.852082324256,-6359.840846824733,0.27117904115841013,3
161.566609,"Field2d",[4179.685664664405; -6359.841820911709; 0.27117904115841013],4179.685664664405,-6359.841820911709,0.27117904115841013,3
161.569632,"Field2d",[4179.683038477221; -6359.841979964198; 0.27117904115841013],4179.683038477221,-6359.841979964198,0.27117904115841013,3
161.574044,"Field2d",[4179.689345676857; -6359.8424159970655; 0.27117904115841013],4179.689345676857,-6359.8424159970655,0.27117904115841013,3
161.577028,"Field2d",[4179.704253464938; -6359.856931174882; 0.2711790411584101],4179.704253464938,-6359.856931174882,0.2711790411584101,3
161.581415,"Field2d",[4179.685910004215; -6359.859161498518; 0.2711790411584101],4179.685910004215,-6359.859161498518,0.2711790411584101,3
161.585912,"Field2d",[4179.697133310012; -6359.8632292326265; 0.2711790411584101],4179.697133310012,-6359.8632292326265,0.2711790411584101,3
161.589018,"Field2d",[4179.698737192118; -6359.863871826624; 0.2711790411584101],4179.698737192118,-6359.863871826624,0.2711790411584101,3
161.593491,"Field2d",[4179.683177277894; -6359.862909381108; 0.2711790411584101],4179.683177277894,-6359.862909381108,0.2711790411584101,3
161.598017,"Field2d",[4179.698391289281; -6359.877630658242; 0.27117904115841],4179.698391289281,-6359.877630658242,0.27117904115841,3
161.600788,"Field2d",[4179.697889274945; -6359.87740519898; 0.27117904115841],4179.697889274945,-6359.87740519898,0.27117904115841,3
161.606475,"Field2d",[4179.696572551942; -6359.87679097701; 0.27117904115841],4179.696572551942,-6359.87679097701,0.27117904115841,3
161.609478,"Field2d",[4179.696536966105; -6359.8767743732415; 0.27117904115841],4179.696536966105,-6359.8767743732415,0.27117904115841,3
161.613033,"Field2d",[4179.691632509442; -6359.87509669936; 0.27117904115841],4179.691632509442,-6359.87509669936,0.27117904115841,3
161.617215,"Field2d",[4179.702837533377; -6359.88291930246; 0.27117904115840996],4179.702837533377,-6359.88291930246,0.27117904115840996,3
161.621779,"Field2d",[4179.687775988843; -6359.878461247741; 0.27117904115840996],4179.687775988843,-6359.878461247741,0.27117904115840996,3
161.62624,"Field2d",[4179.68131355457; -6359.883188156366; 0.27117904115840996],4179.68131355457,-6359.883188156366,0.27117904115840996,3
161.629266,"Field2d",[4179.6850052645; -6359.888631150404; 0.27117904115840996],4179.6850052645,-6359.888631150404,0.27117904115840996,3
161.633602,"Field2d",[4179.6965481326815; -6359.896517370454; 0.27117904115840996],4179.6965481326815,-6359.896517370454,0.27117904115840996,3
161.638106,"Field2d",[4179.6805286931085; -6359.892276150523; 0.2711790411584099],4179.6805286931085,-6359.892276150523,0.2711790411584099,3
161.641108,"Field2d",[4179.6730301658; -6359.891490412425; 0.2711790411584099],4179.6730301658,-6359.891490412425,0.2711790411584099,3
161.645265,"Field2d",[4179.675512889403; -6359.891880575816; 0.2711790411584099],4179.675512889403,-6359.891880575816,0.2711790411584099,3
161.649519,"Field2d",[4179.69373838442; -6359.904670153039; 0.2711790411584099],4179.69373838442,-6359.904670153039,0.2711790411584099,3
161.653995,"Field2d",[4179.676990591622; -6359.900264877438; 0.2711790411584099],4179.676990591622,-6359.900264877438,0.2711790411584099,3
161.657034,"Field2d",[4179.679861579204; -6359.901213615543; 0.27117904115840985],4179.679861579204,-6359.901213615543,0.27117904115840985,3
161.66215,"Field2d",[4179.669753403753; -6359.9000886603535; 0.27117904115840985],4179.669753403753,-6359.9000886603535,0.27117904115840985,3
161.665636,"Field2d",[4179.677219044185; -6359.911426353331; 0.27117904115840985],4179.677219044185,-6359.911426353331,0.27117904115840985,3
161.668853,"Field2d",[4179.677108498574; -6359.9113856351905; 0.27117904115840985],4179.677108498574,-6359.9113856351905,0.27117904115840985,3
161.674085,"Field2d",[4179.687976173567; -6359.9192758322015; 0.27117904115840985],4179.687976173567,-6359.9192758322015,0.27117904115840985,3
161.678147,"Field2d",[4179.689457596725; -6359.920441256748; 0.27117904115840985],4179.689457596725,-6359.920441256748,0.27117904115840985,3
161.682254,"Field2d",[4179.684960431147; -6359.9176343098925; 0.27117904115840985],4179.684960431147,-6359.9176343098925,0.27117904115840985,3
161.685751,"Field2d",[4179.672877038243; -6359.913909481027; 0.27117904115840985],4179.672877038243,-6359.913909481027,0.27117904115840985,3
161.690323,"Field2d",[4179.667845199145; -6359.918772914471; 0.27117904115840985],4179.667845199145,-6359.918772914471,0.27117904115840985,3
161.692864,"Field2d",[4179.66270948322; -6359.9180708104195; 0.27117904115840985],4179.66270948322,-6359.9180708104195,0.27117904115840985,3
161.697366,"Field2d",[4179.681759294422; -6359.931599332659; 0.2711790411584098],4179.681759294422,-6359.931599332659,0.2711790411584098,3
161.701529,"Field2d",[4179.6502006622895; -6359.932517963269; 0.2711790411584098],4179.6502006622895,-6359.932517963269,0.2711790411584098,3
161.705075,"Field2d",[4179.662887098921; -6359.945401811232; 0.2711790411584098],4179.662887098921,-6359.945401811232,0.2711790411584098,3
161.710505,"Field2d",[4179.650675021475; -6359.944415799756; 0.2711790411584098],4179.650675021475,-6359.944415799756,0.2711790411584098,3
161.713305,"Field2d",[4179.667919469272; -6359.963686739016; 0.2711790411584098],4179.667919469272,-6359.963686739016,0.2711790411584098,3
161.717429,"Field2d",[4179.6400934712565; -6359.9627586320985; 0.27117904115840974],4179.6400934712565,-6359.9627586320985,0.27117904115840974,3
161.721238,"Field2d",[4179.645408827942; -6359.969838602623; 0.27117904115840974],4179.645408827942,-6359.969838602623,0.27117904115840974,3
161.725477,"Field2d",[4179.656180949682; -6359.975073930407; 0.27117904115840974],4179.656180949682,-6359.975073930407,0.27117904115840974,3
161.729068,"Field2d",[4179.656777708976; -6359.975373136518; 0.27117904115840974],4179.656777708976,-6359.975373136518,0.27117904115840974,3
161.734098,"Field2d",[4179.63879515636; -6359.973664105843; 0.27117904115840974],4179.63879515636,-6359.973664105843,0.27117904115840974,3
161.737022,"Field2d",[4179.659108443218; -6359.987508017176; 0.2711790411584097],4179.659108443218,-6359.987508017176,0.2711790411584097,3
161.742067,"Field2d",[4179.646373718521; -6359.983243222604; 0.2711790411584097],4179.646373718521,-6359.983243222604,0.2711790411584097,3
161.745727,"Field2d",[4179.655843383016; -6359.9890591320345; 0.2711790411584097],4179.655843383016,-6359.9890591320345,0.2711790411584097,3
161.750221,"Field2d",[4179.636425556169; -6359.986151454838; 0.2711790411584097],4179.636425556169,-6359.986151454838,0.2711790411584097,3
161.753835,"Field2d",[4179.637238921174; -6359.986287364367; 0.2711790411584097],4179.637238921174,-6359.986287364367,0.2711790411584097,3
161.757267,"Field2d",[4179.633393582749; -6359.991758935792; 0.27117904115840963],4179.633393582749,-6359.991758935792,0.27117904115840963,3
161.761643,"Field2d",[4179.650975372639; -6360.002449387496; 0.27117904115840963],4179.650975372639,-6360.002449387496,0.27117904115840963,3
161.765155,"Field2d",[4179.6472086190015; -6360.000587618957; 0.27117904115840963],4179.6472086190015,-6360.000587618957,0.27117904115840963,3
161.770254,"Field2d",[4179.636553019803; -6359.998039844527; 0.27117904115840963],4179.636553019803,-6359.998039844527,0.27117904115840963,3
161.773244,"Field2d",[4179.6315307254035; -6359.997378416374; 0.27117904115840963],4179.6315307254035,-6359.997378416374,0.27117904115840963,3
161.777516,"Field2d",[4179.652613611085; -6360.014832432948; 0.2711790411584096],4179.652613611085,-6360.014832432948,0.2711790411584096,3
161.781094,"Field2d",[4179.647692850987; -6360.011666906553; 0.2711790411584096],4179.647692850987,-6360.011666906553,0.2711790411584096,3
161.785833,"Field2d",[4179.631607817548; -6360.0078484315745; 0.2711790411584096],4179.631607817548,-6360.0078484315745,0.2711790411584096,3
161.788805,"Field2d",[4179.634847329691; -6360.01781755494; 0.2711790411584096],4179.634847329691,-6360.01781755494,0.2711790411584096,3
161.79289,"Field2d",[4179.639329415553; -6360.022634467432; 0.2711790411584096],4179.639329415553,-6360.022634467432,0.2711790411584096,3
161.797035,"Field2d",[4179.620382240783; -6360.020348625291; 0.2711790411584095],4179.620382240783,-6360.020348625291,0.2711790411584095,3
161.802214,"Field2d",[4179.627348840827; -6360.0222652269085; 0.2711790411584095],4179.627348840827,-6360.0222652269085,0.2711790411584095,3
161.805236,"Field2d",[4179.621047948436; -6360.021389029777; 0.2711790411584095],4179.621047948436,-6360.021389029777,0.2711790411584095,3
161.808884,"Field2d",[4179.629751714762; -6360.024335163151; 0.2711790411584095],4179.629751714762,-6360.024335163151,0.2711790411584095,3
161.813884,"Field2d",[4179.627621956229; -6360.032101204644; 0.2711790411584095],4179.627621956229,-6360.032101204644,0.2711790411584095,3
161.817062,"Field2d",[4179.625622135006; -6360.0315238687945; 0.27117904115840946],4179.625622135006,-6360.0315238687945,0.27117904115840946,3
161.821102,"Field2d",[4179.615331851954; -6360.030646049351; 0.27117904115840946],4179.615331851954,-6360.030646049351,0.27117904115840946,3
161.826241,"Field2d",[4179.567299910887; -6359.942191616282; 0.27117904115840946],4179.567299910887,-6359.942191616282,0.27117904115840946,3
161.829194,"Field2d",[4179.508737035775; -6359.897693742068; 0.27117904115840946],4179.508737035775,-6359.897693742068,0.27117904115840946,3
161.833299,"Field2d",[4179.509048610653; -6359.897932748015; 0.27117904115840946],4179.509048610653,-6359.897932748015,0.27117904115840946,3
161.836906,"Field2d",[4179.477123210498; -6359.897911846153; 0.2711790411584094],4179.477123210498,-6359.897911846153,0.2711790411584094,3
161.841145,"Field2d",[4179.494457470251; -6359.90490538612; 0.2711790411584094],4179.494457470251,-6359.90490538612,0.2711790411584094,3
161.845908,"Field2d",[4179.47901994207; -6359.90387577294; 0.2711790411584094],4179.47901994207,-6359.90387577294,0.2711790411584094,3
161.848909,"Field2d",[4179.478156153978; -6359.909753824811; 0.2711790411584094],4179.478156153978,-6359.909753824811,0.2711790411584094,3
161.853959,"Field2d",[4179.486311495565; -6359.911938210543; 0.2711790411584094],4179.486311495565,-6359.911938210543,0.2711790411584094,3
161.858237,"Field2d",[4179.529214353634; -6359.802257445557; 0.27117904115840935],4179.529214353634,-6359.802257445557,0.27117904115840935,3
161.861241,"Field2d",[4179.3975425221515; -6359.811301483004; 0.27117904115840935],4179.3975425221515,-6359.811301483004,0.27117904115840935,3
161.866018,"Field2d",[4179.419844173366; -6359.821641688855; 0.27117904115840935],4179.419844173366,-6359.821641688855,0.27117904115840935,3
161.868923,"Field2d",[4179.400498428383; -6359.820912936805; 0.27117904115840935],4179.400498428383,-6359.820912936805,0.27117904115840935,3
161.873919,"Field2d",[4179.408048729267; -6359.822406685872; 0.27117904115840935],4179.408048729267,-6359.822406685872,0.27117904115840935,3
161.877932,"Field2d",[4179.406420909749; -6359.822141472891; 0.2711790411584093],4179.406420909749,-6359.822141472891,0.2711790411584093,3
161.881018,"Field2d",[4179.403176228777; -6359.821833135752; 0.2711790411584093],4179.403176228777,-6359.821833135752,0.2711790411584093,3
161.885502,"Field2d",[4179.421658256304; -6359.832778583127; 0.2711790411584093],4179.421658256304,-6359.832778583127,0.2711790411584093,3
161.889039,"Field2d",[4179.415465949377; -6359.830181323822; 0.2711790411584093],4179.415465949377,-6359.830181323822,0.2711790411584093,3
161.893264,"Field2d",[4179.397329767739; -6359.8297172104085; 0.2711790411584093],4179.397329767739,-6359.8297172104085,0.2711790411584093,3
161.897803,"Field2d",[4179.414245345071; -6359.845592123034; 0.27117904115840924],4179.414245345071,-6359.845592123034,0.27117904115840924,3
161.900862,"Field2d",[4179.419830089374; -6359.849663563136; 0.27117904115840924],4179.419830089374,-6359.849663563136,0.27117904115840924,3
161.906574,"Field2d",[4179.41437386323; -6359.853180615096; 0.27117904115840924],4179.41437386323,-6359.853180615096,0.27117904115840924,3
161.909164,"Field2d",[4179.3990374839095; -6359.849786455193; 0.27117904115840924],4179.3990374839095,-6359.849786455193,0.27117904115840924,3
161.913641,"Field2d",[4179.413102218815; -6359.85854964242; 0.27117904115840924],4179.413102218815,-6359.85854964242,0.27117904115840924,3
161.917896,"Field2d",[4179.398567812871; -6359.854838809835; 0.2711790411584092],4179.398567812871,-6359.854838809835,0.2711790411584092,3
161.922305,"Field2d",[4179.402534531983; -6359.856224382429; 0.2711790411584092],4179.402534531983,-6359.856224382429,0.2711790411584092,3
161.926328,"Field2d",[4179.397055708182; -6359.8549933385875; 0.2711790411584092],4179.397055708182,-6359.8549933385875,0.2711790411584092,3
161.928985,"Field2d",[4179.408660004981; -6359.861189653367; 0.2711790411584092],4179.408660004981,-6359.861189653367,0.2711790411584092,3
161.933292,"Field2d",[4179.404119827347; -6359.8593239232505; 0.2711790411584092],4179.404119827347,-6359.8593239232505,0.2711790411584092,3
161.93689,"Field2d",[4179.405764067121; -6359.860071861508; 0.2711790411584092],4179.405764067121,-6359.860071861508,0.2711790411584092,3
161.941199,"Field2d",[4179.397988763536; -6359.857986591364; 0.2711790411584092],4179.397988763536,-6359.857986591364,0.2711790411584092,3
161.945127,"Field2d",[4179.410676855902; -6359.866134811964; 0.2711790411584092],4179.410676855902,-6359.866134811964,0.2711790411584092,3
161.949104,"Field2d",[4179.3912386735155; -6359.8628554634215; 0.2711790411584092],4179.3912386735155,-6359.8628554634215,0.2711790411584092,3
161.953181,"Field2d",[4179.381895488524; -6359.863082376879; 0.2711790411584092],4179.381895488524,-6359.863082376879,0.2711790411584092,3
161.958652,"Field2d",[4179.4007511693835; -6359.870919946037; 0.27117904115840913],4179.4007511693835,-6359.870919946037,0.27117904115840913,3
161.961451,"Field2d",[4179.40150719543; -6359.871249278583; 0.27117904115840913],4179.40150719543,-6359.871249278583,0.27117904115840913,3
161.965041,"Field2d",[4179.392784503137; -6359.869230583974; 0.27117904115840913],4179.392784503137,-6359.869230583974,0.27117904115840913,3
161.970012,"Field2d",[4179.377412471694; -6359.870596318676; 0.27117904115840913],4179.377412471694,-6359.870596318676,0.27117904115840913,3
161.974044,"Field2d",[4179.4011787434; -6359.882154474408; 0.27117904115840913],4179.4011787434,-6359.882154474408,0.27117904115840913,3
161.977055,"Field2d",[4179.394716408552; -6359.880059345845; 0.2711790411584091],4179.394716408552,-6359.880059345845,0.2711790411584091,3
161.981569,"Field2d",[4179.378345298777; -6359.880417375305; 0.2711790411584091],4179.378345298777,-6359.880417375305,0.2711790411584091,3
161.985298,"Field2d",[4179.397508505173; -6359.8886370523205; 0.2711790411584091],4179.397508505173,-6359.8886370523205,0.2711790411584091,3
161.990189,"Field2d",[4179.398379801668; -6359.839334456191; 0.2711790411584091],4179.398379801668,-6359.839334456191,0.2711790411584091,3
161.993334,"Field2d",[4179.345579483901; -6359.850018921622; 0.2711790411584091],4179.345579483901,-6359.850018921622,0.2711790411584091,3
161.997311,"Field2d",[4179.339583139089; -6359.847669837433; 0.271179041158409],4179.339583139089,-6359.847669837433,0.271179041158409,3
162.001436,"Field2d",[4179.343881621311; -6359.849872646181; 0.271179041158409],4179.343881621311,-6359.849872646181,0.271179041158409,3
162.004975,"Field2d",[4179.340404074875; -6359.848417316151; 0.271179041158409],4179.340404074875,-6359.848417316151,0.271179041158409,3
162.009064,"Field2d",[4179.335087350342; -6359.846871519824; 0.271179041158409],4179.335087350342,-6359.846871519824,0.271179041158409,3
162.013868,"Field2d",[4179.33700058194; -6359.856441767237; 0.271179041158409],4179.33700058194,-6359.856441767237,0.271179041158409,3
162.016779,"Field2d",[4179.340503704862; -6359.858301439854; 0.27117904115840896],4179.340503704862,-6359.858301439854,0.27117904115840896,3
162.021603,"Field2d",[4179.325461965921; -6359.8556392588835; 0.27117904115840896],4179.325461965921,-6359.8556392588835,0.27117904115840896,3
162.02618,"Field2d",[4179.340188731996; -6359.864138352043; 0.27117904115840896],4179.340188731996,-6359.864138352043,0.27117904115840896,3
162.029383,"Field2d",[4179.343994359201; -6359.866850150453; 0.27117904115840896],4179.343994359201,-6359.866850150453,0.27117904115840896,3
162.033627,"Field2d",[4179.319205219082; -6359.864151910634; 0.27117904115840896],4179.319205219082,-6359.864151910634,0.27117904115840896,3
162.037282,"Field2d",[4179.333724172021; -6359.870926216102; 0.2711790411584089],4179.333724172021,-6359.870926216102,0.2711790411584089,3
162.041602,"Field2d",[4179.331949783957; -6359.87018193472; 0.2711790411584089],4179.331949783957,-6359.87018193472,0.2711790411584089,3
162.045157,"Field2d",[4179.327757429376; -6359.868852516188; 0.2711790411584089],4179.327757429376,-6359.868852516188,0.2711790411584089,3
162.049386,"Field2d",[4179.341329050942; -6359.879354255419; 0.2711790411584089],4179.341329050942,-6359.879354255419,0.2711790411584089,3
162.053884,"Field2d",[4179.3295199317; -6359.8744120806805; 0.2711790411584089],4179.3295199317,-6359.8744120806805,0.2711790411584089,3
162.058691,"Field2d",[4179.459550377755; -6359.956890212012; 0.27117904115840885],4179.459550377755,-6359.956890212012,0.27117904115840885,3
162.061774,"Field2d",[4179.30554835121; -6359.913854587842; 0.27117904115840885],4179.30554835121,-6359.913854587842,0.27117904115840885,3
162.065442,"Field2d",[4179.316992437494; -6359.920807342086; 0.27117904115840885],4179.316992437494,-6359.920807342086,0.27117904115840885,3
162.07009,"Field2d",[4179.320589469877; -6359.923472212106; 0.27117904115840885],4179.320589469877,-6359.923472212106,0.27117904115840885,3
162.073618,"Field2d",[4179.311224451899; -6359.919212215847; 0.27117904115840885],4179.311224451899,-6359.919212215847,0.27117904115840885,3
162.077433,"Field2d",[4179.311188655323; -6359.919196071343; 0.2711790411584088],4179.311188655323,-6359.919196071343,0.2711790411584088,3
162.081386,"Field2d",[4179.321123240463; -6359.927393722751; 0.2711790411584088],4179.321123240463,-6359.927393722751,0.2711790411584088,3
162.08662,"Field2d",[4179.32049230669; -6359.934997513983; 0.2711790411584088],4179.32049230669,-6359.934997513983,0.2711790411584088,3
162.089381,"Field2d",[4179.291954176755; -6359.929954621271; 0.2711790411584088],4179.291954176755,-6359.929954621271,0.2711790411584088,3
162.094496,"Field2d",[4179.287532571848; -6359.929581064778; 0.2711790411584088],4179.287532571848,-6359.929581064778,0.2711790411584088,3
162.097014,"Field2d",[4179.28698427577; -6359.929540946426; 0.27117904115840874],4179.28698427577,-6359.929540946426,0.27117904115840874,3
162.102253,"Field2d",[4179.292311824973; -6359.930532697266; 0.27117904115840874],4179.292311824973,-6359.930532697266,0.27117904115840874,3
162.104848,"Field2d",[4179.303074781472; -6359.9354181845865; 0.27117904115840874],4179.303074781472,-6359.9354181845865,0.27117904115840874,3
162.110736,"Field2d",[4179.302715888372; -6359.93525881574; 0.27117904115840874],4179.302715888372,-6359.93525881574,0.27117904115840874,3
162.114301,"Field2d",[4179.298513889586; -6359.933832881279; 0.27117904115840874],4179.298513889586,-6359.933832881279,0.27117904115840874,3
162.117343,"Field2d",[4179.295672998235; -6359.933056195902; 0.2711790411584087],4179.295672998235,-6359.933056195902,0.2711790411584087,3
162.122369,"Field2d",[4179.289303658244; -6359.937930188711; 0.2711790411584087],4179.289303658244,-6359.937930188711,0.2711790411584087,3
162.125414,"Field2d",[4179.293545144945; -6359.943426730037; 0.2711790411584087],4179.293545144945,-6359.943426730037,0.2711790411584087,3
162.130708,"Field2d",[4179.3009250915375; -6359.947193574779; 0.2711790411584087],4179.3009250915375,-6359.947193574779,0.2711790411584087,3
162.1335,"Field2d",[4179.300538590755; -6359.947000695201; 0.2711790411584087],4179.300538590755,-6359.947000695201,0.2711790411584087,3
162.136707,"Field2d",[4179.282270310709; -6359.945397907866; 0.27117904115840863],4179.282270310709,-6359.945397907866,0.27117904115840863,3
162.141602,"Field2d",[4179.284488746167; -6359.9456955512405; 0.27117904115840863],4179.284488746167,-6359.9456955512405,0.27117904115840863,3
162.145145,"Field2d",[4179.278245117522; -6359.945661322237; 0.27117904115840863],4179.278245117522,-6359.945661322237,0.27117904115840863,3
162.149916,"Field2d",[4179.299158600483; -6359.956849868613; 0.27117904115840863],4179.299158600483,-6359.956849868613,0.27117904115840863,3
162.153517,"Field2d",[4179.302772348584; -6359.95921616186; 0.27117904115840863],4179.302772348584,-6359.95921616186,0.27117904115840863,3
162.15688,"Field2d",[4179.279939270764; -6359.962564646963; 0.2711790411584086],4179.279939270764,-6359.962564646963,0.2711790411584086,3
162.162955,"Field2d",[4179.406926173453; -6360.264801748706; 0.2711790411584086],4179.406926173453,-6360.264801748706,0.2711790411584086,3
162.16663,"Field2d",[4179.0412024670795; -6360.286663704223; 0.2711790411584086],4179.0412024670795,-6360.286663704223,0.2711790411584086,3
162.170531,"Field2d",[4179.051103458669; -6360.294711150956; 0.2711790411584086],4179.051103458669,-6360.294711150956,0.2711790411584086,3
162.173404,"Field2d",[4179.0563385472; -6360.296514241143; 0.2711790411584086],4179.0563385472,-6360.296514241143,0.2711790411584086,3
162.176953,"Field2d",[4179.050968917489; -6360.295334922208; 0.2711790411584085],4179.050968917489,-6360.295334922208,0.2711790411584085,3
162.181368,"Field2d",[4179.057512209826; -6360.297793125273; 0.2711790411584085],4179.057512209826,-6360.297793125273,0.2711790411584085,3
162.185563,"Field2d",[4179.068529352994; -6360.3060102282225; 0.2711790411584085],4179.068529352994,-6360.3060102282225,0.2711790411584085,3
162.188719,"Field2d",[4179.047523384476; -6360.3017145097365; 0.2711790411584085],4179.047523384476,-6360.3017145097365,0.2711790411584085,3
162.193073,"Field2d",[4179.046712770987; -6360.301563051158; 0.2711790411584085],4179.046712770987,-6360.301563051158,0.2711790411584085,3
162.198813,"Field2d",[4179.060949178569; -6360.309733355774; 0.2711790411584085],4179.060949178569,-6360.309733355774,0.2711790411584085,3
162.201813,"Field2d",[4179.052145866613; -6360.306714084687; 0.2711790411584085],4179.052145866613,-6360.306714084687,0.2711790411584085,3
162.205677,"Field2d",[4179.0541558111045; -6360.307504499638; 0.2711790411584085],4179.0541558111045,-6360.307504499638,0.2711790411584085,3
162.209216,"Field2d",[4179.048022570608; -6360.305970151112; 0.2711790411584085],4179.048022570608,-6360.305970151112,0.2711790411584085,3
162.214009,"Field2d",[4179.063619852741; -6360.317701281544; 0.2711790411584085],4179.063619852741,-6360.317701281544,0.2711790411584085,3
162.217683,"Field2d",[4179.0488491417755; -6360.312714967763; 0.27117904115840846],4179.0488491417755,-6360.312714967763,0.27117904115840846,3
162.22158,"Field2d",[4179.055117526278; -6360.315895447794; 0.27117904115840846],4179.055117526278,-6360.315895447794,0.27117904115840846,3
162.225856,"Field2d",[4179.038320396811; -6360.313820647404; 0.27117904115840846],4179.038320396811,-6360.313820647404,0.27117904115840846,3
162.230179,"Field2d",[4179.082926190806; -6360.201103494779; 0.27117904115840846],4179.082926190806,-6360.201103494779,0.27117904115840846,3
162.233083,"Field2d",[4178.979819113367; -6360.16235210737; 0.27117904115840846],4178.979819113367,-6360.16235210737,0.27117904115840846,3
162.237164,"Field2d",[4178.983579802309; -6360.1641363360395; 0.2711790411584084],4178.983579802309,-6360.1641363360395,0.2711790411584084,3
162.240849,"Field2d",[4178.99080575285; -6360.1693559880705; 0.2711790411584084],4178.99080575285,-6360.1693559880705,0.2711790411584084,3
162.245863,"Field2d",[4178.974493576532; -6360.164698497966; 0.2711790411584084],4178.974493576532,-6360.164698497966,0.2711790411584084,3
162.250202,"Field2d",[4178.968241026759; -6360.163762288359; 0.2711790411584084],4178.968241026759,-6360.163762288359,0.2711790411584084,3
162.253171,"Field2d",[4178.961212014212; -6360.16372943849; 0.2711790411584084],4178.961212014212,-6360.16372943849,0.2711790411584084,3
162.258581,"Field2d",[4178.964852456409; -6360.1640194926; 0.27117904115840835],4178.964852456409,-6360.1640194926,0.27117904115840835,3
162.261756,"Field2d",[4178.978232175208; -6360.169267997429; 0.27117904115840835],4178.978232175208,-6360.169267997429,0.27117904115840835,3
162.265455,"Field2d",[4178.958141104134; -6360.170030763505; 0.27117904115840835],4178.958141104134,-6360.170030763505,0.27117904115840835,3
162.270153,"Field2d",[4178.970224898222; -6360.1726745452825; 0.27117904115840835],4178.970224898222,-6360.1726745452825,0.27117904115840835,3
162.274124,"Field2d",[4178.978779801091; -6360.183612066232; 0.27117904115840835],4178.978779801091,-6360.183612066232,0.27117904115840835,3
162.277181,"Field2d",[4178.978972205095; -6360.183728578766; 0.2711790411584083],4178.978972205095,-6360.183728578766,0.2711790411584083,3
162.280814,"Field2d",[4178.986119048037; -6360.189186442496; 0.2711790411584083],4178.986119048037,-6360.189186442496,0.2711790411584083,3
162.284985,"Field2d",[4178.961554605074; -6360.185649371761; 0.2711790411584083],4178.961554605074,-6360.185649371761,0.2711790411584083,3
162.288987,"Field2d",[4178.981078587494; -6360.200260365621; 0.2711790411584083],4178.981078587494,-6360.200260365621,0.2711790411584083,3
162.293494,"Field2d",[4178.965800568504; -6360.19530718356; 0.2711790411584083],4178.965800568504,-6360.19530718356,0.2711790411584083,3
162.297789,"Field2d",[4178.962174415467; -6360.194430919897; 0.27117904115840824],4178.962174415467,-6360.194430919897,0.27117904115840824,3
162.301139,"Field2d",[4178.965977528664; -6360.195687730414; 0.27117904115840824],4178.965977528664,-6360.195687730414,0.27117904115840824,3
162.305601,"Field2d",[4178.976621863195; -6360.202657228274; 0.27117904115840824],4178.976621863195,-6360.202657228274,0.27117904115840824,3
162.3094,"Field2d",[4178.973782038974; -6360.201057720529; 0.27117904115840824],4178.973782038974,-6360.201057720529,0.27117904115840824,3
162.313513,"Field2d",[4178.973884511773; -6360.201115837518; 0.27117904115840824],4178.973884511773,-6360.201115837518,0.27117904115840824,3
162.317423,"Field2d",[4178.9723126130675; -6360.207051312369; 0.2711790411584082],4178.9723126130675,-6360.207051312369,0.2711790411584082,3
162.322479,"Field2d",[4178.9612777166; -6360.203793632476; 0.2711790411584082],4178.9612777166,-6360.203793632476,0.2711790411584082,3
162.325873,"Field2d",[4178.968688928134; -6360.215014088247; 0.2711790411584082],4178.968688928134,-6360.215014088247,0.2711790411584082,3
162.329005,"Field2d",[4178.946877907338; -6360.2133734819545; 0.2711790411584082],4178.946877907338,-6360.2133734819545,0.2711790411584082,3
162.33416,"Field2d",[4178.954145411939; -6360.215061842203; 0.2711790411584082],4178.954145411939,-6360.215061842203,0.2711790411584082,3
162.337688,"Field2d",[4178.948289185848; -6360.214429204484; 0.27117904115840813],4178.948289185848,-6360.214429204484,0.27117904115840813,3
162.341462,"Field2d",[4178.967390710984; -6360.226761365296; 0.27117904115840813],4178.967390710984,-6360.226761365296,0.27117904115840813,3
162.345806,"Field2d",[4178.9692444056; -6360.228084686716; 0.27117904115840813],4178.9692444056,-6360.228084686716,0.27117904115840813,3
162.348956,"Field2d",[4178.972469492177; -6360.230838768411; 0.27117904115840813],4178.972469492177,-6360.230838768411,0.27117904115840813,3
162.354289,"Field2d",[4178.96717185281; -6360.227388274513; 0.27117904115840813],4178.96717185281,-6360.227388274513,0.27117904115840813,3
162.360429,"Field2d",[4178.972368178953; -6360.269597561707; 0.27117904115840813],4178.972368178953,-6360.269597561707,0.27117904115840813,3
162.361124,"Field2d",[4178.930902682846; -6360.247627895947; 0.27117904115840813],4178.930902682846,-6360.247627895947,0.27117904115840813,3
162.366364,"Field2d",[4178.938021937477; -6360.25331246213; 0.27117904115840813],4178.938021937477,-6360.25331246213,0.27117904115840813,3
162.369492,"Field2d",[4178.945832025127; -6360.2641895218685; 0.27117904115840813],4178.945832025127,-6360.2641895218685,0.27117904115840813,3
162.373863,"Field2d",[4178.90610434499; -6360.259087415414; 0.27117904115840813],4178.90610434499,-6360.259087415414,0.27117904115840813,3
162.378491,"Field2d",[4178.972952297347; -6360.2340085872775; 0.2711790411584081],4178.972952297347,-6360.2340085872775,0.2711790411584081,3
162.381154,"Field2d",[4178.93031265946; -6360.207098571257; 0.2711790411584081],4178.93031265946,-6360.207098571257,0.2711790411584081,3
162.385688,"Field2d",[4178.917666962662; -6360.203333711882; 0.2711790411584081],4178.917666962662,-6360.203333711882,0.2711790411584081,3
162.388933,"Field2d",[4178.911583612797; -6360.202332532872; 0.2711790411584081],4178.911583612797,-6360.202332532872,0.2711790411584081,3
162.39371,"Field2d",[4178.922843197168; -6360.214996806172; 0.2711790411584081],4178.922843197168,-6360.214996806172,0.2711790411584081,3
162.397691,"Field2d",[4178.929098947157; -6360.226449435782; 0.271179041158408],4178.929098947157,-6360.226449435782,0.271179041158408,3
162.401564,"Field2d",[4178.91175616518; -6360.219583024198; 0.271179041158408],4178.91175616518,-6360.219583024198,0.271179041158408,3
162.405467,"Field2d",[4178.91803645091; -6360.223234561645; 0.271179041158408],4178.91803645091,-6360.223234561645,0.271179041158408,3
162.409949,"Field2d",[4178.910446057584; -6360.2285563308515; 0.271179041158408],4178.910446057584,-6360.2285563308515,0.271179041158408,3
162.412799,"Field2d",[4178.905583766065; -6360.2270008870755; 0.271179041158408],4178.905583766065,-6360.2270008870755,0.271179041158408,3
162.417549,"Field2d",[4178.913650886637; -6360.239557741838; 0.27117904115840796],4178.913650886637,-6360.239557741838,0.27117904115840796,3
162.422061,"Field2d",[4178.900085445267; -6360.235442227591; 0.27117904115840796],4178.900085445267,-6360.235442227591,0.27117904115840796,3
162.425335,"Field2d",[4178.895035876658; -6360.234460135477; 0.27117904115840796],4178.895035876658,-6360.234460135477,0.27117904115840796,3
162.429782,"Field2d",[4178.906167417339; -6360.2397634976705; 0.27117904115840796],4178.906167417339,-6360.2397634976705,0.27117904115840796,3
162.433782,"Field2d",[4178.919965788256; -6360.257087393785; 0.27117904115840796],4178.919965788256,-6360.257087393785,0.27117904115840796,3
162.437963,"Field2d",[4178.9048166317125; -6360.248066545967; 0.2711790411584079],4178.9048166317125,-6360.248066545967,0.2711790411584079,3
162.441641,"Field2d",[4178.883315759415; -6360.246023076832; 0.2711790411584079],4178.883315759415,-6360.246023076832,0.2711790411584079,3
162.446232,"Field2d",[4178.903607320485; -6360.259828830554; 0.2711790411584079],4178.903607320485,-6360.259828830554,0.2711790411584079,3
162.449314,"Field2d",[4178.906223255736; -6360.271729664404; 0.2711790411584079],4178.906223255736,-6360.271729664404,0.2711790411584079,3
162.453686,"Field2d",[4178.89652839993; -6360.264899656837; 0.2711790411584079],4178.89652839993,-6360.264899656837,0.2711790411584079,3
162.4574,"Field2d",[4178.886951675832; -6360.260828388774; 0.27117904115840785],4178.886951675832,-6360.260828388774,0.27117904115840785,3
162.461155,"Field2d",[4178.88268881358; -6360.259461570179; 0.27117904115840785],4178.88268881358,-6360.259461570179,0.27117904115840785,3
162.466729,"Field2d",[4178.868594664555; -6360.259157679066; 0.27117904115840785],4178.868594664555,-6360.259157679066,0.27117904115840785,3
162.47064,"Field2d",[4178.877403072136; -6360.260967856311; 0.2773122829116605],4178.877403072136,-6360.260967856311,0.2773122829116605,3
162.473617,"Field2d",[4178.868018123831; -6360.260898338353; 0.27729405921980854],4178.868018123831,-6360.260898338353,0.27729405921980854,3
162.477973,"Field2d",[4178.871502135836; -6360.261174126101; 0.2773007412401726],4178.871502135836,-6360.261174126101,0.2773007412401726,3
162.48119,"Field2d",[4178.886090114566; -6360.267408955731; 0.2773317215161554],4178.886090114566,-6360.267408955731,0.2773317215161554,3
162.485036,"Field2d",[4178.88943203488; -6360.269153344909; 0.277338707264818],4178.88943203488,-6360.269153344909,0.277338707264818,3
162.489616,"Field2d",[4178.88079270436; -6360.266519865207; 0.2777504480247899],4178.88079270436,-6360.266519865207,0.2777504480247899,3
162.49343,"Field2d",[4178.873566527058; -6360.265456819869; 0.27774940682678506],4178.873566527058,-6360.265456819869,0.27774940682678506,3
162.497498,"Field2d",[4178.881688662449; -6360.268161232816; 0.2777506291026989],4178.881688662449,-6360.268161232816,0.2777506291026989,3
162.502029,"Field2d",[4178.880950244392; -6360.276535016212; 0.27774811664669297],4178.880950244392,-6360.276535016212,0.27774811664669297,3
162.504945,"Field2d",[4178.889839289684; -6360.2828075349125; 0.27774981425209627],4178.889839289684,-6360.2828075349125,0.27774981425209627,3
162.509583,"Field2d",[4178.879668800859; -6360.278590005207; 0.2701902981606142],4178.879668800859,-6360.278590005207,0.2701902981606142,3
162.513193,"Field2d",[4178.882582223434; -6360.280051336137; 0.270182839605327],4178.882582223434,-6360.280051336137,0.270182839605327,3
162.517188,"Field2d",[4178.865621906551; -6360.278091736596; 0.2702234887328617],4178.865621906551,-6360.278091736596,0.2702234887328617,3
162.521827,"Field2d",[4178.871266527375; -6360.279437522765; 0.2702096904053097],4178.871266527375,-6360.279437522765,0.2702096904053097,3
162.525346,"Field2d",[4178.868472084423; -6360.284882861477; 0.2702339307103312],4178.868472084423,-6360.284882861477,0.2702339307103312,3
162.528962,"Field2d",[4178.863184386658; -6360.283086005621; 0.2528628104042137],4178.863184386658,-6360.283086005621,0.2528628104042137,3
162.533247,"Field2d",[4178.869490835603; -6360.286318097049; 0.25276778472673334],4178.869490835603,-6360.286318097049,0.25276778472673334,3
162.537365,"Field2d",[4178.87090698762; -6360.294148109921; 0.2529094593744302],4178.87090698762,-6360.294148109921,0.2529094593744302,3
162.541049,"Field2d",[4178.857818259618; -6360.2903679970605; 0.25281875304506846],4178.857818259618,-6360.2903679970605,0.25281875304506846,3
162.545268,"Field2d",[4178.842410978772; -6360.290906260097; 0.2529042761554295],4178.842410978772,-6360.290906260097,0.2529042761554295,3
162.548964,"Field2d",[4178.854775923776; -6360.308510856032; 0.2419210893422007],4178.854775923776,-6360.308510856032,0.2419210893422007,3
162.55398,"Field2d",[4178.859395377405; -6360.312164783715; 0.24182974685413366],4178.859395377405,-6360.312164783715,0.24182974685413366,3
162.55695,"Field2d",[4178.8478758615065; -6360.307207670853; 0.24187431758638933],4178.8478758615065,-6360.307207670853,0.24187431758638933,3
162.561975,"Field2d",[4178.833621997325; -6360.305605132204; 0.2419243908780343],4178.833621997325,-6360.305605132204,0.2419243908780343,3
162.565709,"Field2d",[4178.847937627841; -6360.312276229103; 0.24186881502699975],4178.847937627841,-6360.312276229103,0.24186881502699975,3
162.570748,"Field2d",[4178.844788342428; -6360.311059557327; 0.23104961287329473],4178.844788342428,-6360.311059557327,0.23104961287329473,3
162.574266,"Field2d",[4178.83556001234; -6360.309350548717; 0.23108203100028427],4178.83556001234,-6360.309350548717,0.23108203100028427,3
162.57846,"Field2d",[4178.851586076568; -6360.319713561636; 0.231016114141695],4178.851586076568,-6360.319713561636,0.231016114141695,3
162.582098,"Field2d",[4178.856380335159; -6360.323774435543; 0.23099450205687153],4178.856380335159,-6360.323774435543,0.23099450205687153,3
162.584939,"Field2d",[4178.839164064359; -6360.3258872460865; 0.2311214730552717],4178.839164064359,-6360.3258872460865,0.2311214730552717,3
162.589211,"Field2d",[4178.844628259509; -6360.328954638966; 0.22363629742277077],4178.844628259509,-6360.328954638966,0.22363629742277077,3
162.593218,"Field2d",[4178.831903133372; -6360.325791815655; 0.22366718252408005],4178.831903133372,-6360.325791815655,0.22366718252408005,3
162.597099,"Field2d",[4178.837719347913; -6360.3280577953465; 0.22365229813809012],4178.837719347913,-6360.3280577953465,0.22365229813809012,3
162.601746,"Field2d",[4178.843038379249; -6360.330931575024; 0.22363815797131528],4178.843038379249,-6360.330931575024,0.22363815797131528,3
162.60488,"Field2d",[4178.847280906011; -6360.333838590506; 0.22362587835308548],4178.847280906011,-6360.333838590506,0.22362587835308548,3
162.609962,"Field2d",[4178.848874728512; -6360.334827235789; 0.2177053852132484],4178.848874728512,-6360.334827235789,0.2177053852132484,3
162.613267,"Field2d",[4178.846388656895; -6360.3334727100955; 0.2177107590546633],4178.846388656895,-6360.3334727100955,0.2177107590546633,3
162.617522,"Field2d",[4178.834170782645; -6360.330463314569; 0.21773464279485782],4178.834170782645,-6360.330463314569,0.21773464279485782,3
162.621623,"Field2d",[4178.833481196747; -6360.330304087364; 0.21773583698198928],4178.833481196747,-6360.330304087364,0.21773583698198928,3
162.625681,"Field2d",[4178.8268271604875; -6360.329701742088; 0.21774867449196028],4178.8268271604875,-6360.329701742088,0.21774867449196028,3
162.630349,"Field2d",[4178.859954204758; -6360.274341821647; 0.21237421981287724],4178.859954204758,-6360.274341821647,0.21237421981287724,3
162.633914,"Field2d",[4178.800077305546; -6360.260644461104; 0.21275804512228091],4178.800077305546,-6360.260644461104,0.21275804512228091,3
162.637016,"Field2d",[4178.80890105099; -6360.264578422867; 0.21274286137144696],4178.80890105099,-6360.264578422867,0.21274286137144696,3
162.640774,"Field2d",[4178.791417765692; -6360.26351610062; 0.2127704908198778],4178.791417765692,-6360.26351610062,0.2127704908198778,3
162.646203,"Field2d",[4178.872601846427; -6360.095155586999; 0.21237670895230595],4178.872601846427,-6360.095155586999,0.21237670895230595,3
162.649286,"Field2d",[4178.703554980302; -6360.041698153382; 0.21095591603879957],4178.703554980302,-6360.041698153382,0.21095591603879957,3
162.653628,"Field2d",[4178.6978069064135; -6360.0406145391735; 0.2109592205743639],4178.6978069064135,-6360.0406145391735,0.2109592205743639,3
162.657634,"Field2d",[4178.702103756676; -6360.050796898778; 0.2109659189571314],4178.702103756676,-6360.050796898778,0.2109659189571314,3
162.660831,"Field2d",[4178.705327844617; -6360.052287212719; 0.21095252219151592],4178.705327844617,-6360.052287212719,0.21095252219151592,3
162.665939,"Field2d",[4178.655633390607; -6359.861986164467; 0.2108407038551586],4178.655633390607,-6359.861986164467,0.2108407038551586,3
162.670634,"Field2d",[4178.488000854681; -6359.763902017923; 0.21179432537402165],4178.488000854681,-6359.763902017923,0.21179432537402165,3
162.673631,"Field2d",[4178.479347054734; -6359.760833855444; 0.2117920398108038],4178.479347054734,-6359.760833855444,0.2117920398108038,3
162.676818,"Field2d",[4178.462819591671; -6359.760798568579; 0.21178786274704933],4178.462819591671,-6359.760798568579,0.21178786274704933,3
162.682248,"Field2d",[4178.483075800291; -6359.782341469229; 0.211787705121983],4178.483075800291,-6359.782341469229,0.211787705121983,3
162.685175,"Field2d",[4178.477827343292; -6359.779581487384; 0.21179377368634564],4178.477827343292,-6359.779581487384,0.21179377368634564,3
162.688904,"Field2d",[4178.470406507849; -6359.784955163025; 0.21178520207438317],4178.470406507849,-6359.784955163025,0.21178520207438317,3
162.694211,"Field2d",[4178.4808260677455; -6359.793096003983; 0.21178512946595862],4178.4808260677455,-6359.793096003983,0.21178512946595862,3
162.697216,"Field2d",[4178.4756745321565; -6359.790006828149; 0.21178514276045923],4178.4756745321565,-6359.790006828149,0.21178514276045923,3
162.701051,"Field2d",[4178.473349088308; -6359.7887774886985; 0.21178514855549788],4178.473349088308,-6359.7887774886985,0.21178514855549788,3
162.705268,"Field2d",[4178.465362221612; -6359.794311327784; 0.21178520514234503],4178.465362221612,-6359.794311327784,0.21178520514234503,3
162.709116,"Field2d",[4178.451074613633; -6359.793013144928; 0.21178518407567487],4178.451074613633,-6359.793013144928,0.21178518407567487,3
162.712809,"Field2d",[4178.4657683298055; -6359.799581331337; 0.21178514194233633],4178.4657683298055,-6359.799581331337,0.21178514194233633,3
162.716986,"Field2d",[4178.476597877788; -6359.808963446073; 0.21178520943749118],4178.476597877788,-6359.808963446073,0.21178520943749118,3
162.722208,"Field2d",[4178.449473244666; -6359.804815816054; 0.2117851763035058],4178.449473244666,-6359.804815816054,0.2117851763035058,3
162.725966,"Field2d",[4178.469880926163; -6359.8219012644295; 0.21178510676304346],4178.469880926163,-6359.8219012644295,0.21178510676304346,3
162.730218,"Field2d",[4178.456114402718; -6359.816415581772; 0.21197872636350987],4178.456114402718,-6359.816415581772,0.21197872636350987,3
162.733235,"Field2d",[4178.448087624214; -6359.814695941694; 0.211978230035501],4178.448087624214,-6359.814695941694,0.211978230035501,3
162.737688,"Field2d",[4178.463412241087; -6359.82491782153; 0.21197934677351016],4178.463412241087,-6359.82491782153,0.21197934677351016,3
162.7413,"Field2d",[4178.462349037683; -6359.8242475210445; 0.2119792799601287],4178.462349037683,-6359.8242475210445,0.2119792799601287,3
162.746706,"Field2d",[4178.467379174211; -6359.828457157315; 0.21197967129566553],4178.467379174211,-6359.828457157315,0.21197967129566553,3
162.749783,"Field2d",[4178.466867299377; -6359.827994659439; 0.21159271680158245],4178.466867299377,-6359.827994659439,0.21159271680158245,3
162.753459,"Field2d",[4178.436151029267; -6359.824823749166; 0.21159161751685163],4178.436151029267,-6359.824823749166,0.21159161751685163,3
162.756923,"Field2d",[4178.458499567083; -6359.843787398236; 0.21158807327129237],4178.458499567083,-6359.843787398236,0.21158807327129237,3
162.761702,"Field2d",[4178.443730019648; -6359.837923792844; 0.21158998754295444],4178.443730019648,-6359.837923792844,0.21158998754295444,3
162.765749,"Field2d",[4178.444226875819; -6359.847183601974; 0.21159178809552104],4178.444226875819,-6359.847183601974,0.21159178809552104,3
162.770003,"Field2d",[4178.444690184283; -6359.850190049856; 0.21130522153116466],4178.444690184283,-6359.850190049856,0.21130522153116466,3
162.774024,"Field2d",[4178.442797688368; -6359.849141171884; 0.21130272161971525],4178.442797688368,-6359.849141171884,0.21130272161971525,3
162.777024,"Field2d",[4178.436767884832; -6359.8467790219565; 0.21130329744200557],4178.436767884832,-6359.8467790219565,0.21130329744200557,3
162.780966,"Field2d",[4178.444305882464; -6359.85145421028; 0.21130249690857492],4178.444305882464,-6359.85145421028,0.21130249690857492,3
162.786067,"Field2d",[4178.44103266788; -6359.849752098276; 0.21130281993083455],4178.44103266788,-6359.849752098276,0.21130281993083455,3
162.789278,"Field2d",[4178.428195184396; -6359.846837808761; 0.2108234288452969],4178.428195184396,-6359.846837808761,0.2108234288452969,3
162.792873,"Field2d",[4178.428348208118; -6359.846873103957; 0.21082340621055082],4178.428348208118,-6359.846873103957,0.21082340621055082,3
162.797382,"Field2d",[4178.446675855104; -6359.863306448995; 0.2108198525565806],4178.446675855104,-6359.863306448995,0.2108198525565806,3
162.802164,"Field2d",[4178.4312376986745; -6359.856975967912; 0.2108222518388961],4178.4312376986745,-6359.856975967912,0.2108222518388961,3
162.805107,"Field2d",[4178.413052364724; -6359.856670860571; 0.21082487746857287],4178.413052364724,-6359.856670860571,0.21082487746857287,3
162.809446,"Field2d",[4178.412027457351; -6359.856699033348; 0.21087448470283912],4178.412027457351,-6359.856699033348,0.21087448470283912,3
162.812944,"Field2d",[4178.437153938225; -6359.873616380161; 0.2108746941423488],4178.437153938225,-6359.873616380161,0.2108746941423488,3
162.818016,"Field2d",[4178.42990314407; -6359.87029722755; 0.21087463960081038],4178.42990314407,-6359.87029722755,0.21087463960081038,3
162.821835,"Field2d",[4178.429900870655; -6359.8771363527785; 0.21087460469422523],4178.429900870655,-6359.8771363527785,0.21087460469422523,3
162.825977,"Field2d",[4178.427056156882; -6359.875728941697; 0.21087465159994892],4178.427056156882,-6359.875728941697,0.21087465159994892,3
162.828975,"Field2d",[4178.412466068972; -6359.872952372684; 0.21082617773887277],4178.412466068972,-6359.872952372684,0.21082617773887277,3
162.833583,"Field2d",[4178.414868891537; -6359.873537295236; 0.21082614092333504],4178.414868891537,-6359.873537295236,0.21082614092333504,3
162.836816,"Field2d",[4178.410298125014; -6359.878703735181; 0.21082633481850563],4178.410298125014,-6359.878703735181,0.21082633481850563,3
162.84163,"Field2d",[4178.427629828263; -6359.891317674478; 0.21082584394465428],4178.427629828263,-6359.891317674478,0.21082584394465428,3
162.845824,"Field2d",[4178.415031046414; -6359.894730610377; 0.21082633236413784],4178.415031046414,-6359.894730610377,0.21082633236413784,3
162.848878,"Field2d",[4178.396699165915; -6359.894406980358; 0.21068215105551177],4178.396699165915,-6359.894406980358,0.21068215105551177,3
162.853324,"Field2d",[4178.409870952124; -6359.898481810114; 0.21068150310202888],4178.409870952124,-6359.898481810114,0.21068150310202888,3
162.85728,"Field2d",[4178.423899499606; -6359.909485620356; 0.21068066370774544],4178.423899499606,-6359.909485620356,0.21068066370774544,3
162.86096,"Field2d",[4178.402159812433; -6359.904853382613; 0.21068170926904295],4178.402159812433,-6359.904853382613,0.21068170926904295,3
162.865391,"Field2d",[4178.412258472814; -6359.909587255679; 0.21068118648839396],4178.412258472814,-6359.909587255679,0.21068118648839396,3
162.868757,"Field2d",[4178.417327373573; -6359.912878267465; 0.2106346367164676],4178.417327373573,-6359.912878267465,0.2106346367164676,3
162.872867,"Field2d",[4178.4196353361995; -6359.914577497985; 0.21063462935336008],4178.4196353361995,-6359.914577497985,0.21063462935336008,3
162.877039,"Field2d",[4178.393040983945; -6359.912238065142; 0.21063469889382283],4178.393040983945,-6359.912238065142,0.21063469889382283,3
162.882252,"Field2d",[4178.40374176503; -6359.9157671664725; 0.2106346694413912],4178.40374176503,-6359.9157671664725,0.2106346694413912,3
162.88534,"Field2d",[4178.404667524665; -6359.91609328717; 0.2106346669870225],4178.404667524665,-6359.91609328717,0.2106346669870225,3
162.88896,"Field2d",[4178.411883485351; -6359.920159856729; 0.21063462908065247],4178.411883485351,-6359.920159856729,0.21063462908065247,3
162.893706,"Field2d",[4178.387774281498; -6359.919692694085; 0.21063470257537653],4178.387774281498,-6359.919692694085,0.21063470257537653,3
162.897942,"Field2d",[4178.411500032391; -6359.936406782139; 0.21063461428625965],4178.411500032391,-6359.936406782139,0.21063461428625965,3
162.901034,"Field2d",[4178.414119605805; -6359.938537739811; 0.21063460426425154],4178.414119605805,-6359.938537739811,0.21063460426425154,3
162.905088,"Field2d",[4178.406901808204; -6359.9344701347245; 0.210634629080652],4178.406901808204,-6359.9344701347245,0.210634629080652,3
162.909923,"Field2d",[4178.403342548608; -6359.932878882613; 0.21068296931495628],4178.403342548608,-6359.932878882613,0.21068296931495628,3
162.91377,"Field2d",[4178.40272938615; -6359.932614582832; 0.2106844977052351],4178.40272938615,-6359.932614582832,0.2106844977052351,3
162.916941,"Field2d",[4178.3979213189605; -6359.939371985005; 0.2106827488307845],4178.3979213189605,-6359.939371985005,0.2106827488307845,3
162.92096,"Field2d",[4178.401425788048; -6359.941054056993; 0.21068297831431007],4178.401425788048,-6359.941054056993,0.21068297831431007,3
162.925547,"Field2d",[4178.400311211631; -6359.940563993727; 0.21068296631517142],4178.400311211631,-6359.940563993727,0.21068296631517142,3
162.930137,"Field2d",[4178.3979723299535; -6359.939665335188; 0.21097298276823626],4178.3979723299535,-6359.939665335188,0.21097298276823626,3
162.933463,"Field2d",[4178.4000221613205; -6359.9405638775015; 0.21097319179868784],4178.4000221613205,-6359.9405638775015,0.21097319179868784,3
162.937316,"Field2d",[4178.399805921271; -6359.940470467587; 0.2109731768679361],4178.399805921271,-6359.940470467587,0.2109731768679361,3
162.942113,"Field2d",[4178.389477522759; -6359.938454529043; 0.2109721765079461],4178.389477522759,-6359.938454529043,0.2109721765079461,3
162.945212,"Field2d",[4178.394539540069; -6359.940027828806; 0.2109726841533172],4178.394539540069,-6359.940027828806,0.2109726841533172,3
162.949395,"Field2d",[4178.4070301213; -6359.947727987447; 0.21063082644453576],4178.4070301213,-6359.947727987447,0.21063082644453576,3
162.952816,"Field2d",[4178.383427926178; -6359.946110143724; 0.2106333074709765],4178.383427926178,-6359.946110143724,0.2106333074709765,3
162.957241,"Field2d",[4178.390712585611; -6359.947748749884; 0.21063251880032283],4178.390712585611,-6359.947748749884,0.21063251880032283,3
162.961914,"Field2d",[4178.402413087093; -6359.954036172096; 0.21063113862667146],4178.402413087093,-6359.954036172096,0.21063113862667146,3
162.966292,"Field2d",[4178.403404100169; -6359.95459887247; 0.2106310236122064],4178.403404100169,-6359.95459887247,0.2106310236122064,3
162.969234,"Field2d",[4178.3862368810105; -6359.951853975374; 0.2105865334651524],4178.3862368810105,-6359.951853975374,0.2105865334651524,3
162.974043,"Field2d",[4178.378188082961; -6359.951904808443; 0.21058665168393648],4178.378188082961,-6359.951904808443,0.21058665168393648,3
162.977059,"Field2d",[4178.404549837673; -6359.974064810195; 0.21058673745050763],4178.404549837673,-6359.974064810195,0.21058673745050763,3
162.98148,"Field2d",[4178.3879240034785; -6359.97619785069; 0.21058667718210802],4178.3879240034785,-6359.97619785069,0.21058667718210802,3
162.985136,"Field2d",[4178.380478922802; -6359.974579389757; 0.21058649174087324],4178.380478922802,-6359.974579389757,0.21058649174087324,3
162.989723,"Field2d",[4178.378033956773; -6359.9742160118585; 0.21063488965285532],4178.378033956773,-6359.9742160118585,0.21063488965285532,3
162.993213,"Field2d",[4178.398757608647; -6359.991863615657; 0.21063477784270038],4178.398757608647,-6359.991863615657,0.21063477784270038,3
162.997845,"Field2d",[4178.398365412122; -6359.991536727745; 0.2106351214543968],4178.398365412122,-6359.991536727745,0.2106351214543968,3
163.001357,"Field2d",[4178.3919358949015; -6359.987671037106; 0.2106350560045495],4178.3919358949015,-6359.987671037106,0.2106350560045495,3
163.004938,"Field2d",[4178.3868971212905; -6359.985372782134; 0.21063500828070328],4178.3868971212905,-6359.985372782134,0.21063500828070328,3
163.009318,"Field2d",[4178.396045226311; -6359.991974842754; 0.2102463848155193],4178.396045226311,-6359.991974842754,0.2102463848155193,3
163.014346,"Field2d",[4178.401827293697; -6359.997860538213; 0.21025017695237272],4178.401827293697,-6359.997860538213,0.21025017695237272,3
163.01698,"Field2d",[4178.392408403696; -6359.991878313634; 0.21024672106410247],4178.392408403696,-6359.991878313634,0.21024672106410247,3
163.021085,"Field2d",[4178.389078054462; -6359.99010773813; 0.21024716939553623],4178.389078054462,-6359.99010773813,0.21024716939553623,3
163.025615,"Field2d",[4178.380811379058; -6359.987451444689; 0.2102481968217879],4178.380811379058,-6359.987451444689,0.2102481968217879,3
163.029101,"Field2d",[4178.382259549454; -6359.997442895799; 0.210491695068857],4178.382259549454,-6359.997442895799,0.210491695068857,3
163.034016,"Field2d",[4178.372305184286; -6359.995486608486; 0.2104924761036956],4178.372305184286,-6359.995486608486,0.2104924761036956,3
163.036995,"Field2d",[4178.360735706245; -6359.995968233934; 0.2104915730321669],4178.360735706245,-6359.995968233934,0.2104915730321669,3
163.041017,"Field2d",[4178.382952112146; -6360.007205730002; 0.21049351341558883],4178.382952112146,-6360.007205730002,0.21049351341558883,3
163.04543,"Field2d",[4178.390418896445; -6360.01302619038; 0.2104942456357551],4178.390418896445,-6360.01302619038,0.2104942456357551,3
163.049568,"Field2d",[4178.364577335514; -6360.014238680459; 0.21053904503333742],4178.364577335514,-6360.014238680459,0.21053904503333742,3
163.05444,"Field2d",[4178.371001803503; -6360.021043718844; 0.21053902621650583],4178.371001803503,-6360.021043718844,0.21053902621650583,3
163.05794,"Field2d",[4178.378770459962; -6360.025889243576; 0.21053961267440444],4178.378770459962,-6360.025889243576,0.21053961267440444,3
163.061033,"Field2d",[4178.383137908241; -6360.029350249295; 0.21053972243925453],4178.383137908241,-6360.029350249295,0.21053972243925453,3
163.065849,"Field2d",[4178.373454525717; -6360.024675848301; 0.2105395091818331],4178.373454525717,-6360.024675848301,0.2105395091818331,3
163.068862,"Field2d",[4178.365671145489; -6360.022416415846; 0.2107320176347925],4178.365671145489,-6360.022416415846,0.2107320176347925,3
163.074525,"Field2d",[4178.36671999231; -6360.0227463754645; 0.21073208158474413],4178.36671999231,-6360.0227463754645,0.21073208158474413,3
163.077438,"Field2d",[4178.381370181675; -6360.0349776876565; 0.21073318700538846],4178.381370181675,-6360.0349776876565,0.21073318700538846,3
163.081649,"Field2d",[4178.35563517983; -6360.030781447951; 0.21073167047789554],4178.35563517983,-6360.030781447951,0.21073167047789554,3
163.084911,"Field2d",[4178.369158366374; -6360.046705676358; 0.2107310857925971],4178.369158366374,-6360.046705676358,0.2107310857925971,3
163.088797,"Field2d",[4178.348500415574; -6360.0433010180695; 0.21077879491311224],4178.348500415574,-6360.0433010180695,0.21077879491311224,3
163.094474,"Field2d",[4178.351257481966; -6360.043923071183; 0.21077883295583721],4178.351257481966,-6360.043923071183,0.21077883295583721,3
163.097064,"Field2d",[4178.362403839987; -6360.04971557647; 0.21077900203460995],4178.362403839987,-6360.04971557647,0.21077900203460995,3
163.102218,"Field2d",[4178.483833377969; -6359.914470913723; 0.21078226314141005],4178.483833377969,-6359.914470913723,0.21078226314141005,3
163.105878,"Field2d",[4178.354092181435; -6359.803351875254; 0.21077915209201603],4178.354092181435,-6359.803351875254,0.21077915209201603,3
163.110187,"Field2d",[4178.349848550128; -6359.80025635839; 0.21053555860180634],4178.349848550128,-6359.80025635839,0.21053555860180634,3
163.113238,"Field2d",[4178.346114912894; -6359.798011046863; 0.21053591175826555],4178.346114912894,-6359.798011046863,0.21053591175826555,3
163.117459,"Field2d",[4178.323525901387; -6359.796259589258; 0.21053772799151413],4178.323525901387,-6359.796259589258,0.21053772799151413,3
163.12128,"Field2d",[4178.32321270864; -6359.79623733104; 0.2105377532169848],4178.32321270864,-6359.79623733104,0.2105377532169848,3
163.12576,"Field2d",[4178.338070351857; -6359.802545285081; 0.21053645410569558],4178.338070351857,-6359.802545285081,0.21053645410569558,3
163.130035,"Field2d",[4178.327262737759; -6359.800077867235; 0.2108766930897668],4178.327262737759,-6359.800077867235,0.2108766930897668,3
163.133147,"Field2d",[4178.335309910375; -6359.803514054203; 0.21087762847714545],4178.335309910375,-6359.803514054203,0.21087762847714545,3
163.138224,"Field2d",[4178.3241356454155; -6359.8015829009055; 0.21087640913287417],4178.3241356454155,-6359.8015829009055,0.21087640913287417,3
163.141739,"Field2d",[4178.323865227203; -6359.807569279532; 0.2108756073722508],4178.323865227203,-6359.807569279532,0.2108756073722508,3
163.14529,"Field2d",[4178.334825823444; -6359.818780762777; 0.21087508956850565],4178.334825823444,-6359.818780762777,0.21087508956850565,3
163.150602,"Field2d",[4178.32976017994; -6359.816514144665; 0.21082602788599436],4178.32976017994,-6359.816514144665,0.21082602788599436,3
163.153571,"Field2d",[4178.315101442012; -6359.814750775345; 0.21082624577944384],4178.315101442012,-6359.814750775345,0.21082624577944384,3
163.157864,"Field2d",[4178.311217124584; -6359.81459493451; 0.21082630372982877],4178.311217124584,-6359.81459493451,0.21082630372982877,3
163.160776,"Field2d",[4178.323882948454; -6359.81869052915; 0.210826106698518],4178.323882948454,-6359.81869052915,0.210826106698518,3
163.165696,"Field2d",[4178.3291611363775; -6359.821122518845; 0.21082601861393396],4178.3291611363775,-6359.821122518845,0.21082601861393396,3
163.169617,"Field2d",[4178.340143683715; -6359.830893994052; 0.21073042911246145],4178.340143683715,-6359.830893994052,0.21073042911246145,3
163.17448,"Field2d",[4178.335233133867; -6359.827499949344; 0.21072932928232466],4178.335233133867,-6359.827499949344,0.21072932928232466,3
163.177452,"Field2d",[4178.3288989562625; -6359.824361580336; 0.21072955631148504],4178.3288989562625,-6359.824361580336,0.21072955631148504,3
163.182052,"Field2d",[4178.324949474306; -6359.822815369725; 0.21072969252897383],4178.324949474306,-6359.822815369725,0.21072969252897383,3
163.185763,"Field2d",[4178.314001702572; -6359.826868725765; 0.21073031812042853],4178.314001702572,-6359.826868725765,0.21073031812042853,3
163.188867,"Field2d",[4178.309291232936; -6359.826318729162; 0.21058600652570497],4178.309291232936,-6359.826318729162,0.21058600652570497,3
163.19307,"Field2d",[4178.321203302633; -6359.831095088629; 0.21058537479833103],4178.321203302633,-6359.831095088629,0.21058537479833103,3
163.197134,"Field2d",[4178.320285384356; -6359.830748388229; 0.210585428726275],4178.320285384356,-6359.830748388229,0.210585428726275,3
163.201276,"Field2d",[4178.322551189143; -6359.831738376274; 0.21058530546239668],4178.322551189143,-6359.831738376274,0.21058530546239668,3
163.204912,"Field2d",[4178.331567661427; -6359.838489804173; 0.2105847507749452],4178.331567661427,-6359.838489804173,0.2105847507749452,3
163.209199,"Field2d",[4178.322755583451; -6359.834253745521; 0.21058698172842716],4178.322755583451,-6359.834253745521,0.21058698172842716,3
163.213002,"Field2d",[4178.319166984554; -6359.832864918662; 0.21058696045722636],4178.319166984554,-6359.832864918662,0.21058696045722636,3
163.217616,"Field2d",[4178.316551928786; -6359.8320187149875; 0.21058694450382642],4178.316551928786,-6359.8320187149875,0.21058694450382642,3
163.221178,"Field2d",[4178.315649914093; -6359.831745926868; 0.21058693918602645],4178.315649914093,-6359.831745926868,0.21058693918602645,3
163.225834,"Field2d",[4178.32244453079; -6359.83501212548; 0.21058698172842719],4178.32244453079,-6359.83501212548,0.21058698172842719,3
163.230217,"Field2d",[4178.32500992104; -6359.836422853124; 0.2104416120278398],4178.32500992104,-6359.836422853124,0.2104416120278398,3
163.233852,"Field2d",[4178.331088056285; -6359.841145567932; 0.21044130802694067],4178.331088056285,-6359.841145567932,0.21044130802694067,3
163.236988,"Field2d",[4178.305469894431; -6359.837760858746; 0.21044232549934752],4178.305469894431,-6359.837760858746,0.21044232549934752,3
163.242557,"Field2d",[4178.326263906051; -6359.8545164632405; 0.21044127080233865],4178.326263906051,-6359.8545164632405,0.21044127080233865,3
163.245906,"Field2d",[4178.3267780285105; -6359.854942371309; 0.21044124598593547],4178.3267780285105,-6359.854942371309,0.21044124598593547,3
163.24957,"Field2d",[4178.302284141997; -6359.849880579547; 0.21034635038920024],4178.302284141997,-6359.849880579547,0.21034635038920024,3
163.253796,"Field2d",[4178.318038310442; -6359.860499694817; 0.21034562675932683],4178.318038310442,-6359.860499694817,0.21034562675932683,3
163.257494,"Field2d",[4178.297190769456; -6359.857126577413; 0.21034642749730056],4178.297190769456,-6359.857126577413,0.21034642749730056,3
163.261311,"Field2d",[4178.293356682896; -6359.856813100574; 0.21034657578211158],4178.293356682896,-6359.856813100574,0.21034657578211158,3
163.265328,"Field2d",[4178.315100369493; -6359.872831127756; 0.21034555558261656],4178.315100369493,-6359.872831127756,0.21034555558261656,3
163.268802,"Field2d",[4178.300860392377; -6359.868016168125; 0.21039556478802218],4178.300860392377,-6359.868016168125,0.21039556478802218,3
163.272752,"Field2d",[4178.314009119523; -6359.8784216429485; 0.21039589305991013],4178.314009119523,-6359.8784216429485,0.21039589305991013,3
163.276979,"Field2d",[4178.296121513368; -6359.873133741404; 0.2103955279724845],4178.296121513368,-6359.873133741404,0.2103955279724845,3
163.281985,"Field2d",[4178.305098502077; -6359.87799761656; 0.21039573045794757],4178.305098502077,-6359.87799761656,0.21039573045794757,3
163.285459,"Field2d",[4178.298618055839; -6359.875595351952; 0.21039559239967698],4178.298618055839,-6359.875595351952,0.21039559239967698,3
163.290099,"Field2d",[4178.300320535791; -6359.876347705452; 0.21049160425719157],4178.300320535791,-6359.876347705452,0.21049160425719157,3
163.292687,"Field2d",[4178.3076820663655; -6359.881368761658; 0.21049180244751042],4178.3076820663655,-6359.881368761658,0.21049180244751042,3
163.297781,"Field2d",[4178.301932699819; -6359.878472216945; 0.21049165988955784],4178.301932699819,-6359.878472216945,0.21049165988955784,3
163.301567,"Field2d",[4178.29592985681; -6359.876373094641; 0.21049151733161248],4178.29592985681,-6359.876373094641,0.21049151733161248,3
163.305158,"Field2d",[4178.293633463524; -6359.875694572668; 0.21049146517626707],4178.293633463524,-6359.875694572668,0.21049146517626707,3
163.308938,"Field2d",[4178.284176949376; -6359.874914968906; 0.21049105031968285],4178.284176949376,-6359.874914968906,0.21049105031968285,3
163.314193,"Field2d",[4178.295586894406; -6359.878812786265; 0.21049325107078595],4178.295586894406,-6359.878812786265,0.21049325107078595,3
163.317921,"Field2d",[4178.287325364799; -6359.877497674076; 0.21049108304460606],4178.287325364799,-6359.877497674076,0.21049108304460606,3
163.322313,"Field2d",[4178.350198733627; -6359.650448742838; 0.21049312835232434],4178.350198733627,-6359.650448742838,0.21049312835232434,3
163.325139,"Field2d",[4178.1285547719135; -6359.588808102021; 0.21049113213199178],4178.1285547719135,-6359.588808102021,0.21049113213199178,3
163.328747,"Field2d",[4178.1342708007605; -6359.591354915789; 0.21053931746832383],4178.1342708007605,-6359.591354915789,0.21053931746832383,3
163.333107,"Field2d",[4178.1358227039145; -6359.592113343575; 0.21053934296649315],4178.1358227039145,-6359.592113343575,0.21053934296649315,3
163.337935,"Field2d",[4178.13544763516; -6359.59875926559; 0.2105392641539705],4178.13544763516,-6359.59875926559,0.2105392641539705,3
163.340776,"Field2d",[4178.12979095032; -6359.596211349167; 0.2105393221043563],4178.12979095032,-6359.596211349167,0.2105393221043563,3
163.346059,"Field2d",[4178.11243912215; -6359.595048415888; 0.21053906480464502],4178.11243912215,-6359.595048415888,0.21053906480464502,3
163.34984,"Field2d",[4178.137456563632; -6359.6166308152; 0.21073085801348856],4178.137456563632,-6359.6166308152,0.21073085801348856,3
163.352789,"Field2d",[4178.120261943203; -6359.610576103568; 0.21073198272821303],4178.120261943203,-6359.610576103568,0.21073198272821303,3
163.356884,"Field2d",[4178.122086984015; -6359.611302673201; 0.21073207844860997],4178.122086984015,-6359.611302673201,0.21073207844860997,3
163.362064,"Field2d",[4178.1253372710435; -6359.612883864978; 0.21073226191270933],4178.1253372710435,-6359.612883864978,0.21073226191270933,3
163.365038,"Field2d",[4178.116264421771; -6359.610464949327; 0.21073178331070827],4178.116264421771,-6359.610464949327,0.21073178331070827,3
163.369672,"Field2d",[4178.110539927818; -6359.609794066555; 0.21092346784553762],4178.110539927818,-6359.609794066555,0.21092346784553762,3
163.373399,"Field2d",[4178.1318408225125; -6359.626884409053; 0.21092534216552747],4178.1318408225125,-6359.626884409053,0.21092534216552747,3
163.376909,"Field2d",[4178.127826733251; -6359.624265798377; 0.21092500823495852],4178.127826733251,-6359.624265798377,0.21092500823495852,3
163.382119,"Field2d",[4178.133283123575; -6359.6291256896875; 0.2109255145167999],4178.133283123575,-6359.6291256896875,0.2109255145167999,3
163.385829,"Field2d",[4178.110459620001; -6359.623397757309; 0.2109238879517376],4178.110459620001,-6359.623397757309,0.2109238879517376,3
163.389506,"Field2d",[4178.11903676598; -6359.635818246642; 0.2112104665152397],4178.11903676598,-6359.635818246642,0.2112104665152397,3
163.393501,"Field2d",[4178.114277824271; -6359.633765113785; 0.21121266399386135],4178.114277824271,-6359.633765113785,0.21121266399386135,3
163.398055,"Field2d",[4178.104592103686; -6359.631739207872; 0.21121178778402952],4178.104592103686,-6359.631739207872,0.21121178778402952,3
163.401938,"Field2d",[4178.111819199704; -6359.63449777026; 0.21121248318864924],4178.111819199704,-6359.63449777026,0.21121248318864924,3
163.40593,"Field2d",[4178.093335590782; -6359.634759819259; 0.21121084203373772],4178.093335590782,-6359.634759819259,0.21121084203373772,3
163.408943,"Field2d",[4178.118515046529; -6359.653283104204; 0.21091835982586546],4178.118515046529,-6359.653283104204,0.21091835982586546,3
163.413755,"Field2d",[4178.111336762683; -6359.649641591118; 0.21091913520200697],4178.111336762683,-6359.649641591118,0.21091913520200697,3
163.416936,"Field2d",[4178.090746197258; -6359.648668120552; 0.21092112685449568],4178.090746197258,-6359.648668120552,0.21092112685449568,3
163.421514,"Field2d",[4178.114130634259; -6359.66637200749; 0.21091828380859745],4178.114130634259,-6359.66637200749,0.21091828380859745,3
163.42486,"Field2d",[4178.118853521072; -6359.671088850402; 0.2109215373477551],4178.118853521072,-6359.671088850402,0.2109215373477551,3
163.428808,"Field2d",[4178.096893344859; -6359.663736136986; 0.2107774204663202],4178.096893344859,-6359.663736136986,0.2107774204663202,3
163.432881,"Field2d",[4178.091203436697; -6359.66255774983; 0.21077767019839702],4178.091203436697,-6359.66255774983,0.21077767019839702,3
163.437441,"Field2d",[4178.086795423015; -6359.66205611536; 0.21077786593435016],4178.086795423015,-6359.66205611536,0.21077786593435016,3
163.441838,"Field2d",[4178.0911397055625; -6359.6629558207305; 0.2107776769479144],4178.0911397055625,-6359.6629558207305,0.2107776769479144,3
163.445448,"Field2d",[4178.095420922873; -6359.664261075574; 0.21077748121196735],4178.095420922873,-6359.664261075574,0.21077748121196735,3
163.44906,"Field2d",[4178.091933732826; -6359.663595657124; 0.2106338421144227],4178.091933732826,-6359.663595657124,0.2106338421144227,3
163.453044,"Field2d",[4178.112669071942; -6359.68475325393; 0.21063432889765513],4178.112669071942,-6359.68475325393,0.21063432889765513,3
163.457552,"Field2d",[4178.103143337016; -6359.6787192136735; 0.2106330045609086],4178.103143337016,-6359.6787192136735,0.2106330045609086,3
163.461849,"Field2d",[4178.092248992674; -6359.6749995634955; 0.21063353429560472],4178.092248992674,-6359.6749995634955,0.21063353429560472,3
163.465123,"Field2d",[4178.084501941855; -6359.67368434709; 0.21063389222445256],4178.084501941855,-6359.67368434709,0.21063389222445256,3
163.469159,"Field2d",[4178.10631356486; -6359.693890361125; 0.21073079972222028],4178.10631356486,-6359.693890361125,0.21073079972222028,3
163.472819,"Field2d",[4178.083819070275; -6359.687679299003; 0.2107312856873347],4178.083819070275,-6359.687679299003,0.2107312856873347,3
163.476892,"Field2d",[4178.080507897885; -6359.68700732957; 0.2107311866944444],4178.080507897885,-6359.68700732957,0.2107311866944444,3
163.481443,"Field2d",[4178.099749877391; -6359.704152138543; 0.21073077722383535],4178.099749877391,-6359.704152138543,0.21073077722383535,3
163.484995,"Field2d",[4178.094770050866; -6359.7007162169; 0.2107317536537434],4178.094770050866,-6359.7007162169,0.2107317536537434,3
163.490741,"Field2d",[4178.076452706824; -6359.696630644474; 0.21063422533690584],4178.076452706824,-6359.696630644474,0.21063422533690584,3
163.493863,"Field2d",[4178.084755249093; -6359.700186238005; 0.21063400389825843],4178.084755249093,-6359.700186238005,0.21063400389825843,3
163.497267,"Field2d",[4178.09613505284; -6359.710019903599; 0.21063461476349854],4178.09613505284,-6359.710019903599,0.21063461476349854,3
163.501976,"Field2d",[4178.06761062936; -6359.7064665875605; 0.21063433605623283],4178.06761062936,-6359.7064665875605,0.21063433605623283,3
163.505065,"Field2d",[4178.07202122821; -6359.7074364232885; 0.21063422533690584],4178.07202122821,-6359.7074364232885,0.21063422533690584,3
163.508754,"Field2d",[4178.083953472134; -6359.714928145902; 0.2105378977520594],4178.083953472134,-6359.714928145902,0.2105378977520594,3
163.513584,"Field2d",[4178.077187246072; -6359.711991058079; 0.21053808680667088],4178.077187246072,-6359.711991058079,0.21053808680667088,3
163.51699,"Field2d",[4178.087792372698; -6359.7207765593275; 0.21053773283207947],4178.087792372698,-6359.7207765593275,0.21053773283207947,3
163.52206,"Field2d",[4178.080129316911; -6359.716473287673; 0.21053795406619943],4178.080129316911,-6359.716473287673,0.21053795406619943,3
163.526192,"Field2d",[4178.083660575645; -6359.718885766911; 0.21053784948279572],4178.083660575645,-6359.718885766911,0.21053784948279572,3
163.529916,"Field2d",[4178.068117567802; -6359.714810832916; 0.2103314630715674],4178.068117567802,-6359.714810832916,0.2103314630715674,3
163.533433,"Field2d",[4178.060099323815; -6359.714077069577; 0.21034608374925057],4178.060099323815,-6359.714077069577,0.21034608374925057,3
163.537651,"Field2d",[4178.076592352937; -6359.72245601543; 0.2103447775475629],4178.076592352937,-6359.72245601543,0.2103447775475629,3
163.542247,"Field2d",[4178.163536268388; -6359.571267666834; 0.2103284884441918],4178.163536268388,-6359.571267666834,0.2103284884441918,3
163.545761,"Field2d",[4177.975886406083; -6359.546203364085; 0.2103459410549409],4177.975886406083,-6359.546203364085,0.2103459410549409,3
163.550206,"Field2d",[4177.988799028906; -6359.551275578737; 0.2095248549989366],4177.988799028906,-6359.551275578737,0.2095248549989366,3
163.554249,"Field2d",[4177.979922762484; -6359.549574319399; 0.20952715167501665],4177.979922762484,-6359.549574319399,0.20952715167501665,3
163.556872,"Field2d",[4177.99415866775; -6359.557845904565; 0.2095229612485397],4177.99415866775,-6359.557845904565,0.2095229612485397,3
163.561232,"Field2d",[4177.994294316157; -6359.557925306821; 0.2095228806634246],4177.994294316157,-6359.557925306821,0.2095228806634246,3
163.564904,"Field2d",[4177.977367458887; -6359.560544217448; 0.2095295289361383],4177.977367458887,-6359.560544217448,0.2095295289361383,3
163.569601,"Field2d",[4177.97716714143; -6359.560497771665; 0.2098218738357201],4177.97716714143,-6359.560497771665,0.2098218738357201,3
163.574734,"Field2d",[4177.9772053305505; -6359.560506749893; 0.2098218738357201],4177.9772053305505,-6359.560506749893,0.2098218738357201,3
163.576947,"Field2d",[4177.9717862380285; -6359.5598715008555; 0.20982134648720008],4177.9717862380285,-6359.5598715008555,0.20982134648720008,3
163.580858,"Field2d",[4177.976643104465; -6359.567376674376; 0.20982121088329336],4177.976643104465,-6359.567376674376,0.20982121088329336,3
163.585501,"Field2d",[4177.979973304632; -6359.568675958901; 0.20982250665392282],4177.979973304632,-6359.568675958901,0.20982250665392282,3
163.590002,"Field2d",[4177.979022386876; -6359.576514132701; 0.20948338413514822],4177.979022386876,-6359.576514132701,0.20948338413514822,3
163.593578,"Field2d",[4177.990365857949; -6359.58548971242; 0.20947978439356835],4177.990365857949,-6359.58548971242,0.20947978439356835,3
163.597245,"Field2d",[4177.972623527089; -6359.580227107741; 0.20948171516405184],4177.972623527089,-6359.580227107741,0.20948171516405184,3
163.600903,"Field2d",[4177.984066534911; -6359.587494313119; 0.20948030799234246],4177.984066534911,-6359.587494313119,0.20948030799234246,3
163.60526,"Field2d",[4177.9820878695655; -6359.586363734128; 0.20948053706680983],4177.9820878695655,-6359.586363734128,0.20948053706680983,3
163.609823,"Field2d",[4177.97499900105; -6359.583781261161; 0.20958097926537625],4177.97499900105,-6359.583781261161,0.20958097926537625,3
163.613604,"Field2d",[4177.967441580225; -6359.582314187092; 0.2095807387371877],4177.967441580225,-6359.582314187092,0.2095807387371877,3
163.617019,"Field2d",[4177.976975964625; -6359.586390970677; 0.2095810676226724],4177.976975964625,-6359.586390970677,0.2095810676226724,3
163.622664,"Field2d",[4177.977941756524; -6359.586829042863; 0.20958109707510436],4177.977941756524,-6359.586829042863,0.20958109707510436,3
163.625816,"Field2d",[4177.981079105393; -6359.595852526367; 0.20958036076432277],4177.981079105393,-6359.595852526367,0.20958036076432277,3
163.629353,"Field2d",[4177.983212499449; -6359.597429398183; 0.20953110832277747],4177.983212499449,-6359.597429398183,0.20953110832277747,3
163.633875,"Field2d",[4177.975494004657; -6359.602063852074; 0.20953175054940226],4177.975494004657,-6359.602063852074,0.20953175054940226,3
163.637381,"Field2d",[4177.964296327001; -6359.600679160661; 0.2095317873649422],4177.964296327001,-6359.600679160661,0.2095317873649422,3
163.641877,"Field2d",[4177.974828629721; -6359.607384152401; 0.2095312024069339],4177.974828629721,-6359.607384152401,0.2095312024069339,3
163.645984,"Field2d",[4177.97499399853; -6359.607489910925; 0.20953119831631725],4177.97499399853,-6359.607489910925,0.20953119831631725,3
163.650276,"Field2d",[4177.963860869597; -6359.603753992315; 0.20953240457063285],4177.963860869597,-6359.603753992315,0.20953240457063285,3
163.653969,"Field2d",[4177.9775824856915; -6359.615014572976; 0.2095325496511275],4177.9775824856915,-6359.615014572976,0.2095325496511275,3
163.65792,"Field2d",[4177.959748662131; -6359.609412192015; 0.2095323955031021],4177.959748662131,-6359.609412192015,0.2095323955031021,3
163.661636,"Field2d",[4177.974605321195; -6359.622009529487; 0.2095325574232971],4177.974605321195,-6359.622009529487,0.2095325574232971,3
163.665165,"Field2d",[4177.96394090767; -6359.616731149566; 0.20953245768045642],4177.96394090767,-6359.616731149566,0.20953245768045642,3
163.670446,"Field2d",[4177.948297297206; -6359.614445982595; 0.20958020082126036],4177.948297297206,-6359.614445982595,0.20958020082126036,3
163.673902,"Field2d",[4177.968838512765; -6359.631440084358; 0.20958014218910567],4177.968838512765,-6359.631440084358,0.20958014218910567,3
163.677227,"Field2d",[4177.9672767510365; -6359.630250605174; 0.20958030785903017],4177.9672767510365,-6359.630250605174,0.20958030785903017,3
163.682223,"Field2d",[4177.972635732163; -6359.635882484647; 0.20958016741456695],4177.972635732163,-6359.635882484647,0.20958016741456695,3
163.685152,"Field2d",[4177.96267404901; -6359.6295236062715; 0.20958029081480017],4177.96267404901,-6359.6295236062715,0.20958029081480017,3
163.689881,"Field2d",[4177.9431472619535; -6359.626622219499; 0.20958017859558264],4177.9431472619535,-6359.626622219499,0.20958017859558264,3
163.693111,"Field2d",[4177.963720824149; -6359.64383921996; 0.20958013755307456],4177.963720824149,-6359.64383921996,0.20958013755307456,3
163.697669,"Field2d",[4177.958171972892; -6359.6403410335115; 0.2095802401593447],4177.958171972892,-6359.6403410335115,0.2095802401593447,3
163.701439,"Field2d",[4177.946183490426; -6359.63656495807; 0.20958020198026783],4177.946183490426,-6359.63656495807,0.20958020198026783,3
163.70498,"Field2d",[4177.93956097293; -6359.635444530359; 0.20958018145901383],4177.93956097293,-6359.635444530359,0.20958018145901383,3
163.710084,"Field2d",[4177.959843693512; -6359.6540320846925; 0.20962915178444852],4177.959843693512,-6359.6540320846925,0.20962915178444852,3
163.713509,"Field2d",[4177.9470094594335; -6359.647834751463; 0.20962881676304462],4177.9470094594335,-6359.647834751463,0.20962881676304462,3
163.717148,"Field2d",[4177.954711771829; -6359.653662324347; 0.2096290450193856],4177.954711771829,-6359.653662324347,0.2096290450193856,3
163.72134,"Field2d",[4177.925576655856; -6359.652200201166; 0.20962836025036188],4177.925576655856,-6359.652200201166,0.20962836025036188,3
163.725129,"Field2d",[4177.9498947956035; -6359.672816173977; 0.2096281651280058],4177.9498947956035,-6359.672816173977,0.2096281651280058,3
163.730449,"Field2d",[4177.936423142611; -6359.667336857069; 0.20972489959273538],4177.936423142611,-6359.667336857069,0.20972489959273538,3
163.732908,"Field2d",[4177.930737723099; -6359.665790294269; 0.2097247026977795],4177.930737723099,-6359.665790294269,0.2097247026977795,3
163.737973,"Field2d",[4177.932458455546; -6359.675117922369; 0.2097242260047256],4177.932458455546,-6359.675117922369,0.2097242260047256,3
163.7422,"Field2d",[4177.928960604997; -6359.674057026224; 0.20972476487513655],4177.928960604997,-6359.674057026224,0.20972476487513655,3
163.74597,"Field2d",[4177.921383122198; -6359.672938378463; 0.20972451098427003],4177.921383122198,-6359.672938378463,0.20972451098427003,3
163.749213,"Field2d",[4177.942058369309; -6359.690632416066; 0.2097235068745333],4177.942058369309,-6359.690632416066,0.2097235068745333,3
163.753737,"Field2d",[4177.932669190169; -6359.6856246121415; 0.20972360886721117],4177.932669190169,-6359.6856246121415,0.20972360886721117,3
163.757306,"Field2d",[4177.93013840711; -6359.6844551733; 0.2097236343653805],4177.93013840711,-6359.6844551733,0.2097236343653805,3
163.762018,"Field2d",[4177.938913847929; -6359.691272554298; 0.20972352937291827],4177.938913847929,-6359.691272554298,0.20972352937291827,3
163.766166,"Field2d",[4177.909027459149; -6359.6898478204375; 0.20972381585235175],4177.909027459149,-6359.6898478204375,0.20972381585235175,3
163.769006,"Field2d",[4177.915962299188; -6359.6912325911335; 0.20962761180408943],4177.915962299188,-6359.6912325911335,0.20962761180408943,3
163.774377,"Field2d",[4177.9139060603775; -6359.690911968583; 0.20962765789168938],4177.9139060603775,-6359.690911968583,0.20962765789168938,3
163.776898,"Field2d",[4177.9142935132895; -6359.69097564877; 0.20962765080129045],4177.9142935132895,-6359.69097564877,0.20962765080129045,3
163.781499,"Field2d",[4177.9133652981145; -6359.696796191493; 0.2096278422420932],4177.9133652981145,-6359.696796191493,0.2096278422420932,3
163.786214,"Field2d",[4177.918630035814; -6359.698493637707; 0.20962749126728883],4177.918630035814,-6359.698493637707,0.20962749126728883,3
163.789014,"Field2d",[4177.919919514884; -6359.698943321749; 0.20967642777696932],4177.919919514884,-6359.698943321749,0.20967642777696932,3
163.79356,"Field2d",[4177.909991244142; -6359.697640106611; 0.20967626633401387],4177.909991244142,-6359.697640106611,0.20967626633401387,3
163.797367,"Field2d",[4177.906463078334; -6359.697434815704; 0.2096762108379977],4177.906463078334,-6359.697434815704,0.2096762108379977,3
163.801499,"Field2d",[4177.912297237628; -6359.698493921449; 0.20967630669475262],4177.912297237628,-6359.698493921449,0.20967630669475262,3
163.805187,"Field2d",[4177.92408640239; -6359.704151271619; 0.20967651606608628],4177.92408640239,-6359.704151271619,0.20967651606608628,3
163.810353,"Field2d",[4177.9301304919345; -6359.708245308153; 0.20967584493244604],4177.9301304919345,-6359.708245308153,0.20967584493244604,3
163.813505,"Field2d",[4177.907460472917; -6359.705343696356; 0.2096759345169241],4177.907460472917,-6359.705343696356,0.2096759345169241,3
163.818271,"Field2d",[4177.921458958823; -6359.722225519864; 0.20967587990720782],4177.921458958823,-6359.722225519864,0.20967587990720782,3
163.821113,"Field2d",[4177.922964981827; -6359.72342495568; 0.2096758332741912],4177.922964981827,-6359.72342495568,0.2096758332741912,3
163.825444,"Field2d",[4177.9209969675185; -6359.722059267198; 0.20967584309166867],4177.9209969675185,-6359.722059267198,0.20967584309166867,3
163.830045,"Field2d",[4177.918146803291; -6359.7203942678125; 0.20962729369056132],4177.918146803291,-6359.7203942678125,0.20962729369056132,3
163.834574,"Field2d",[4177.907089491644; -6359.717067835579; 0.20962753755941851],4177.907089491644,-6359.717067835579,0.20962753755941851,3
163.837601,"Field2d",[4177.905953298086; -6359.716755844171; 0.20962756428477283],4177.905953298086,-6359.716755844171,0.20962756428477283,3
163.84095,"Field2d",[4177.904156127421; -6359.716334519262; 0.2096276043728053],4177.904156127421,-6359.716334519262,0.2096276043728053,3
163.845435,"Field2d",[4177.919539365728; -6359.727231868419; 0.20962720349249364],4177.919539365728,-6359.727231868419,0.20962720349249364,3
163.848945,"Field2d",[4177.91297257281; -6359.724185839659; 0.2095795907059687],4177.91297257281,-6359.724185839659,0.2095795907059687,3
163.853215,"Field2d",[4177.899179764571; -6359.722113677012; 0.20957982734807148],4177.899179764571,-6359.722113677012,0.20957982734807148,3
163.858294,"Field2d",[4177.907525856088; -6359.734928841686; 0.20957992838627063],4177.907525856088,-6359.734928841686,0.20957992838627063,3
163.86095,"Field2d",[4177.905040538194; -6359.733939880969; 0.20957963058946744],4177.905040538194,-6359.733939880969,0.20957963058946744,3
163.865335,"Field2d",[4177.907906250194; -6359.7353238367095; 0.2095795774114659],4177.907906250194,-6359.7353238367095,0.2095795774114659,3
163.869942,"Field2d",[4177.90736760894; -6359.735070538212; 0.20962850274013253],4177.90736760894,-6359.735070538212,0.20962850274013253,3
163.873009,"Field2d",[4177.909315271544; -6359.736091525403; 0.20962853328339423],4177.909315271544,-6359.736091525403,0.20962853328339423,3
163.87738,"Field2d",[4177.911933565197; -6359.737680936992; 0.20962857473496443],4177.911933565197,-6359.737680936992,0.20962857473496443,3
163.881041,"Field2d",[4177.917033266233; -6359.7418038444775; 0.20962866636475125],4177.917033266233,-6359.7418038444775,0.20962866636475125,3
163.885251,"Field2d",[4177.897308631173; -6359.73652158571; 0.209628382748745],4177.897308631173,-6359.73652158571,0.209628382748745,3
163.890079,"Field2d",[4177.8902674610235; -6359.73555914357; 0.2096762492897821],4177.8902674610235,-6359.73555914357,0.2096762492897821,3
163.893619,"Field2d",[4177.899161862053; -6359.748650331869; 0.20967617279527312],4177.899161862053,-6359.748650331869,0.20967617279527312,3
163.898269,"Field2d",[4177.886169713797; -6359.746426733611; 0.20967627478795228],4177.886169713797,-6359.746426733611,0.20967627478795228,3
163.901558,"Field2d",[4177.881314169275; -6359.746081378391; 0.20967620292947498],4177.881314169275,-6359.746081378391,0.20967620292947498,3
163.906414,"Field2d",[4177.898309903461; -6359.764282684522; 0.20967611716290327],4177.898309903461,-6359.764282684522,0.20967611716290327,3
163.91001,"Field2d",[4177.892939107751; -6359.765398831825; 0.20972436235858002],4177.892939107751,-6359.765398831825,0.20972436235858002,3
163.91371,"Field2d",[4177.890012163756; -6359.764054855984; 0.20972486304990529],4177.890012163756,-6359.764054855984,0.20972486304990529,3
163.91837,"Field2d",[4177.894654707853; -6359.766846996123; 0.20972502067495208],4177.894654707853,-6359.766846996123,0.20972502067495208,3
163.921007,"Field2d",[4177.870497964845; -6359.765734355088; 0.20972430672620834],4177.870497964845,-6359.765734355088,0.20972430672620834,3
163.926029,"Field2d",[4177.889512241723; -6359.775797213697; 0.20972494186242713],4177.889512241723,-6359.775797213697,0.20972494186242713,3
163.928996,"Field2d",[4177.878182971462; -6359.773055793856; 0.20977209070498665],4177.878182971462,-6359.773055793856,0.20977209070498665,3
163.933515,"Field2d",[4177.895900221157; -6359.78859309266; 0.20977192605771394],4177.895900221157,-6359.78859309266,0.20977192605771394,3
163.937922,"Field2d",[4177.866352428838; -6359.78529617447; 0.20977202955028576],4177.866352428838,-6359.78529617447,0.20977202955028576,3
163.941551,"Field2d",[4177.875027974766; -6359.787950495464; 0.20977212049830068],4177.875027974766,-6359.787950495464,0.20977212049830068,3
163.945526,"Field2d",[4177.887298840928; -6359.796376393453; 0.20977226946488065],4177.887298840928,-6359.796376393453,0.20977226946488065,3
163.948814,"Field2d",[4177.8807953531605; -6359.793038027264; 0.209578106630686],4177.8807953531605,-6359.793038027264,0.209578106630686,3
163.954441,"Field2d",[4177.875616387666; -6359.791084939012; 0.2095784383114209],4177.875616387666,-6359.791084939012,0.2095784383114209,3
163.957661,"Field2d",[4177.87908649603; -6359.802810490329; 0.20957904481333453],4177.87908649603,-6359.802810490329,0.20957904481333453,3
163.962242,"Field2d",[4177.852904775304; -6359.80205476911; 0.2095648583544757],4177.852904775304,-6359.80205476911,0.2095648583544757,3
163.965692,"Field2d",[4177.874414068933; -6359.815112894269; 0.20957789814565106],4177.874414068933,-6359.815112894269,0.20957789814565106,3
163.968864,"Field2d",[4177.847565117374; -6359.815408505366; 0.20962820576145128],4177.847565117374,-6359.815408505366,0.20962820576145128,3
163.973711,"Field2d",[4177.873580226464; -6359.835892528129; 0.2096286948627024],4177.873580226464,-6359.835892528129,0.2096286948627024,3
163.977206,"Field2d",[4177.867120425369; -6359.832236702861; 0.20962858591597922],4177.867120425369,-6359.832236702861,0.20962858591597922,3
163.981527,"Field2d",[4177.8579411483515; -6359.829223817972; 0.20962844451703996],4177.8579411483515,-6359.829223817972,0.20962844451703996,3
163.985681,"Field2d",[4177.866978339141; -6359.834541889766; 0.20962859750605606],4177.866978339141,-6359.834541889766,0.20962859750605606,3
163.989111,"Field2d",[4177.857898152799; -6359.839212097584; 0.2095799005700849],4177.857898152799,-6359.839212097584,0.2095799005700849,3
163.993946,"Field2d",[4177.869354602099; -6359.849015471243; 0.20958001837981216],4177.869354602099,-6359.849015471243,0.20958001837981216,3
163.996948,"Field2d",[4177.86398251687; -6359.845537493837; 0.20957922316417],4177.86398251687,-6359.845537493837,0.20957922316417,3
164.002162,"Field2d",[4177.837974269909; -6359.84446154986; 0.20957983430211607],4177.837974269909,-6359.84446154986,0.20957983430211607,3
164.006096,"Field2d",[4177.844505495829; -6359.84563167416; 0.20957967967685312],4177.844505495829,-6359.84563167416,0.20957967967685312,3
164.010778,"Field2d",[4177.856400179551; -6359.851602117618; 0.20958397373222978],4177.856400179551,-6359.851602117618,0.20958397373222978,3
164.014295,"Field2d",[4177.84869945274; -6359.855045415864; 0.20958031944910832],4177.84869945274,-6359.855045415864,0.20958031944910832,3
164.017393,"Field2d",[4177.850684788928; -6359.855906929251; 0.20958045239410955],4177.850684788928,-6359.855906929251,0.20958045239410955,3
164.021222,"Field2d",[4177.844720962668; -6359.854201119909; 0.2095803859216083],4177.844720962668,-6359.854201119909,0.2095803859216083,3
164.024964,"Field2d",[4177.862771431176; -6359.873603063303; 0.20958067226468952],4177.862771431176,-6359.873603063303,0.20958067226468952,3
164.029502,"Field2d",[4177.856233995839; -6359.868624314396; 0.20957997897354994],4177.856233995839,-6359.868624314396,0.20957997897354994,3
164.03309,"Field2d",[4177.855697428847; -6359.868227109145; 0.20957998115521098],4177.855697428847,-6359.868227109145,0.20957998115521098,3
164.036868,"Field2d",[4177.848300930743; -6359.8644923453585; 0.20958001006222682],4177.848300930743,-6359.8644923453585,0.20958001006222682,3
164.041876,"Field2d",[4177.830809228059; -6359.862608358875; 0.20958007114875024],4177.830809228059,-6359.862608358875,0.20958007114875024,3
164.044788,"Field2d",[4177.847218251515; -6359.871312417047; 0.20958000678973393],4177.847218251515,-6359.871312417047,0.20958000678973393,3
164.05078,"Field2d",[4177.855814893121; -6359.878782342243; 0.20958008587496646],4177.855814893121,-6359.878782342243,0.20958008587496646,3
164.053855,"Field2d",[4177.855725738803; -6359.878705303841; 0.20958012078155125],4177.855725738803,-6359.878705303841,0.20958012078155125,3
164.056849,"Field2d",[4177.851846057354; -6359.875961458218; 0.20958009010193504],4177.851846057354,-6359.875961458218,0.20958009010193504,3
164.061042,"Field2d",[4177.822513572854; -6359.875527188233; 0.20958011560010487],4177.822513572854,-6359.875527188233,0.20958011560010487,3
164.065702,"Field2d",[4177.828081687534; -6359.876254152428; 0.20958011069136612],4177.828081687534,-6359.876254152428,0.20958011069136612,3
164.070097,"Field2d",[4177.832234869387; -6359.877193131094; 0.21097977523518044],4177.832234869387,-6359.877193131094,0.21097977523518044,3
164.07426,"Field2d",[4177.844128353259; -6359.883677762186; 0.21098581434710076],4177.844128353259,-6359.883677762186,0.21098581434710076,3
164.077029,"Field2d",[4177.839112868478; -6359.881626991036; 0.2109834267912482],4177.839112868478,-6359.881626991036,0.2109834267912482,3
164.081657,"Field2d",[4177.835294091853; -6359.88041986221; 0.21098167123543815],4177.835294091853,-6359.88041986221,0.21098167123543815,3
164.085147,"Field2d",[4177.823181278189; -6359.879720972087; 0.21097619390136915],4177.823181278189,-6359.879720972087,0.21097619390136915,3
164.090206,"Field2d",[4177.847399985991; -6359.901762284715; 0.20871286578988216],4177.847399985991,-6359.901762284715,0.20871286578988216,3
164.094137,"Field2d",[4177.824187442162; -6359.89586216037; 0.208701145358467],4177.824187442162,-6359.89586216037,0.208701145358467,3
164.097457,"Field2d",[4177.838458726446; -6359.920652362107; 0.20870238501958657],4177.838458726446,-6359.920652362107,0.20870238501958657,3
164.101768,"Field2d",[4177.835789204586; -6359.91816284914; 0.20868333931866437],4177.835789204586,-6359.91816284914,0.20868333931866437,3
164.105587,"Field2d",[4177.799751889395; -6359.917481390291; 0.20870925950332433],4177.799751889395,-6359.917481390291,0.20870925950332433,3
164.110146,"Field2d",[4177.824789493904; -6359.935387942312; 0.21600087028160558],4177.824789493904,-6359.935387942312,0.21600087028160558,3
164.113047,"Field2d",[4177.813583464621; -6359.9391345493905; 0.2159333104952221],4177.813583464621,-6359.9391345493905,0.2159333104952221,3
164.117231,"Field2d",[4177.8108908240065; -6359.938141220804; 0.2159728401574541],4177.8108908240065,-6359.938141220804,0.2159728401574541,3
164.12174,"Field2d",[4177.794443184154; -6359.937684980319; 0.21593510729800647],4177.794443184154,-6359.937684980319,0.21593510729800647,3
164.124843,"Field2d",[4177.800537670848; -6359.938631094643; 0.21594948172060618],4177.800537670848,-6359.938631094643,0.21594948172060618,3
164.128895,"Field2d",[4177.78530012846; -6359.937593863384; 0.21908558101851264],4177.78530012846,-6359.937593863384,0.21908558101851264,3
164.134391,"Field2d",[4177.869037151984; -6359.837164555691; 0.21934278930405302],4177.869037151984,-6359.837164555691,0.21934278930405302,3
164.137334,"Field2d",[4177.733016883874; -6359.826717619989; 0.21908605123477276],4177.733016883874,-6359.826717619989,0.21908605123477276,3
164.142095,"Field2d",[4177.751460522066; -6359.837023385699; 0.21910721096579747],4177.751460522066,-6359.837023385699,0.21910721096579747,3
164.145626,"Field2d",[4177.7436763063115; -6359.834271175611; 0.2190989038121884],4177.7436763063115,-6359.834271175611,0.2190989038121884,3
164.148887,"Field2d",[4177.729377795876; -6359.832405355091; 0.2191199025773485],4177.729377795876,-6359.832405355091,0.2191199025773485,3
164.154196,"Field2d",[4177.742839852603; -6359.847029422417; 0.21911968168411858],4177.742839852603,-6359.847029422417,0.21911968168411858,3
164.157884,"Field2d",[4177.7318092409; -6359.843860994227; 0.21912004677154728],4177.7318092409,-6359.843860994227,0.21912004677154728,3
164.161973,"Field2d",[4177.726751176542; -6359.8429627214455; 0.21911994552881137],4177.726751176542,-6359.8429627214455,0.21911994552881137,3
164.165453,"Field2d",[4177.723750968305; -6359.848448153501; 0.21911973077150027],4177.723750968305,-6359.848448153501,0.21911973077150027,3
164.170017,"Field2d",[4177.737047087254; -6359.856129956806; 0.21989559841452877],4177.737047087254,-6359.856129956806,0.21989559841452877,3
164.173358,"Field2d",[4177.740522281551; -6359.858555117894; 0.2198966550204973],4177.740522281551,-6359.858555117894,0.2198966550204973,3
164.177288,"Field2d",[4177.7180794874175; -6359.8552910809185; 0.2198910197886894],4177.7180794874175,-6359.8552910809185,0.2198910197886894,3
164.181301,"Field2d",[4177.736934738086; -6359.868721773244; 0.21989681155473173],4177.736934738086,-6359.868721773244,0.21989681155473173,3
164.185352,"Field2d",[4177.732021433482; -6359.866012516788; 0.2198954027467983],4177.732021433482,-6359.866012516788,0.2198954027467983,3
164.189942,"Field2d",[4177.7375814566785; -6359.868621878129; 0.21993611534681404],4177.7375814566785,-6359.868621878129,0.21993611534681404,3
164.193881,"Field2d",[4177.730796048766; -6359.874756263079; 0.21993454782297972],4177.730796048766,-6359.874756263079,0.21993454782297972,3
164.197415,"Field2d",[4177.738677387091; -6359.879380372558; 0.21993474962667484],4177.738677387091,-6359.879380372558,0.21993474962667484,3
164.200753,"Field2d",[4177.745246635801; -6359.884969481461; 0.2199345303696876],4177.745246635801,-6359.884969481461,0.2199345303696876,3
164.205498,"Field2d",[4177.718081881574; -6359.881019843459; 0.21993461981781118],4177.718081881574,-6359.881019843459,0.21993461981781118,3
164.208742,"Field2d",[4177.709520372335; -6359.880842712676; 0.21950153449899282],4177.709520372335,-6359.880842712676,0.21950153449899282,3
164.214334,"Field2d",[4177.729601838836; -6359.891467261505; 0.21949857868845737],4177.729601838836,-6359.891467261505,0.21949857868845737,3
164.216939,"Field2d",[4177.704915371191; -6359.891942344682; 0.21950177911780377],4177.704915371191,-6359.891942344682,0.21950177911780377,3
164.221363,"Field2d",[4177.712314367474; -6359.892936538817; 0.21950080064257635],4177.712314367474,-6359.892936538817,0.21950080064257635,3
164.226049,"Field2d",[4177.722195828277; -6359.896533514564; 0.21949945523914896],4177.722195828277,-6359.896533514564,0.21949945523914896,3
164.229123,"Field2d",[4177.724848102073; -6359.897735523033; 0.22042299103140517],4177.724848102073,-6359.897735523033,0.22042299103140517,3
164.233669,"Field2d",[4177.715239447943; -6359.895551422236; 0.2204201758698599],4177.715239447943,-6359.895551422236,0.2204201758698599,3
164.237815,"Field2d",[4177.725890541387; -6359.900935232056; 0.220423626713052],4177.725890541387,-6359.900935232056,0.220423626713052,3
164.24141,"Field2d",[4177.724611308207; -6359.900334462745; 0.22042317265474995],4177.724611308207,-6359.900334462745,0.22042317265474995,3
164.245138,"Field2d",[4177.712134342613; -6359.8980733138815; 0.22041954018821217],4177.712134342613,-6359.8980733138815,0.22041954018821217,3
164.249295,"Field2d",[4177.714876459161; -6359.898779981844; 0.22022072441533697],4177.714876459161,-6359.898779981844,0.22022072441533697,3
164.25421,"Field2d",[4177.722302373715; -6359.902081597532; 0.22022024458614597],4177.722302373715,-6359.902081597532,0.22022024458614597,3
164.257747,"Field2d",[4177.72058915594; -6359.901396251513; 0.22022035748713625],4177.72058915594,-6359.901396251513,0.22022035748713625,3
164.261265,"Field2d",[4177.706754829991; -6359.900066260653; 0.22022118542768976],4177.706754829991,-6359.900066260653,0.22022118542768976,3
164.264892,"Field2d",[4177.708312450012; -6359.900267016699; 0.22022109134353685],4177.708312450012,-6359.900267016699,0.22022109134353685,3
164.270118,"Field2d",[4177.726342553724; -6359.9104853735325; 0.22046450232413542],4177.726342553724,-6359.9104853735325,0.22046450232413542,3
164.272774,"Field2d",[4177.705195291711; -6359.908765930574; 0.22046291005208568],4177.705195291711,-6359.908765930574,0.22046291005208568,3
164.277401,"Field2d",[4177.707803777792; -6359.909120332749; 0.22046311056041118],4177.707803777792,-6359.909120332749,0.22046311056041118,3
164.282135,"Field2d",[4177.722524402376; -6359.916664887209; 0.22046436078884712],4177.722524402376,-6359.916664887209,0.22046436078884712,3
164.285359,"Field2d",[4177.7071526578475; -6359.9142611045945; 0.22046318132806111],4177.7071526578475,-6359.9142611045945,0.22046318132806111,3
164.290533,"Field2d",[4177.718200482769; -6359.918399341905; 0.22133221764635286],4177.718200482769,-6359.918399341905,0.22133221764635286,3
164.293079,"Field2d",[4177.719975997095; -6359.919143993608; 0.2213327183376617],4177.719975997095,-6359.919143993608,0.2213327183376617,3
164.298397,"Field2d",[4177.717762108958; -6359.926894374281; 0.22140248132953927],4177.717762108958,-6359.926894374281,0.22140248132953927,3
164.302242,"Field2d",[4177.7114741092755; -6359.927061170472; 0.22132879625562163],4177.7114741092755,-6359.927061170472,0.22132879625562163,3
164.305207,"Field2d",[4177.725250257997; -6359.937768581748; 0.22133613972843103],4177.725250257997,-6359.937768581748,0.22133613972843103,3
164.310034,"Field2d",[4177.717453532445; -6359.933318687881; 0.22122768933202108],4177.717453532445,-6359.933318687881,0.22122768933202108,3
164.314279,"Field2d",[4177.724106508354; -6359.9388822720075; 0.22122742207848045],4177.724106508354,-6359.9388822720075,0.22122742207848045,3
164.317242,"Field2d",[4177.720115939275; -6359.936166736818; 0.2212275747947849],4177.720115939275,-6359.936166736818,0.2212275747947849,3
164.321497,"Field2d",[4177.707427177984; -6359.931916054063; 0.22122798044748032],4177.707427177984,-6359.931916054063,0.22122798044748032,3
164.325857,"Field2d",[4177.706904311599; -6359.9317474847685; 0.22122799953702588],4177.706904311599,-6359.9317474847685,0.22122799953702588,3
164.33039,"Field2d",[4177.721146457109; -6359.944970148273; 0.22171546999711644],4177.721146457109,-6359.944970148273,0.22171546999711644,3
164.332902,"Field2d",[4177.719931632279; -6359.943915077153; 0.22171522796902063],4177.719931632279,-6359.943915077153,0.22171522796902063,3
164.337362,"Field2d",[4177.702357571551; -6359.937816375976; 0.22171234783486363],4177.702357571551,-6359.937816375976,0.22171234783486363,3
164.342282,"Field2d",[4177.708755976171; -6359.941163771981; 0.2217134611640556],4177.708755976171,-6359.941163771981,0.2217134611640556,3
164.345528,"Field2d",[4177.694632984657; -6359.938482126398; 0.2217112587085319],4177.694632984657,-6359.938482126398,0.2217112587085319,3
164.349231,"Field2d",[4177.704058764793; -6359.951218300717; 0.22204724965663208],4177.704058764793,-6359.951218300717,0.22204724965663208,3
164.353536,"Field2d",[4177.694901635956; -6359.947497349141; 0.22204724965663208],4177.694901635956,-6359.947497349141,0.22204724965663208,3
164.357741,"Field2d",[4177.675428535153; -6359.94774966388; 0.222044951957947],4177.675428535153,-6359.94774966388,0.222044951957947,3
164.361247,"Field2d",[4177.6960059756675; -6359.957861249629; 0.22204767930759975],4177.6960059756675,-6359.957861249629,0.22204767930759975,3
164.365742,"Field2d",[4177.685594000212; -6359.955344344726; 0.22204639035469806],4177.685594000212,-6359.955344344726,0.22204639035469806,3
164.369916,"Field2d",[4177.691697571149; -6359.957866344506; 0.2221886626412548],4177.691697571149,-6359.957866344506,0.2221886626412548,3
164.373471,"Field2d",[4177.682060705083; -6359.95600915115; 0.22218829489492672],4177.682060705083,-6359.95600915115,0.22218829489492672,3
164.376969,"Field2d",[4177.684727411558; -6359.963019155973; 0.22218815254151006],4177.684727411558,-6359.963019155973,0.22218815254151006,3
164.381295,"Field2d",[4177.679700927282; -6359.962025747984; 0.2221879508741703],4177.679700927282,-6359.962025747984,0.2221879508741703,3
164.385223,"Field2d",[4177.682321178749; -6359.962743555557; 0.2221884313169541],4177.682321178749,-6359.962743555557,0.2221884313169541,3
164.389086,"Field2d",[4177.685474049653; -6359.963851198761; 0.2220909599960249],4177.685474049653,-6359.963851198761,0.2220909599960249,3
164.394429,"Field2d",[4177.706866747746; -6359.909994189197; 0.22208503651217038],4177.706866747746,-6359.909994189197,0.22208503651217038,3
164.397215,"Field2d",[4177.640993005708; -6359.903415479149; 0.22209126051990716],4177.640993005708,-6359.903415479149,0.22209126051990716,3
164.401499,"Field2d",[4177.640921943782; -6359.90936023741; 0.2220914582329846],4177.640921943782,-6359.90936023741,0.2220914582329846,3
164.406036,"Field2d",[4177.657899360955; -6359.91979713337; 0.22209070296902125],4177.657899360955,-6359.91979713337,0.22209070296902125,3
164.408831,"Field2d",[4177.656096607155; -6359.918741540983; 0.22218823169491836],4177.656096607155,-6359.918741540983,0.22218823169491836,3
164.413473,"Field2d",[4177.658946623325; -6359.920693674161; 0.222188300689964],4177.658946623325,-6359.920693674161,0.222188300689964,3
164.417931,"Field2d",[4177.63457046917; -6359.918279736455; 0.22218782972377485],4177.63457046917,-6359.918279736455,0.22218782972377485,3
164.420785,"Field2d",[4177.642628928357; -6359.920510082072; 0.22218799171214595],4177.642628928357,-6359.920510082072,0.22218799171214595,3
164.425883,"Field2d",[4177.635895808967; -6359.919623901887; 0.22218785972162397],4177.635895808967,-6359.919623901887,0.22218785972162397,3
164.429249,"Field2d",[4177.640483458429; -6359.920912491898; 0.22238096813150487],4177.640483458429,-6359.920912491898,0.22238096813150487,3
164.434548,"Field2d",[4177.627494186843; -6359.920813395016; 0.22238006274195665],4177.627494186843,-6359.920813395016,0.22238006274195665,3
164.436974,"Field2d",[4177.648138084995; -6359.931723053535; 0.22238168807982672],4177.648138084995,-6359.931723053535,0.22238168807982672,3
164.441667,"Field2d",[4177.655619779574; -6359.93782300828; 0.2223823534866018],4177.655619779574,-6359.93782300828,0.2223823534866018,3
164.445182,"Field2d",[4177.64915451157; -6359.934031477133; 0.2223818298878272],4177.64915451157,-6359.934031477133,0.2223818298878272,3
164.448833,"Field2d",[4177.646028684629; -6359.939611842432; 0.22266740700050563],4177.646028684629,-6359.939611842432,0.22266740700050563,3
164.452829,"Field2d",[4177.639731664223; -6359.9371748351905; 0.2226695852532083],4177.639731664223,-6359.9371748351905,0.2226695852532083,3
164.457373,"Field2d",[4177.632366279583; -6359.935567904979; 0.2226688882123401],4177.632366279583,-6359.935567904979,0.2226688882123401,3
164.460747,"Field2d",[4177.6371043660965; -6359.937122164088; 0.222669338384576],4177.6371043660965,-6359.937122164088,0.222669338384576,3
164.465134,"Field2d",[4177.637141594505; -6359.937134542606; 0.22266935290626572],4177.637141594505,-6359.937134542606,0.22266935290626572,3
164.470014,"Field2d",[4177.6527877194785; -6359.97553999179; 0.22266701041532488],4177.6527877194785,-6359.97553999179,0.22266701041532488,3
164.473345,"Field2d",[4177.622892526932; -6359.959598282111; 0.22266703495901774],4177.622892526932,-6359.959598282111,0.22266703495901774,3
164.476789,"Field2d",[4177.603865775683; -6359.9577233183045; 0.22266696010075504],4177.603865775683,-6359.9577233183045,0.22266696010075504,3
164.48143,"Field2d",[4177.603357363566; -6359.957678641882; 0.22266695825997815],4177.603357363566,-6359.957678641882,0.22266695825997815,3
164.485004,"Field2d",[4177.6204395244595; -6359.976998778711; 0.2226669398522091],4177.6204395244595,-6359.976998778711,0.2226669398522091,3
164.488954,"Field2d",[4177.610523679703; -6359.973032768299; 0.22276344258357592],4177.610523679703,-6359.973032768299,0.22276344258357592,3
164.492859,"Field2d",[4177.620588990348; -6359.980492258047; 0.22276372265437713],4177.620588990348,-6359.980492258047,0.22276372265437713,3
164.497156,"Field2d",[4177.6152122747435; -6359.97747408613; 0.22276358439157726],4177.6152122747435,-6359.97747408613,0.22276358439157726,3
164.502379,"Field2d",[4177.598546782894; -6359.98030308323; 0.22276300652397107],4177.598546782894,-6359.98030308323,0.22276300652397107,3
164.505408,"Field2d",[4177.6172121200125; -6359.995634504519; 0.222763779377578],4177.6172121200125,-6359.995634504519,0.222763779377578,3
164.51015,"Field2d",[4177.597470248769; -6359.990831418424; 0.22295583568118083],4177.597470248769,-6359.990831418424,0.22295583568118083,3
164.514244,"Field2d",[4177.684842633929; -6359.770487523445; 0.22296961232855167],4177.684842633929,-6359.770487523445,0.22296961232855167,3
164.517191,"Field2d",[4177.520986538071; -6359.632160176136; 0.22295715122310952],4177.520986538071,-6359.632160176136,0.22295715122310952,3
164.522312,"Field2d",[4177.661234678614; -6359.529131633965; 0.22297127502736902],4177.661234678614,-6359.529131633965,0.22297127502736902,3
164.525542,"Field2d",[4177.4920836834835; -6359.451742521367; 0.22295637468794094],4177.4920836834835,-6359.451742521367,0.22295637468794094,3
164.528884,"Field2d",[4177.492203776901; -6359.4517962190375; 0.2229064599075746],4177.492203776901,-6359.4517962190375,0.2229064599075746,3
164.533191,"Field2d",[4177.486380506699; -6359.450021518618; 0.2229064838376756],4177.486380506699,-6359.450021518618,0.2229064838376756,3
164.537006,"Field2d",[4177.483050344737; -6359.449256362441; 0.22290649733670637],4177.483050344737,-6359.449256362441,0.22290649733670637,3
164.541554,"Field2d",[4177.471896167517; -6359.449284719419; 0.22290654090176062],4177.471896167517,-6359.449284719419,0.22290654090176062,3
164.545305,"Field2d",[4177.495746222581; -6359.464983810911; 0.2229064292279602],4177.495746222581,-6359.464983810911,0.2229064292279602,3
164.549966,"Field2d",[4177.500115750241; -6359.468639596409; 0.222808701084561],4177.500115750241,-6359.468639596409,0.222808701084561,3
164.554496,"Field2d",[4177.491363334674; -6359.463937773502; 0.22280914348462297],4177.491363334674,-6359.463937773502,0.22280914348462297,3
164.557473,"Field2d",[4177.477436039588; -6359.461087978534; 0.22280978250692962],4177.477436039588,-6359.461087978534,0.22280978250692962,3
164.561062,"Field2d",[4177.476780234496; -6359.4609632005995; 0.22280981059582572],4177.476780234496,-6359.4609632005995,0.22280981059582572,3
164.566083,"Field2d",[4177.494768117657; -6359.474677688868; 0.2228087993956857],4177.494768117657,-6359.474677688868,0.2228087993956857,3
164.569077,"Field2d",[4177.485141398474; -6359.4700775176525; 0.22276247474396213],4177.485141398474,-6359.4700775176525,0.22276247474396213,3
164.574232,"Field2d",[4177.485529436109; -6359.470267148327; 0.22276247044881567],4177.485529436109,-6359.470267148327,0.22276247044881567,3
164.577288,"Field2d",[4177.489700546645; -6359.472852977258; 0.22276242606563812],4177.489700546645,-6359.472852977258,0.22276242606563812,3
164.581452,"Field2d",[4177.49562561553; -6359.478005733013; 0.22276271956729715],4177.49562561553,-6359.478005733013,0.22276271956729715,3
164.585749,"Field2d",[4177.485422847836; -6359.472692192226; 0.22276245899509328],4177.485422847836,-6359.472692192226,0.22276245899509328,3
164.588965,"Field2d",[4177.47172837045; -6359.470470231036; 0.22271450839190834],4177.47172837045,-6359.470470231036,0.22271450839190834,3
164.593368,"Field2d",[4177.48125234426; -6359.474164408168; 0.22271433113190567],4177.48125234426,-6359.474164408168,0.22271433113190567,3
164.597814,"Field2d",[4177.493108881444; -6359.4838088063625; 0.22271406660544135],4177.493108881444,-6359.4838088063625,0.22271406660544135,3
164.601018,"Field2d",[4177.474485763506; -6359.478341152355; 0.22271440203590875],4177.474485763506,-6359.478341152355,0.22271440203590875,3
164.605267,"Field2d",[4177.474635588059; -6359.4869491625195; 0.22271469383314227],4177.474635588059,-6359.4869491625195,0.22271469383314227,3
164.608768,"Field2d",[4177.484373890569; -6359.492781814799; 0.22286053681793386],4177.484373890569,-6359.492781814799,0.22286053681793386,3
164.612975,"Field2d",[4177.459429982109; -6359.492061592914; 0.22285927649931994],4177.459429982109,-6359.492061592914,0.22285927649931994,3
164.617497,"Field2d",[4177.48203377838; -6359.506967955222; 0.22286064849173687],4177.48203377838,-6359.506967955222,0.22286064849173687,3
164.622946,"Field2d",[4177.486393426991; -6359.510637192436; 0.22285889361770947],4177.486393426991,-6359.510637192436,0.22285889361770947,3
164.625909,"Field2d",[4177.475067737081; -6359.505262913731; 0.22286030549363234],4177.475067737081,-6359.505262913731,0.22286030549363234,3
164.629496,"Field2d",[4177.471233169431; -6359.503739083929; 0.22305198757409644],4177.471233169431,-6359.503739083929,0.22305198757409644,3
164.633795,"Field2d",[4177.464357726302; -6359.502107791186; 0.22305160407890084],4177.464357726302,-6359.502107791186,0.22305160407890084,3
164.637353,"Field2d",[4177.466880503144; -6359.502852015458; 0.22305174895486682],4177.466880503144,-6359.502852015458,0.22305174895486682,3
164.64107,"Field2d",[4177.476582125194; -6359.508345733686; 0.22305235402506207],4177.476582125194,-6359.508345733686,0.22305235402506207,3
164.64527,"Field2d",[4177.459205522115; -6359.5056315712745; 0.22305139954812994],4177.459205522115,-6359.5056315712745,0.22305139954812994,3
164.649591,"Field2d",[4177.453126024474; -6359.505349514311; 0.22280970151274224],4177.453126024474,-6359.505349514311,0.22280970151274224,3
164.654357,"Field2d",[4177.465147246911; -6359.509131268559; 0.22280872958251308],4177.465147246911,-6359.509131268559,0.22280872958251308,3
164.657259,"Field2d",[4177.4512919499375; -6359.508841923538; 0.22280979750585042],4177.4512919499375,-6359.508841923538,0.22280979750585042,3
164.661594,"Field2d",[4177.476692729396; -6359.53036203259; 0.22281032546795337],4177.476692729396,-6359.53036203259,0.22281032546795337,3
164.665729,"Field2d",[4177.446076351668; -6359.528093646922; 0.22280959352049068],4177.446076351668,-6359.528093646922,0.22280959352049068,3
164.668698,"Field2d",[4177.466981539832; -6359.542918056623; 0.2228106738520336],4177.466981539832,-6359.542918056623,0.2228106738520336,3
164.674769,"Field2d",[4177.5871739859285; -6359.621227854817; 0.22281041000733817],4177.5871739859285,-6359.621227854817,0.22281041000733817,3
164.676725,"Field2d",[4177.41769503596; -6359.609903644228; 0.22281069703218742],4177.41769503596,-6359.609903644228,0.22281069703218742,3
164.680854,"Field2d",[4177.416081100747; -6359.60984926961; 0.2228106985320801],4177.416081100747,-6359.60984926961,0.2228106985320801,3
164.685477,"Field2d",[4177.4202953922095; -6359.610359992757; 0.22281069485052635],4177.4202953922095,-6359.610359992757,0.22281069485052635,3
164.689887,"Field2d",[4177.428892756893; -6359.6131325555325; 0.22276233989000704],4177.428892756893,-6359.6131325555325,0.22276233989000704,3
164.694172,"Field2d",[4177.421248684768; -6359.611948904508; 0.22276246683543768],4177.421248684768,-6359.611948904508,0.22276246683543768,3
164.697171,"Field2d",[4177.41975310084; -6359.617636223134; 0.22276262227882704],4177.41975310084,-6359.617636223134,0.22276262227882704,3
164.701719,"Field2d",[4177.434747880603; -6359.626293077674; 0.22276216890228268],4177.434747880603,-6359.626293077674,0.22276216890228268,3
164.704736,"Field2d",[4177.429821696948; -6359.624132179548; 0.22276225957758947],4177.429821696948,-6359.624132179548,0.22276225957758947,3
164.710068,"Field2d",[4177.420947744634; -6359.622083580855; 0.22281128212654924],4177.420947744634,-6359.622083580855,0.22281128212654924,3
164.713605,"Field2d",[4177.414892809368; -6359.621463184981; 0.22281112668316574],4177.414892809368,-6359.621463184981,0.22281112668316574,3
164.716841,"Field2d",[4177.435372980488; -6359.635961531718; 0.22281177709101688],4177.435372980488,-6359.635961531718,0.22281177709101688,3
164.721404,"Field2d",[4177.429672995642; -6359.6329641315715; 0.22281160937578315],4177.429672995642,-6359.6329641315715,0.22281160937578315,3
164.726016,"Field2d",[4177.42883054089; -6359.632541668929; 0.22281158483209348],4177.42883054089,-6359.632541668929,0.22281158483209348,3
164.730698,"Field2d",[4177.489390365428; -6359.650889950089; 0.22281070944038806],4177.489390365428,-6359.650889950089,0.22281070944038806,3
164.733746,"Field2d",[4177.446705783928; -6359.6182210521665; 0.22281070944038806],4177.446705783928,-6359.6182210521665,0.22281070944038806,3
164.737214,"Field2d",[4177.428968941227; -6359.613262571483; 0.22281070944038806],4177.428968941227,-6359.613262571483,0.22281070944038806,3
164.741159,"Field2d",[4177.443036759497; -6359.623495639163; 0.22281070944038806],4177.443036759497,-6359.623495639163,0.22281070944038806,3
164.744891,"Field2d",[4177.425575418791; -6359.61887047663; 0.22281070944038806],4177.425575418791,-6359.61887047663,0.22281070944038806,3
164.750013,"Field2d",[4177.436796168994; -6359.634735000671; 0.2228587396060417],4177.436796168994,-6359.634735000671,0.2228587396060417,3
164.755036,"Field2d",[4177.432776758472; -6359.632352009382; 0.222858938409951],4177.432776758472,-6359.632352009382,0.222858938409951,3
164.757705,"Field2d",[4177.42042700069; -6359.628835679389; 0.22285883778081308],4177.42042700069,-6359.628835679389,0.22285883778081308,3
164.76229,"Field2d",[4177.431730438318; -6359.645554720616; 0.22285875310507286],4177.431730438318,-6359.645554720616,0.22285875310507286,3
164.766155,"Field2d",[4177.417132167137; -6359.640198487881; 0.22285886600605925],4177.417132167137,-6359.640198487881,0.22285886600605925,3
164.76985,"Field2d",[4177.428000449542; -6359.647943994677; 0.22285868206471754],4177.428000449542,-6359.647943994677,0.22285868206471754,3
164.773318,"Field2d",[4177.409601152843; -6359.706463177103; 0.2228586655659024],4177.409601152843,-6359.706463177103,0.2228586655659024,3
164.777083,"Field2d",[4177.3224975984895; -6359.699026801102; 0.22285865942997904],4177.3224975984895,-6359.699026801102,0.22285865942997904,3
164.781457,"Field2d",[4177.325045452008; -6359.705495932858; 0.22285865533936366],4177.325045452008,-6359.705495932858,0.22285865533936366,3
164.785558,"Field2d",[4177.318457537423; -6359.705125453022; 0.22285865833914806],4177.318457537423,-6359.705125453022,0.22285865833914806,3
164.790112,"Field2d",[4177.327632956019; -6359.716922717241; 0.22285864634000954],4177.327632956019,-6359.716922717241,0.22285864634000954,3
164.79317,"Field2d",[4177.340701591402; -6359.7277998353675; 0.22285864634000954],4177.340701591402,-6359.7277998353675,0.22285864634000954,3
164.797665,"Field2d",[4177.328066368241; -6359.7222948199715; 0.22285864634000957],4177.328066368241,-6359.7222948199715,0.22285864634000957,3
164.802217,"Field2d",[4177.373549648062; -6359.616736546589; 0.22285864634000957],4177.373549648062,-6359.616736546589,0.22285864634000957,3
164.80586,"Field2d",[4177.266786702141; -6359.577007562953; 0.22285864634000957],4177.266786702141,-6359.577007562953,0.22285864634000957,3
164.809797,"Field2d",[4177.278093874885; -6359.585513471569; 0.22285862793224],4177.278093874885,-6359.585513471569,0.22285862793224,3
164.812849,"Field2d",[4177.277586952722; -6359.585142267847; 0.22285862820494767],4177.277586952722,-6359.585142267847,0.22285862820494767,3
164.817426,"Field2d",[4177.270815759101; -6359.581651255777; 0.22285863147744017],4177.270815759101,-6359.581651255777,0.22285863147744017,3
164.821421,"Field2d",[4177.260566482442; -6359.5789370164875; 0.22285863611347081],4177.260566482442,-6359.5789370164875,0.22285863611347081,3
164.825769,"Field2d",[4177.11210038773; -6359.532142404744; 0.22285856848196242],4177.11210038773,-6359.532142404744,0.22285856848196242,3
164.828939,"Field2d",[4176.98945078573; -6359.4598952368515; 0.22285864634000954],4176.98945078573,-6359.4598952368515,0.22285864634000954,3
164.833431,"Field2d",[4176.971830530926; -6359.456936041418; 0.22285864634000954],4176.971830530926,-6359.456936041418,0.22285864634000954,3
164.83756,"Field2d",[4176.977805795495; -6359.458746942573; 0.22285864634000957],4176.977805795495,-6359.458746942573,0.22285864634000957,3
164.841342,"Field2d",[4176.973591809216; -6359.463761359014; 0.22285864634000957],4176.973591809216,-6359.463761359014,0.22285864634000957,3
164.845849,"Field2d",[4176.98417875156; -6359.469688050368; 0.22285864634000957],4176.98417875156,-6359.469688050368,0.22285864634000957,3
164.849965,"Field2d",[4176.988307998637; -6359.472606187803; 0.22285864634000957],4176.988307998637,-6359.472606187803,0.22285864634000957,3
164.853797,"Field2d",[4176.987263486851; -6359.471907688551; 0.22285864634000957],4176.987263486851,-6359.471907688551,0.22285864634000957,3
164.857745,"Field2d",[4176.968305556204; -6359.468188089803; 0.2228586463400096],4176.968305556204,-6359.468188089803,0.2228586463400096,3
164.861494,"Field2d",[4176.986680172987; -6359.482934532204; 0.2228586463400096],4176.986680172987,-6359.482934532204,0.2228586463400096,3
164.865103,"Field2d",[4176.9882462640235; -6359.484305140169; 0.2228586463400096],4176.9882462640235,-6359.484305140169,0.2228586463400096,3
164.869129,"Field2d",[4176.979502131235; -6359.479351510137; 0.2228586463400096],4176.979502131235,-6359.479351510137,0.2228586463400096,3
164.873892,"Field2d",[4176.964007154753; -6359.476337228584; 0.2228586463400096],4176.964007154753,-6359.476337228584,0.2228586463400096,3
164.87692,"Field2d",[4176.95832962653; -6359.475907755392; 0.22285864634000963],4176.95832962653,-6359.475907755392,0.22285864634000963,3
164.882056,"Field2d",[4176.974823495799; -6359.493306711132; 0.22285864634000963],4176.974823495799,-6359.493306711132,0.22285864634000963,3
164.886225,"Field2d",[4176.991836183119; -6359.432609562125; 0.22285864634000963],4176.991836183119,-6359.432609562125,0.22285864634000963,3
164.889358,"Field2d",[4176.943882074952; -6359.40946247479; 0.22285864634000963],4176.943882074952,-6359.40946247479,0.22285864634000963,3
164.893555,"Field2d",[4176.924148372289; -6359.408606567145; 0.22285864634000963],4176.924148372289,-6359.408606567145,0.22285864634000963,3
164.897825,"Field2d",[4176.943746761694; -6359.419337768082; 0.22285864634000965],4176.943746761694,-6359.419337768082,0.22285864634000965,3
164.900849,"Field2d",[4176.94049525501; -6359.4178553997; 0.22285864634000965],4176.94049525501,-6359.4178553997,0.22285864634000965,3
164.905506,"Field2d",[4176.94434902774; -6359.420055132148; 0.22285864634000965],4176.94434902774,-6359.420055132148,0.22285864634000965,3
164.910066,"Field2d",[4176.937370892267; -6359.4173756907885; 0.22285864634000965],4176.937370892267,-6359.4173756907885,0.22285864634000965,3
164.913097,"Field2d",[4176.934142158107; -6359.416385866161; 0.22285864634000965],4176.934142158107,-6359.416385866161,0.22285864634000965,3
164.91828,"Field2d",[4176.940892068284; -6359.419655685089; 0.22285864634000968],4176.940892068284,-6359.419655685089,0.22285864634000968,3
164.921948,"Field2d",[4176.942121387022; -6359.427254570032; 0.22285864634000968],4176.942121387022,-6359.427254570032,0.22285864634000968,3
164.925345,"Field2d",[4176.922322830548; -6359.424823931087; 0.22285864634000968],4176.922322830548,-6359.424823931087,0.22285864634000968,3
164.928835,"Field2d",[4176.936287774747; -6359.439918771647; 0.22285864634000968],4176.936287774747,-6359.439918771647,0.22285864634000968,3
164.934033,"Field2d",[4176.943598878123; -6359.446411475192; 0.22285864634000968],4176.943598878123,-6359.446411475192,0.22285864634000968,3
164.938115,"Field2d",[4176.912867693451; -6359.443538738456; 0.2228586463400097],4176.912867693451,-6359.443538738456,0.2228586463400097,3
164.941236,"Field2d",[4176.923379249861; -6359.447022323341; 0.2228586463400097],4176.923379249861,-6359.447022323341,0.2228586463400097,3
164.946462,"Field2d",[4176.933798425985; -6359.453761867282; 0.2228586463400097],4176.933798425985,-6359.453761867282,0.2228586463400097,3
164.949092,"Field2d",[4176.923894955652; -6359.458218709825; 0.2228586463400097],4176.923894955652,-6359.458218709825,0.2228586463400097,3
164.953077,"Field2d",[4176.923773758225; -6359.458201871665; 0.2228586463400097],4176.923773758225,-6359.458201871665,0.2228586463400097,3
164.957159,"Field2d",[4176.925510185911; -6359.459031019005; 0.22285864634000974],4176.925510185911,-6359.459031019005,0.22285864634000974,3
164.961019,"Field2d",[4176.927416165518; -6359.46004699501; 0.22285864634000974],4176.927416165518,-6359.46004699501,0.22285864634000974,3
164.965262,"Field2d",[4176.929879116813; -6359.469154753801; 0.22285864634000974],4176.929879116813,-6359.469154753801,0.22285864634000974,3
164.969449,"Field2d",[4176.919808535266; -6359.4649373128805; 0.22285864634000974],4176.919808535266,-6359.4649373128805,0.22285864634000974,3
164.973564,"Field2d",[4176.919299524842; -6359.464729597064; 0.22285864634000974],4176.919299524842,-6359.464729597064,0.22285864634000974,3
164.97788,"Field2d",[4176.916510669316; -6359.463782915775; 0.22285864634000976],4176.916510669316,-6359.463782915775,0.22285864634000976,3
164.981845,"Field2d",[4176.905764289021; -6359.468350928244; 0.22285864634000976],4176.905764289021,-6359.468350928244,0.22285864634000976,3
164.985286,"Field2d",[4176.915235796114; -6359.471719724966; 0.22285864634000976],4176.915235796114,-6359.471719724966,0.22285864634000976,3
164.990438,"Field2d",[4176.916914667614; -6359.472386298895; 0.22285864634000976],4176.916914667614,-6359.472386298895,0.22285864634000976,3
164.994279,"Field2d",[4177.062460286174; -6359.277802712038; 0.22285864634000976],4177.062460286174,-6359.277802712038,0.22285864634000976,3
164.997936,"Field2d",[4176.860367473687; -6359.157442459659; 0.2228586463400098],4176.860367473687,-6359.157442459659,0.2228586463400098,3
165.000872,"Field2d",[4176.842802637151; -6359.1543907342075; 0.2228586463400098],4176.842802637151,-6359.1543907342075,0.2228586463400098,3
165.005736,"Field2d",[4176.843073180104; -6359.154439374282; 0.2228586463400098],4176.843073180104,-6359.154439374282,0.2228586463400098,3
165.009615,"Field2d",[4176.85189140188; -6359.15787469877; 0.2228586463400098],4176.85189140188,-6359.15787469877,0.2228586463400098,3
165.012901,"Field2d",[4176.844092035876; -6359.156226846141; 0.2228586463400098],4176.844092035876,-6359.156226846141,0.2228586463400098,3
165.01799,"Field2d",[4176.837868452548; -6359.15572584278; 0.22285864634000982],4176.837868452548,-6359.15572584278,0.22285864634000982,3
165.021398,"Field2d",[4176.8526336681825; -6359.162144815192; 0.22285864634000982],4176.8526336681825,-6359.162144815192,0.22285864634000982,3
165.026071,"Field2d",[4176.857901887636; -6359.165270937652; 0.22285864634000982],4176.857901887636,-6359.165270937652,0.22285864634000982,3
165.029964,"Field2d",[4176.855465862706; -6359.170635965843; 0.22285864634000982],4176.855465862706,-6359.170635965843,0.22285864634000982,3
165.033299,"Field2d",[4176.828540467786; -6359.1714694628445; 0.22285864634000982],4176.828540467786,-6359.1714694628445,0.22285864634000982,3
165.037933,"Field2d",[4176.837420841144; -6359.179469595425; 0.22285864634000985],4176.837420841144,-6359.179469595425,0.22285864634000985,3
165.041857,"Field2d",[4176.780846634498; -6359.025265823128; 0.22285864634000985],4176.780846634498,-6359.025265823128,0.22285864634000985,3
165.045511,"Field2d",[4176.655670550937; -6358.9603361212385; 0.22285864634000985],4176.655670550937,-6358.9603361212385,0.22285864634000985,3
165.049457,"Field2d",[4176.631329348511; -6358.960847178259; 0.22285864634000985],4176.631329348511,-6358.960847178259,0.22285864634000985,3
165.05351,"Field2d",[4176.6564808866515; -6358.978258810825; 0.22285864634000985],4176.6564808866515,-6358.978258810825,0.22285864634000985,3
165.057444,"Field2d",[4176.638625053971; -6358.974079283874; 0.22285864634000987],4176.638625053971,-6358.974079283874,0.22285864634000987,3
165.061344,"Field2d",[4176.644227543494; -6358.9761381943545; 0.22285864634000987],4176.644227543494,-6358.9761381943545,0.22285864634000987,3
165.066579,"Field2d",[4176.657056596032; -6358.986812679943; 0.22285864634000987],4176.657056596032,-6358.986812679943,0.22285864634000987,3
165.069145,"Field2d",[4176.623246322551; -6358.986761164257; 0.22285864634000987],4176.623246322551,-6358.986761164257,0.22285864634000987,3
165.074041,"Field2d",[4176.628864614174; -6358.993661748614; 0.22285864634000987],4176.628864614174,-6358.993661748614,0.22285864634000987,3
165.07704,"Field2d",[4176.647572295642; -6359.008241886267; 0.2228586463400099],4176.647572295642,-6359.008241886267,0.2228586463400099,3
165.081035,"Field2d",[4176.6280879760425; -6359.003282601733; 0.2228586463400099],4176.6280879760425,-6359.003282601733,0.2228586463400099,3
165.086053,"Field2d",[4176.6456004971; -6359.018985856025; 0.2228586463400099],4176.6456004971,-6359.018985856025,0.2228586463400099,3
165.090726,"Field2d",[4176.61659919054; -6359.015140924245; 0.2228586463400099],4176.61659919054,-6359.015140924245,0.2228586463400099,3
165.093702,"Field2d",[4176.615612652656; -6359.020979375388; 0.2228586463400099],4176.615612652656,-6359.020979375388,0.2228586463400099,3
165.097068,"Field2d",[4176.609450484325; -6359.020786537457; 0.22285864634000993],4176.609450484325,-6359.020786537457,0.22285864634000993,3
165.102123,"Field2d",[4176.632185624101; -6359.036096495715; 0.22285864634000993],4176.632185624101,-6359.036096495715,0.22285864634000993,3
165.105149,"Field2d",[4176.625052755184; -6359.032809668215; 0.22285864634000993],4176.625052755184,-6359.032809668215,0.22285864634000993,3
165.109754,"Field2d",[4176.625935909935; -6359.033238392806; 0.22285864634000993],4176.625935909935,-6359.033238392806,0.22285864634000993,3
165.113286,"Field2d",[4176.6200559117315; -6359.031258293762; 0.22285864634000993],4176.6200559117315,-6359.031258293762,0.22285864634000993,3
165.117242,"Field2d",[4176.6321831732; -6359.040153709474; 0.22285864634000996],4176.6321831732,-6359.040153709474,0.22285864634000996,3
165.120888,"Field2d",[4176.610808579074; -6359.041758357926; 0.22285864634000996],4176.610808579074,-6359.041758357926,0.22285864634000996,3
165.126345,"Field2d",[4176.625593687595; -6359.059088227326; 0.22285864634000996],4176.625593687595,-6359.059088227326,0.22285864634000996,3
165.129015,"Field2d",[4176.624182380139; -6359.058024825868; 0.22285864634000996],4176.624182380139,-6359.058024825868,0.22285864634000996,3
165.134104,"Field2d",[4176.619411607177; -6359.0552147066055; 0.22285864634000996],4176.619411607177,-6359.0552147066055,0.22285864634000996,3
165.13751,"Field2d",[4176.626242523399; -6359.0611831781525; 0.22285864634000999],4176.626242523399,-6359.0611831781525,0.22285864634000999,3
165.141797,"Field2d",[4176.62203421091; -6359.058224658723; 0.22285864634000999],4176.62203421091,-6359.058224658723,0.22285864634000999,3
165.144927,"Field2d",[4176.616776315624; -6359.061916269108; 0.22285864634000999],4176.616776315624,-6359.061916269108,0.22285864634000999,3
165.149106,"Field2d",[4176.604258127705; -6359.058566396708; 0.22285864634000999],4176.604258127705,-6359.058566396708,0.22285864634000999,3
165.152792,"Field2d",[4176.616352806447; -6359.066035812773; 0.22285864634000999],4176.616352806447,-6359.066035812773,0.22285864634000999,3
165.156978,"Field2d",[4176.597728288078; -6359.0685610938035; 0.22285864634001],4176.597728288078,-6359.0685610938035,0.22285864634001,3
165.161505,"Field2d",[4176.610485791346; -6359.075348933893; 0.22285864634001],4176.610485791346,-6359.075348933893,0.22285864634001,3
165.165068,"Field2d",[4176.6125448184985; -6359.076572985505; 0.22285864634001],4176.6125448184985,-6359.076572985505,0.22285864634001,3
165.170011,"Field2d",[4176.6179007824285; -6359.080878590846; 0.22285864634001],4176.6179007824285,-6359.080878590846,0.22285864634001,3
165.172822,"Field2d",[4176.58332221511; -6359.081966428673; 0.22285864634001],4176.58332221511,-6359.081966428673,0.22285864634001,3
165.177183,"Field2d",[4176.5857564614225; -6359.082011262023; 0.22285864634001004],4176.5857564614225,-6359.082011262023,0.22285864634001004,3
165.180918,"Field2d",[4176.60286129687; -6359.103731671679; 0.22285864634001004],4176.60286129687,-6359.103731671679,0.22285864634001004,3
165.185599,"Field2d",[4176.603280162832; -6359.1040910780475; 0.22285864634001004],4176.603280162832,-6359.1040910780475,0.22285864634001004,3
165.189714,"Field2d",[4176.597637698118; -6359.107610992284; 0.22285864634001004],4176.597637698118,-6359.107610992284,0.22285864634001004,3
165.193268,"Field2d",[4176.600243185485; -6359.109366132375; 0.22285864634001004],4176.600243185485,-6359.109366132375,0.22285864634001004,3
165.198792,"Field2d",[4176.58431445278; -6359.105243697967; 0.22285864634001004],4176.58431445278,-6359.105243697967,0.22285864634001004,3
165.202493,"Field2d",[4176.600463903217; -6359.118247106594; 0.22285864634001004],4176.600463903217,-6359.118247106594,0.22285864634001004,3
165.206267,"Field2d",[4176.58939157188; -6359.113188232052; 0.22285864634001004],4176.58939157188,-6359.113188232052,0.22285864634001004,3
165.209384,"Field2d",[4176.598400561251; -6359.120218063424; 0.22285864634001004],4176.598400561251,-6359.120218063424,0.22285864634001004,3
165.214482,"Field2d",[4176.5857238374865; -6359.115114500714; 0.22285864634001004],4176.5857238374865,-6359.115114500714,0.22285864634001004,3
165.216892,"Field2d",[4176.571728801684; -6359.1137835747595; 0.22285864634001007],4176.571728801684,-6359.1137835747595,0.22285864634001007,3
165.221025,"Field2d",[4176.574138011163; -6359.114134661942; 0.22285864634001007],4176.574138011163,-6359.114134661942,0.22285864634001007,3
165.224904,"Field2d",[4176.590479558109; -6359.135457832605; 0.22285864634001007],4176.590479558109,-6359.135457832605,0.22285864634001007,3
165.23026,"Field2d",[4176.593799286651; -6359.13880222692; 0.22285864634001007],4176.593799286651,-6359.13880222692,0.22285864634001007,3
165.233691,"Field2d",[4176.585239953676; -6359.133236366726; 0.22285864634001007],4176.585239953676,-6359.133236366726,0.22285864634001007,3
165.237674,"Field2d",[4176.567063500977; -6359.129609334343; 0.2228586463400101],4176.567063500977,-6359.129609334343,0.2228586463400101,3
165.240863,"Field2d",[4176.583136608103; -6359.140470556392; 0.2228586463400101],4176.583136608103,-6359.140470556392,0.2228586463400101,3
165.245516,"Field2d",[4176.586600644561; -6359.14330615614; 0.2228586463400101],4176.586600644561,-6359.14330615614,0.2228586463400101,3
165.248843,"Field2d",[4176.586140352335; -6359.142938614073; 0.2228586463400101],4176.586140352335,-6359.142938614073,0.2228586463400101,3
165.253858,"Field2d",[4176.569030032097; -6359.137526811787; 0.2228586463400101],4176.569030032097,-6359.137526811787,0.2228586463400101,3
165.257347,"Field2d",[4176.56006466143; -6359.136433406785; 0.22285864634001012],4176.56006466143,-6359.136433406785,0.22285864634001012,3
165.262108,"Field2d",[4176.57829696645; -6359.147937825059; 0.22285864634001012],4176.57829696645,-6359.147937825059,0.22285864634001012,3
165.265663,"Field2d",[4176.5740143519915; -6359.145790559739; 0.22285864634001012],4176.5740143519915,-6359.145790559739,0.22285864634001012,3
165.269483,"Field2d",[4176.573873713521; -6359.145720607792; 0.22285864634001012],4176.573873713521,-6359.145720607792,0.22285864634001012,3
165.274269,"Field2d",[4176.552200776872; -6359.145338877098; 0.22285864634001012],4176.552200776872,-6359.145338877098,0.22285864634001012,3
165.278363,"Field2d",[4176.559440611354; -6359.146566849708; 0.22285864634001015],4176.559440611354,-6359.146566849708,0.22285864634001015,3
165.280949,"Field2d",[4176.565087239808; -6359.1482435338; 0.22285864634001015],4176.565087239808,-6359.1482435338,0.22285864634001015,3
165.285136,"Field2d",[4176.569975722662; -6359.150294432468; 0.22285864634001015],4176.569975722662,-6359.150294432468,0.22285864634001015,3
165.289363,"Field2d",[4176.554393283759; -6359.149090426502; 0.22285864634001015],4176.554393283759,-6359.149090426502,0.22285864634001015,3
165.292892,"Field2d",[4176.54979950817; -6359.149168395999; 0.22285864634001015],4176.54979950817,-6359.149168395999,0.22285864634001015,3
165.29746,"Field2d",[4176.575871378006; -6359.1693109635535; 0.22285864634001018],4176.575871378006,-6359.1693109635535,0.22285864634001018,3
165.30156,"Field2d",[4176.575464124094; -6359.169003154091; 0.22285864634001018],4176.575464124094,-6359.169003154091,0.22285864634001018,3
165.305003,"Field2d",[4176.554444548128; -6359.164579819958; 0.22285864634001018],4176.554444548128,-6359.164579819958,0.22285864634001018,3
165.309241,"Field2d",[4176.568195715939; -6359.172724788255; 0.22285864634001018],4176.568195715939,-6359.172724788255,0.22285864634001018,3
165.314373,"Field2d",[4176.566184037584; -6359.171656839984; 0.22285864634001018],4176.566184037584,-6359.171656839984,0.22285864634001018,3
165.317284,"Field2d",[4176.55374832082; -6359.168788114128; 0.2228586463400102],4176.55374832082,-6359.168788114128,0.2228586463400102,3
165.321175,"Field2d",[4176.55749141671; -6359.169975340222; 0.2228586463400102],4176.55749141671,-6359.169975340222,0.2228586463400102,3
165.326138,"Field2d",[4176.568519753719; -6359.177146790056; 0.2228586463400102],4176.568519753719,-6359.177146790056,0.2228586463400102,3
165.329747,"Field2d",[4176.564684753904; -6359.181693479991; 0.2228586463400102],4176.564684753904,-6359.181693479991,0.2228586463400102,3
165.333554,"Field2d",[4176.569681020692; -6359.185567553509; 0.2228586463400102],4176.569681020692,-6359.185567553509,0.2228586463400102,3
165.33674,"Field2d",[4176.548620977311; -6359.180958524052; 0.22285864634001024],4176.548620977311,-6359.180958524052,0.22285864634001024,3
165.340948,"Field2d",[4176.561279867152; -6359.188089866997; 0.22285864634001024],4176.561279867152,-6359.188089866997,0.22285864634001024,3
165.345073,"Field2d",[4176.55598940399; -6359.185880639925; 0.22285864634001024],4176.55598940399,-6359.185880639925,0.22285864634001024,3
165.349149,"Field2d",[4176.562956475525; -6359.1902923651905; 0.22285864634001024],4176.562956475525,-6359.1902923651905,0.22285864634001024,3
165.354251,"Field2d",[4176.557449120503; -6359.187700815768; 0.22285864634001024],4176.557449120503,-6359.187700815768,0.22285864634001024,3
165.357529,"Field2d",[4176.5532029382275; -6359.186163529736; 0.22285864634001026],4176.5532029382275,-6359.186163529736,0.22285864634001026,3
165.361238,"Field2d",[4176.543724981343; -6359.190403232625; 0.22285864634001026],4176.543724981343,-6359.190403232625,0.22285864634001026,3
165.365154,"Field2d",[4176.542593709166; -6359.190264473413; 0.22285864634001026],4176.542593709166,-6359.190264473413,0.22285864634001026,3
165.370163,"Field2d",[4176.560219523611; -6359.202403309265; 0.22285864634001026],4176.560219523611,-6359.202403309265,0.22285864634001026,3
165.373764,"Field2d",[4176.561545433794; -6359.203384175315; 0.22285864634001026],4176.561545433794,-6359.203384175315,0.22285864634001026,3
165.377228,"Field2d",[4176.547803492421; -6359.198546294024; 0.2228586463400103],4176.547803492421,-6359.198546294024,0.2228586463400103,3
165.381038,"Field2d",[4176.56518260513; -6359.223001171883; 0.2228586463400103],4176.56518260513,-6359.223001171883,0.2228586463400103,3
165.38519,"Field2d",[4176.5403391632535; -6359.2124848751; 0.2228586463400103],4176.5403391632535,-6359.2124848751,0.2228586463400103,3
165.390124,"Field2d",[4176.546352103054; -6359.216125289891; 0.2228586463400103],4176.546352103054,-6359.216125289891,0.2228586463400103,3
165.393179,"Field2d",[4176.548116684876; -6359.217301220192; 0.2228586463400103],4176.548116684876,-6359.217301220192,0.2228586463400103,3
165.396798,"Field2d",[4176.544426833784; -6359.221918372903; 0.22285864634001032],4176.544426833784,-6359.221918372903,0.22285864634001032,3
165.401506,"Field2d",[4176.525566730699; -6359.218999827343; 0.22285864634001032],4176.525566730699,-6359.218999827343,0.22285864634001032,3
165.405464,"Field2d",[4176.542690479825; -6359.229978893505; 0.22285864634001032],4176.542690479825,-6359.229978893505,0.22285864634001032,3
165.409055,"Field2d",[4176.544330655792; -6359.231128082641; 0.22285864634001032],4176.544330655792,-6359.231128082641,0.22285864634001032,3
165.413719,"Field2d",[4176.547829062496; -6359.234106328602; 0.22285864634001032],4176.547829062496,-6359.234106328602,0.22285864634001032,3
165.417901,"Field2d",[4176.5233214671625; -6359.229297871808; 0.22285864634001035],4176.5233214671625,-6359.229297871808,0.22285864634001035,3
165.421186,"Field2d",[4176.521029359247; -6359.228960176147; 0.22285864634001035],4176.521029359247,-6359.228960176147,0.22285864634001035,3
165.425262,"Field2d",[4176.521114202604; -6359.234962369533; 0.22285864634001035],4176.521114202604,-6359.234962369533,0.22285864634001035,3
165.429498,"Field2d",[4176.531371576595; -6359.239725690422; 0.22285864634001035],4176.531371576595,-6359.239725690422,0.22285864634001035,3
165.43378,"Field2d",[4176.52392456406; -6359.23763129184; 0.22285864634001035],4176.52392456406,-6359.23763129184,0.22285864634001035,3
165.43819,"Field2d",[4176.532116738128; -6359.241706019643; 0.22285864634001037],4176.532116738128,-6359.241706019643,0.22285864634001037,3
165.440867,"Field2d",[4176.535359397222; -6359.251275665085; 0.22285864634001037],4176.535359397222,-6359.251275665085,0.22285864634001037,3
165.446204,"Field2d",[4176.534705190161; -6359.250841062762; 0.22285864634001037],4176.534705190161,-6359.250841062762,0.22285864634001037,3
165.449233,"Field2d",[4176.528723214282; -6359.247877901513; 0.22285864634001037],4176.528723214282,-6359.247877901513,0.22285864634001037,3
165.453298,"Field2d",[4176.525861586283; -6359.2466800403945; 0.22285864634001037],4176.525861586283,-6359.2466800403945,0.22285864634001037,3
165.457936,"Field2d",[4176.532406847564; -6359.25072948952; 0.2228586463400104],4176.532406847564,-6359.25072948952,0.2228586463400104,3
165.462219,"Field2d",[4176.519292509651; -6359.247029744969; 0.2228586463400104],4176.519292509651,-6359.247029744969,0.2228586463400104,3
165.465104,"Field2d",[4176.529211364218; -6359.252544111589; 0.2228586463400104],4176.529211364218,-6359.252544111589,0.2228586463400104,3
165.469078,"Field2d",[4176.512750464913; -6359.249793206667; 0.2228586463400104],4176.512750464913,-6359.249793206667,0.2228586463400104,3
165.47341,"Field2d",[4176.5071027836175; -6359.24951182509; 0.2228586463400104],4176.5071027836175,-6359.24951182509,0.2228586463400104,3
165.477337,"Field2d",[4176.5210269346735; -6359.254654578446; 0.22285864634001043],4176.5210269346735,-6359.254654578446,0.22285864634001043,3
165.48095,"Field2d",[4176.519007755025; -6359.254006917107; 0.22285864634001043],4176.519007755025,-6359.254006917107,0.22285864634001043,3
165.485053,"Field2d",[4176.524156663745; -6359.256344483917; 0.22285864634001043],4176.524156663745,-6359.256344483917,0.22285864634001043,3
165.48892,"Field2d",[4176.528335961871; -6359.258765802355; 0.22285864634001043],4176.528335961871,-6359.258765802355,0.22285864634001043,3
165.493979,"Field2d",[4176.516582188369; -6359.255449896122; 0.22285864634001043],4176.516582188369,-6359.255449896122,0.22285864634001043,3
165.496959,"Field2d",[4176.507944802564; -6359.25460747311; 0.22285864634001046],4176.507944802564,-6359.25460747311,0.22285864634001046,3
165.502129,"Field2d",[4176.512455391924; -6359.255481198651; 0.22285864634001046],4176.512455391924,-6359.255481198651,0.22285864634001046,3
165.505373,"Field2d",[4176.531374073596; -6359.271299997304; 0.22285864634001046],4176.531374073596,-6359.271299997304,0.22285864634001046,3
165.509881,"Field2d",[4176.517126352263; -6359.2655772732805; 0.22285864634001046],4176.517126352263,-6359.2655772732805,0.22285864634001046,3
165.512917,"Field2d",[4176.517706317584; -6359.2658189339945; 0.22285864634001046],4176.517706317584,-6359.2658189339945,0.22285864634001046,3
165.5174,"Field2d",[4176.50548330523; -6359.269751524719; 0.22285864634001049],4176.50548330523,-6359.269751524719,0.22285864634001049,3
165.521939,"Field2d",[4176.520917059892; -6359.279061503613; 0.22285864634001049],4176.520917059892,-6359.279061503613,0.22285864634001049,3
165.525734,"Field2d",[4176.512023677551; -6359.275825729072; 0.22285864634001049],4176.512023677551,-6359.275825729072,0.22285864634001049,3
165.529232,"Field2d",[4176.49927025924; -6359.274716306285; 0.22285864634001049],4176.49927025924,-6359.274716306285,0.22285864634001049,3
165.533216,"Field2d",[4176.518188369005; -6359.28600405145; 0.22285864634001049],4176.518188369005,-6359.28600405145,0.22285864634001049,3
165.538508,"Field2d",[4176.507284892526; -6359.282584312157; 0.2228586463400105],4176.507284892526,-6359.282584312157,0.2228586463400105,3
165.542203,"Field2d",[4176.514042531704; -6359.29339256803; 0.2228586463400105],4176.514042531704,-6359.29339256803,0.2228586463400105,3
165.545982,"Field2d",[4176.5097077426435; -6359.291446629946; 0.2228586463400105],4176.5097077426435,-6359.291446629946,0.2228586463400105,3
165.549009,"Field2d",[4176.50684398165; -6359.29036008272; 0.2228586463400105],4176.50684398165,-6359.29036008272,0.2228586463400105,3
165.553062,"Field2d",[4176.498472989336; -6359.288766654864; 0.2228586463400105],4176.498472989336,-6359.288766654864,0.2228586463400105,3
165.557902,"Field2d",[4176.4945688707; -6359.288344598662; 0.22285864634001054],4176.4945688707,-6359.288344598662,0.22285864634001054,3
165.561676,"Field2d",[4176.493359119763; -6359.294119787571; 0.22285864634001054],4176.493359119763,-6359.294119787571,0.22285864634001054,3
165.566145,"Field2d",[4176.495369178406; -6359.294480306508; 0.22285864634001054],4176.495369178406,-6359.294480306508,0.22285864634001054,3
165.569823,"Field2d",[4176.510982514771; -6359.303796226932; 0.22285864634001054],4176.510982514771,-6359.303796226932,0.22285864634001054,3
165.574467,"Field2d",[4176.5120773182425; -6359.304489533211; 0.22285864634001054],4176.5120773182425,-6359.304489533211,0.22285864634001054,3
165.577306,"Field2d",[4176.501649787918; -6359.30892243537; 0.22285864634001057],4176.501649787918,-6359.30892243537,0.22285864634001057,3
165.580961,"Field2d",[4176.488020886452; -6359.307482336634; 0.22285864634001057],4176.488020886452,-6359.307482336634,0.22285864634001057,3
165.585978,"Field2d",[4176.508655194365; -6359.322439903088; 0.22285864634001057],4176.508655194365,-6359.322439903088,0.22285864634001057,3
165.588954,"Field2d",[4176.495724468219; -6359.317782149282; 0.22285864634001057],4176.495724468219,-6359.317782149282,0.22285864634001057,3
165.593144,"Field2d",[4176.505913088235; -6359.3247269135845; 0.22285864634001057],4176.505913088235,-6359.3247269135845,0.22285864634001057,3
165.596713,"Field2d",[4176.509253416282; -6359.3274656613785; 0.2228586463400106],4176.509253416282,-6359.3274656613785,0.2228586463400106,3
165.601635,"Field2d",[4176.510748720578; -6359.328797905838; 0.2228586463400106],4176.510748720578,-6359.328797905838,0.2228586463400106,3
165.606735,"Field2d",[4176.508370870373; -6359.326930150994; 0.2228586463400106],4176.508370870373,-6359.326930150994,0.2228586463400106,3
165.610264,"Field2d",[4176.504542008213; -6359.324462515345; 0.2228586463400106],4176.504542008213,-6359.324462515345,0.2228586463400106,3
165.613869,"Field2d",[4176.501117245109; -6359.322622842048; 0.2228586463400106],4176.501117245109,-6359.322622842048,0.2228586463400106,3
165.61793,"Field2d",[4176.500384272557; -6359.322244972666; 0.22285864634001062],4176.500384272557,-6359.322244972666,0.22285864634001062,3
165.620848,"Field2d",[4176.479597664791; -6359.321209395275; 0.22285864634001062],4176.479597664791,-6359.321209395275,0.22285864634001062,3
165.625766,"Field2d",[4176.4829122132805; -6359.321602943277; 0.22285864634001062],4176.4829122132805,-6359.321602943277,0.22285864634001062,3
165.629236,"Field2d",[4176.500182959735; -6359.331664319848; 0.22285863038661022],4176.500182959735,-6359.331664319848,0.22285863038661022,3
165.632759,"Field2d",[4176.498624890752; -6359.33083063402; 0.22285863120473318],4176.498624890752,-6359.33083063402,0.22285863120473318,3
165.636996,"Field2d",[4176.478866090075; -6359.32914382604; 0.2228586397950256],4176.478866090075,-6359.32914382604,0.2228586397950256,3
165.64202,"Field2d",[4176.498731258869; -6359.3418128795665; 0.2228586295684869],4176.498731258869,-6359.3418128795665,0.2228586295684869,3
165.645063,"Field2d",[4176.494090190923; -6359.339504466013; 0.2228586317501489],4176.494090190923,-6359.339504466013,0.2228586317501489,3
165.649267,"Field2d",[4176.504185904803; -6359.3487724977595; 0.22199381251550301],4176.504185904803,-6359.3487724977595,0.22199381251550301,3
165.653552,"Field2d",[4176.493935753816; -6359.343126923197; 0.22198589022057671],4176.493935753816,-6359.343126923197,0.22198589022057671,3
165.657454,"Field2d",[4176.471895956783; -6359.341991857511; 0.2219920179624618],4176.471895956783,-6359.341991857511,0.2219920179624618,3
165.661493,"Field2d",[4176.494395019894; -6359.35792009998; 0.22198431451549522],4176.494395019894,-6359.35792009998,0.22198431451549522,3
165.665118,"Field2d",[4176.4964868208735; -6359.359579828375; 0.22198361420213505],4176.4964868208735,-6359.359579828375,0.22198361420213505,3
165.670453,"Field2d",[4176.493400916956; -6359.357483608289; 0.21762672233764738],4176.493400916956,-6359.357483608289,0.21762672233764738,3
165.673561,"Field2d",[4176.498248824638; -6359.361841366917; 0.2176176710327511],4176.498248824638,-6359.361841366917,0.2176176710327511,3
165.677044,"Field2d",[4176.488171544495; -6359.356370738574; 0.21763340306250734],4176.488171544495,-6359.356370738574,0.21763340306250734,3
165.681953,"Field2d",[4176.483493175983; -6359.3544281398645; 0.21764029929489298],4176.483493175983,-6359.3544281398645,0.21764029929489298,3
165.685733,"Field2d",[4176.484034406278; -6359.354660548356; 0.21763965277310038],4176.484034406278,-6359.354660548356,0.21763965277310038,3
165.68887,"Field2d",[4176.485635014567; -6359.355896875897; 0.210588243273951],4176.485635014567,-6359.355896875897,0.210588243273951,3
165.693536,"Field2d",[4176.489021293075; -6359.359095464546; 0.21066699348463416],4176.489021293075,-6359.359095464546,0.21066699348463416,3
165.697403,"Field2d",[4176.454414372233; -6359.3575340490725; 0.21065479765527487],4176.454414372233,-6359.3575340490725,0.21065479765527487,3
165.702,"Field2d",[4176.459270175282; -6359.36451806322; 0.21065932753489608],4176.459270175282,-6359.36451806322,0.21065932753489608,3
165.705635,"Field2d",[4176.460365792361; -6359.364783870785; 0.2106345874244371],4176.460365792361,-6359.364783870785,0.2106345874244371,3
165.708878,"Field2d",[4176.4724731035085; -6359.375156125308; 0.2079941822917608],4176.4724731035085,-6359.375156125308,0.2079941822917608,3
165.713021,"Field2d",[4176.453718810043; -6359.369232761831; 0.2079767399075012],4176.453718810043,-6359.369232761831,0.2079767399075012,3
165.718179,"Field2d",[4176.44904203126; -6359.368246672218; 0.2079807650731092],4176.44904203126,-6359.368246672218,0.2079807650731092,3
165.721981,"Field2d",[4176.468778364753; -6359.387569310304; 0.20799149884798118],4176.468778364753,-6359.387569310304,0.20799149884798118,3
165.72597,"Field2d",[4176.454116399044; -6359.380633705266; 0.20797097050349161],4176.454116399044,-6359.380633705266,0.20797097050349161,3
165.728914,"Field2d",[4176.433082142326; -6359.379049747671; 0.20472414131380373],4176.433082142326,-6359.379049747671,0.20472414131380373,3
165.733364,"Field2d",[4176.445310607071; -6359.383416400944; 0.20471043693393587],4176.445310607071,-6359.383416400944,0.20471043693393587,3
165.738103,"Field2d",[4176.46128565599; -6359.4007557982495; 0.20472789370345387],4176.46128565599,-6359.4007557982495,0.20472789370345387,3
165.740998,"Field2d",[4176.439168862441; -6359.392818092915; 0.2047106000812222],4176.439168862441,-6359.392818092915,0.2047106000812222,3
165.745927,"Field2d",[4176.44581390906; -6359.396446696467; 0.20470276900720183],4176.44581390906,-6359.396446696467,0.20470276900720183,3
165.749606,"Field2d",[4176.4157719637105; -6359.396237327898; 0.19800518942553125],4176.4157719637105,-6359.396237327898,0.19800518942553125,3
165.753117,"Field2d",[4176.436532412633; -6359.407408764886; 0.19795486462920067],4176.436532412633,-6359.407408764886,0.19795486462920067,3
165.756951,"Field2d",[4176.439096442904; -6359.409000671682; 0.19794849015497037],4176.439096442904,-6359.409000671682,0.19794849015497037,3
165.76147,"Field2d",[4176.425971493774; -6359.4052870212145; 0.19797767853698883],4176.425971493774,-6359.4052870212145,0.19797767853698883,3
165.764826,"Field2d",[4176.43080746203; -6359.407233763873; 0.19796660708169808],4176.43080746203,-6359.407233763873,0.19796660708169808,3
165.76908,"Field2d",[4176.443647618843; -6359.4187270558095; 0.19681170901222858],4176.443647618843,-6359.4187270558095,0.19681170901222858,3
165.773535,"Field2d",[4176.424807029038; -6359.412409451023; 0.1968192083374449],4176.424807029038,-6359.412409451023,0.1968192083374449,3
165.777212,"Field2d",[4176.437381371433; -6359.421890273983; 0.19681325649197554],4176.437381371433,-6359.421890273983,0.19681325649197554,3
165.781026,"Field2d",[4176.426988828217; -6359.4173286532405; 0.19681760133916867],4176.426988828217,-6359.4173286532405,0.19681760133916867,3
165.78609,"Field2d",[4176.425197651388; -6359.416625323875; 0.19681831556064883],4176.425197651388,-6359.416625323875,0.19681831556064883,3
165.788778,"Field2d",[4176.41354642828; -6359.420659066453; 0.19702124472008334],4176.41354642828,-6359.420659066453,0.19702124472008334,3
165.794096,"Field2d",[4176.4292829268215; -6359.431058315451; 0.1970230861788071],4176.4292829268215,-6359.431058315451,0.1970230861788071,3
165.797361,"Field2d",[4176.4258072501325; -6359.4291511395795; 0.1970228273792062],4176.4258072501325,-6359.4291511395795,0.1970228273792062,3
165.801862,"Field2d",[4176.405750960122; -6359.427355539013; 0.19702155328884677],4176.405750960122,-6359.427355539013,0.19702155328884677,3
165.804884,"Field2d",[4176.42940510635; -6359.4495871469035; 0.1970210555972966],4176.42940510635,-6359.4495871469035,0.1970210555972966,3
165.808993,"Field2d",[4176.409352043082; -6359.450065576191; 0.197020603993353],4176.409352043082,-6359.450065576191,0.197020603993353,3
165.813402,"Field2d",[4176.400052892717; -6359.448427857743; 0.19702052981685916],4176.400052892717,-6359.448427857743,0.19702052981685916,3
165.818588,"Field2d",[4176.409900527689; -6359.452550973539; 0.1970204556403662],4176.409900527689,-6359.452550973539,0.1970204556403662,3
165.821829,"Field2d",[4176.397582769859; -6359.4507954518385; 0.19702054181599907],4176.397582769859,-6359.4507954518385,0.19702054181599907,3
165.825097,"Field2d",[4176.418831525195; -6359.4694859968595; 0.19702034546645752],4176.418831525195,-6359.4694859968595,0.19702034546645752,3
165.82906,"Field2d",[4176.401429986393; -6359.469031348947; 0.1972134180834561],4176.401429986393,-6359.469031348947,0.1972134180834561,3
165.832983,"Field2d",[4176.407348069405; -6359.472446524909; 0.19721435319815375],4176.407348069405,-6359.472446524909,0.19721435319815375,3
165.838147,"Field2d",[4176.405715427269; -6359.471585309138; 0.19721424929651843],4176.405715427269,-6359.471585309138,0.19721424929651843,3
165.841391,"Field2d",[4176.397136482086; -6359.520582908758; 0.19721609355048933],4176.397136482086,-6359.520582908758,0.19721609355048933,3
165.84613,"Field2d",[4176.352356256738; -6359.494778794417; 0.19721435319815375],4176.352356256738,-6359.494778794417,0.19721435319815375,3
165.849615,"Field2d",[4176.343648943946; -6359.49125971946; 0.19750286464562372],4176.343648943946,-6359.49125971946,0.19750286464562372,3
165.85409,"Field2d",[4176.349840633702; -6359.5029805999875; 0.19750099864321252],4176.349840633702,-6359.5029805999875,0.19750099864321252,3
165.857853,"Field2d",[4176.337521041274; -6359.50269224205; 0.19750071639075117],4176.337521041274,-6359.50269224205,0.19750071639075117,3
165.862649,"Field2d",[4176.342422178749; -6359.505185242718; 0.19750327234362355],4176.342422178749,-6359.505185242718,0.19750327234362355,3
165.866416,"Field2d",[4176.3543440827225; -6359.518208839371; 0.19750103000460784],4176.3543440827225,-6359.518208839371,0.19750103000460784,3
165.869322,"Field2d",[4176.340246209198; -6359.510289667745; 0.19759674399713023],4176.340246209198,-6359.510289667745,0.19759674399713023,3
165.874051,"Field2d",[4176.339625301387; -6359.516850306637; 0.19759605677373684],4176.339625301387,-6359.516850306637,0.19759605677373684,3
165.877538,"Field2d",[4176.300826378885; -6359.582257278396; 0.19759766029498868],4176.300826378885,-6359.582257278396,0.19759766029498868,3
165.880877,"Field2d",[4176.228732232707; -6359.546657786901; 0.19759668291060675],4176.228732232707,-6359.546657786901,0.19759668291060675,3
165.885514,"Field2d",[4176.233263771073; -6359.549555132555; 0.19759681271946822],4176.233263771073,-6359.549555132555,0.19759681271946822,3
165.889732,"Field2d",[4176.217711711418; -6359.5462140231775; 0.19783705954085043],4176.217711711418,-6359.5462140231775,0.19783705954085043,3
165.893193,"Field2d",[4176.236008718886; -6359.561691798795; 0.19783586126322844],4176.236008718886,-6359.561691798795,0.19783586126322844,3
165.898187,"Field2d",[4176.21355434901; -6359.556433823821; 0.1978371286722537],4176.21355434901,-6359.556433823821,0.1978371286722537,3
165.900813,"Field2d",[4176.225458309575; -6359.563078257953; 0.1978381195556557],4176.225458309575,-6359.563078257953,0.1978381195556557,3
165.905039,"Field2d",[4176.205682955018; -6359.561051270066; 0.1978366677962395],4176.205682955018,-6359.561051270066,0.1978366677962395,3
165.909247,"Field2d",[4176.22339191831; -6359.570404811855; 0.19769045256544412],4176.22339191831,-6359.570404811855,0.19769045256544412,3
165.914174,"Field2d",[4176.218765715425; -6359.568536765718; 0.19769064489254412],4176.218765715425,-6359.568536765718,0.19769064489254412,3
165.917577,"Field2d",[4176.206133982991; -6359.566972551115; 0.19769115362874795],4176.206133982991,-6359.566972551115,0.19769115362874795,3
165.922207,"Field2d",[4176.2091453588655; -6359.567539080056; 0.1976910295467486],4176.2091453588655,-6359.567539080056,0.1976910295467486,3
165.926046,"Field2d",[4176.205702769625; -6359.567140870675; 0.19769116603695175],4176.205702769625,-6359.567140870675,0.19769116603695175,3
165.928865,"Field2d",[4176.20619946382; -6359.567195520291; 0.1977881387118551],4176.20619946382,-6359.567195520291,0.1977881387118551,3
165.934594,"Field2d",[4176.218396027512; -6359.572028182448; 0.197788563113211],4176.218396027512,-6359.572028182448,0.197788563113211,3
165.937059,"Field2d",[4176.214524373035; -6359.570854207489; 0.19778843016821063],4176.214524373035,-6359.570854207489,0.19778843016821063,3
165.941633,"Field2d",[4176.205265409586; -6359.569889714101; 0.19778813359858932],4176.205265409586,-6359.569889714101,0.19778813359858932,3
165.94523,"Field2d",[4176.212080185979; -6359.578326643735; 0.19778816427820597],4176.212080185979,-6359.578326643735,0.19778816427820597,3
165.949095,"Field2d",[4176.208860418356; -6359.57755256519; 0.19783574352168212],4176.208860418356,-6359.57755256519,0.19783574352168212,3
165.953982,"Field2d",[4176.206888095773; -6359.5771522603345; 0.19783572961359017],4176.206888095773,-6359.5771522603345,0.19783572961359017,3
165.956979,"Field2d",[4176.211996876934; -6359.588032223597; 0.1978356519600732],4176.211996876934,-6359.588032223597,0.1978356519600732,3
165.961916,"Field2d",[4176.20951978358; -6359.5871396859775; 0.1978357806099293],4176.20951978358,-6359.5871396859775,0.1978357806099293,3
165.965122,"Field2d",[4176.223546638063; -6359.59973999878; 0.19783562298488067],4176.223546638063,-6359.59973999878,0.19783562298488067,3
165.969875,"Field2d",[4176.202861251985; -6359.594723208833; 0.19802877877773564],4176.202861251985,-6359.594723208833,0.19802877877773564,3
165.974567,"Field2d",[4176.214746365065; -6359.60149273098; 0.19802971471054423],4176.214746365065,-6359.60149273098,0.19802971471054423,3
165.977973,"Field2d",[4176.1940430266195; -6359.599576305057; 0.19802830017573184],4176.1940430266195,-6359.599576305057,0.19802830017573184,3
165.981064,"Field2d",[4176.193661676238; -6359.599544133563; 0.19802827890452396],4176.193661676238,-6359.599544133563,0.19802827890452396,3
165.985522,"Field2d",[4176.21018651974; -6359.6077779632415; 0.1980295232697353],4176.21018651974,-6359.6077779632415,0.1980295232697353,3
165.989694,"Field2d",[4176.218436853992; -6359.614281306037; 0.19763879341030155],4176.218436853992,-6359.614281306037,0.19763879341030155,3
165.992818,"Field2d",[4176.206212148754; -6359.617268458713; 0.19764243610333856],4176.206212148754,-6359.617268458713,0.19764243610333856,3
165.99716,"Field2d",[4176.195887023229; -6359.616859998249; 0.19764249214477184],4176.195887023229,-6359.616859998249,0.19764249214477184,3
166.001446,"Field2d",[4176.211217227058; -6359.627970565358; 0.19763903625651852],4176.211217227058,-6359.627970565358,0.19763903625651852,3
166.00495,"Field2d",[4176.195653052307; -6359.623262355823; 0.19764097902613703],4176.195653052307,-6359.623262355823,0.19764097902613703,3
166.009678,"Field2d",[4176.20236959564; -6359.634076918002; 0.19778793234031122],4176.20236959564,-6359.634076918002,0.19778793234031122,3
166.013312,"Field2d",[4176.177424331692; -6359.633232565547; 0.19778818036795856],4176.177424331692,-6359.633232565547,0.19778818036795856,3
166.017033,"Field2d",[4176.195271863427; -6359.641582010819; 0.19778909223431923],4176.195271863427,-6359.641582010819,0.19778909223431923,3
166.021539,"Field2d",[4176.183440204485; -6359.639298443127; 0.1977885305246386],4176.183440204485,-6359.639298443127,0.1977885305246386,3
166.026091,"Field2d",[4176.196031084909; -6359.65471681049; 0.19778801258454518],4176.196031084909,-6359.65471681049,0.19778801258454518,3
166.029124,"Field2d",[4176.199890888019; -6359.657936213858; 0.19754446961343064],4176.199890888019,-6359.657936213858,0.19754446961343064,3
166.033931,"Field2d",[4176.190073503747; -6359.65298921943; 0.1975453525045957],4176.190073503747,-6359.65298921943,0.1975453525045957,3
166.037701,"Field2d",[4176.182546262581; -6359.650618606822; 0.19754598314113733],4176.182546262581,-6359.650618606822,0.19754598314113733,3
166.041563,"Field2d",[4176.1838448720855; -6359.651068144792; 0.1975458696265552],4176.1838448720855,-6359.651068144792,0.1975458696265552,3
166.045315,"Field2d",[4176.172795633017; -6359.649896478874; 0.19754676513045508],4176.172795633017,-6359.649896478874,0.19754676513045508,3
166.050706,"Field2d",[4176.172450197024; -6359.649853682289; 0.1977887643714907],4176.172450197024,-6359.649853682289,0.1977887643714907,3
166.053445,"Field2d",[4176.194054350866; -6359.668674066655; 0.19778797304193288],4176.194054350866,-6359.668674066655,0.19778797304193288,3
166.057197,"Field2d",[4176.182994079232; -6359.66314862834; 0.19778988090496713],4176.182994079232,-6359.66314862834,0.19778988090496713,3
166.060958,"Field2d",[4176.167166896928; -6359.660983223045; 0.19778877521162536],4176.167166896928,-6359.660983223045,0.19778877521162536,3
166.065668,"Field2d",[4176.179153948761; -6359.6660934797865; 0.19778968578262393],4176.179153948761,-6359.6660934797865,0.19778968578262393,3
166.068957,"Field2d",[4176.178196651357; -6359.665756013722; 0.1980295887195919],4176.178196651357,-6359.665756013722,0.1980295887195919,3
166.073223,"Field2d",[4176.166344889449; -6359.664620419997; 0.19802856797468327],4176.166344889449,-6359.664620419997,0.19802856797468327,3
166.077561,"Field2d",[4176.188773970853; -6359.683187497258; 0.19803105268267382],4176.188773970853,-6359.683187497258,0.19803105268267382,3
166.081207,"Field2d",[4176.176521864584; -6359.6859262672; 0.1980284336661346],4176.176521864584,-6359.6859262672,0.1980284336661346,3
166.086028,"Field2d",[4176.167185259286; -6359.685336562775; 0.1980285008204154],4176.167185259286,-6359.685336562775,0.1980285008204154,3
166.089111,"Field2d",[4176.158363557739; -6359.684357712322; 0.19846090709707082],4176.158363557739,-6359.684357712322,0.19846090709707082,3
166.093546,"Field2d",[4176.160072402167; -6359.684611375193; 0.19846115007962975],4176.160072402167,-6359.684611375193,0.19846115007962975,3
166.097253,"Field2d",[4176.1533293980765; -6359.684550435142; 0.19846020023872604],4176.1533293980765,-6359.684550435142,0.19846020023872604,3
166.101839,"Field2d",[4176.176409456318; -6359.699383288931; 0.1984640658703142],4176.176409456318,-6359.699383288931,0.1984640658703142,3
166.106231,"Field2d",[4176.150927861437; -6359.69814801047; 0.1984604653106153],4176.150927861437,-6359.69814801047,0.1984604653106153,3
166.109371,"Field2d",[4176.15863910489; -6359.700147211144; 0.1987482795808538],4176.15863910489,-6359.700147211144,0.1987482795808538,3
166.114359,"Field2d",[4176.172960498197; -6359.729140937183; 0.19874849447451803],4176.172960498197,-6359.729140937183,0.19874849447451803,3
166.116932,"Field2d",[4176.165704956597; -6359.722782493904; 0.19874680218691382],4176.165704956597,-6359.722782493904,0.19874680218691382,3
166.121296,"Field2d",[4176.166399543653; -6359.72341852514; 0.1987468827720408],4176.166399543653,-6359.72341852514,0.1987468827720408,3
166.124971,"Field2d",[4176.14196913786; -6359.717762644229; 0.19874817213402193],4176.14196913786,-6359.717762644229,0.19874817213402193,3
166.13003,"Field2d",[4176.152379280082; -6359.732211851625; 0.19797732272164623],4176.152379280082,-6359.732211851625,0.19797732272164623,3
166.133625,"Field2d",[4176.127648820196; -6359.730210035212; 0.19797605606256685],4176.127648820196,-6359.730210035212,0.19797605606256685,3
166.137802,"Field2d",[4176.141495569621; -6359.7358616776; 0.19797240961981463],4176.141495569621,-6359.7358616776,0.19797240961981463,3
166.141032,"Field2d",[4176.1385783837; -6359.7433596915425; 0.1979772843380246],4176.1385783837,-6359.7433596915425,0.1979772843380246,3
166.14545,"Field2d",[4176.127957408501; -6359.741565434262; 0.19797494293793794],4176.127957408501,-6359.741565434262,0.19797494293793794,3
166.149638,"Field2d",[4176.141958646355; -6359.749731113687; 0.19822154521216687],4176.141958646355,-6359.749731113687,0.19822154521216687,3
166.153265,"Field2d",[4176.146820516252; -6359.753453864094; 0.1982219706361775],4176.146820516252,-6359.753453864094,0.1982219706361775,3
166.157094,"Field2d",[4176.141676344525; -6359.750431299943; 0.19822156702878024],4176.141676344525,-6359.750431299943,0.19822156702878024,3
166.161877,"Field2d",[4176.1305533200575; -6359.747073569615; 0.1982207489057038],4176.1305533200575,-6359.747073569615,0.1982207489057038,3
166.166699,"Field2d",[4176.123525782123; -6359.746028723783; 0.19822025803184443],4176.123525782123,-6359.746028723783,0.19822025803184443,3
166.169625,"Field2d",[4176.140675731739; -6359.756595715412; 0.19647336193777507],4176.140675731739,-6359.756595715412,0.19647336193777507,3
166.174533,"Field2d",[4176.145056305759; -6359.760047125675; 0.19647037203877551],4176.145056305759,-6359.760047125675,0.19647037203877551,3
166.177188,"Field2d",[4176.126399812793; -6359.7548679277925; 0.19648087939809372],4176.126399812793,-6359.7548679277925,0.19648087939809372,3
166.181847,"Field2d",[4176.127936361062; -6359.755349644893; 0.1964800251412587],4176.127936361062,-6359.755349644893,0.1964800251412587,3
166.185858,"Field2d",[4176.123981219352; -6359.760351864651; 0.1964861757906103],4176.123981219352,-6359.760351864651,0.1964861757906103,3
166.188985,"Field2d",[4176.122338608095; -6359.759919256947; 0.19658997188478733],4176.122338608095,-6359.759919256947,0.19658997188478733,3
166.19421,"Field2d",[4176.135627045073; -6359.769065711076; 0.19659835253315858],4176.135627045073,-6359.769065711076,0.19659835253315858,3
166.197133,"Field2d",[4176.113860233908; -6359.765739354492; 0.1965897826938249],4176.113860233908,-6359.765739354492,0.1965897826938249,3
166.201889,"Field2d",[4176.130996713157; -6359.7766811062575; 0.19659044230556347],4176.130996713157,-6359.7766811062575,0.19659044230556347,3
166.20589,"Field2d",[4176.111269782482; -6359.773520173873; 0.19658979292036188],4176.111269782482,-6359.773520173873,0.19658979292036188,3
166.20983,"Field2d",[4176.131601979179; -6359.790299279654; 0.19634613500294287],4176.131601979179,-6359.790299279654,0.19634613500294287,3
166.212843,"Field2d",[4176.123010254605; -6359.785711233284; 0.19634690008439482],4176.123010254605,-6359.785711233284,0.19634690008439482,3
166.218223,"Field2d",[4176.11670832282; -6359.78338975795; 0.19634743070539398],4176.11670832282,-6359.78338975795,0.19634743070539398,3
166.220971,"Field2d",[4176.113811322511; -6359.782522078592; 0.19634766516583615],4176.113811322511,-6359.782522078592,0.19634766516583615,3
166.226709,"Field2d",[4176.12558025671; -6359.790215024511; 0.19634656690375618],4176.12558025671,-6359.790215024511,0.19634656690375618,3
166.230278,"Field2d",[4176.125722533383; -6359.790301001243; 0.19659230708079192],4176.125722533383,-6359.790301001243,0.19659230708079192,3
166.233496,"Field2d",[4176.109761636683; -6359.786785571545; 0.19659093154317836],4176.109761636683,-6359.786785571545,0.19659093154317836,3
166.237033,"Field2d",[4176.1038561966125; -6359.786220804928; 0.19659042894289389],4176.1038561966125,-6359.786220804928,0.19659042894289389,3
166.2422,"Field2d",[4176.127968201543; -6359.821800407552; 0.19659066701669675],4176.127968201543,-6359.821800407552,0.19659066701669675,3
166.245644,"Field2d",[4176.111877409849; -6359.811232640977; 0.196592426117694],4176.111877409849,-6359.811232640977,0.196592426117694,3
166.250188,"Field2d",[4176.101496414563; -6359.807308735833; 0.1967825269707563],4176.101496414563,-6359.807308735833,0.1967825269707563,3
166.253342,"Field2d",[4176.111861783799; -6359.814751750765; 0.19678325039609684],4176.111861783799,-6359.814751750765,0.19678325039609684,3
166.256879,"Field2d",[4176.10554880293; -6359.811487836068; 0.19678284849313304],4176.10554880293,-6359.811487836068,0.19678284849313304,3
166.261149,"Field2d",[4176.091987290945; -6359.808822235035; 0.1967820625495557],4176.091987290945,-6359.808822235035,0.1967820625495557,3
166.265067,"Field2d",[4176.101964439242; -6359.813249816759; 0.196782678800768],4176.101964439242,-6359.813249816759,0.196782678800768,3
166.26919,"Field2d",[4176.106948648529; -6359.816103840836; 0.19673267116343643],4176.106948648529,-6359.816103840836,0.19673267116343643,3
166.273424,"Field2d",[4176.088878408293; -6359.813449012161; 0.19673286096799164],4176.088878408293,-6359.813449012161,0.19673286096799164,3
166.276743,"Field2d",[4176.089305288773; -6359.813515624728; 0.1967328560592529],4176.089305288773,-6359.813515624728,0.1967328560592529,3
166.281437,"Field2d",[4176.096808301847; -6359.815971982051; 0.19673277424694482],4176.096808301847,-6359.815971982051,0.19673277424694482,3
166.286246,"Field2d",[4176.090515584595; -6359.814792538338; 0.19673284133303792],4176.090515584595,-6359.814792538338,0.19673284133303792,3
166.288845,"Field2d",[4176.099136543351; -6359.8181565511195; 0.19663608825600867],4176.099136543351,-6359.8181565511195,0.19663608825600867,3
166.29323,"Field2d",[4176.099718914568; -6359.818392429164; 0.19663606398502081],4176.099718914568,-6359.818392429164,0.19663606398502081,3
166.297909,"Field2d",[4176.107813795146; -6359.823736421446; 0.1966356877847543],4176.107813795146,-6359.823736421446,0.1966356877847543,3
166.302037,"Field2d",[4176.1136888422525; -6359.829182784571; 0.19663537832969719],4176.1136888422525,-6359.829182784571,0.19663537832969719,3
166.305106,"Field2d",[4176.113602241101; -6359.829102933103; 0.19663693774047591],4176.113602241101,-6359.829102933103,0.19663693774047591,3
166.309145,"Field2d",[4176.0962702285315; -6359.822405845017; 0.196637330235031],4176.0962702285315,-6359.822405845017,0.196637330235031,3
166.313596,"Field2d",[4176.077931051452; -6359.822531191813; 0.1966372185612297],4176.077931051452,-6359.822531191813,0.1966372185612297,3
166.317085,"Field2d",[4176.103372171737; -6359.841688141517; 0.1966374123200471],4176.103372171737,-6359.841688141517,0.1966374123200471,3
166.322328,"Field2d",[4176.080961495226; -6359.837634468627; 0.19663727392089278],4176.080961495226,-6359.837634468627,0.19663727392089278,3
166.325867,"Field2d",[4176.101427411253; -6359.856853393064; 0.19663720138064475],4176.101427411253,-6359.856853393064,0.19663720138064475,3
166.328883,"Field2d",[4176.097084712998; -6359.853713414677; 0.19658843688134525],4176.097084712998,-6359.853713414677,0.19658843688134525,3
166.333085,"Field2d",[4176.06847278506; -6359.852572515435; 0.1965889952503505],4176.06847278506,-6359.852572515435,0.1965889952503505,3
166.337803,"Field2d",[4176.090223782103; -6359.866460496365; 0.19658849517261526],4176.090223782103,-6359.866460496365,0.19658849517261526,3
166.341704,"Field2d",[4176.094826605245; -6359.870263219696; 0.19658837859007214],4176.094826605245,-6359.870263219696,0.19658837859007214,3
166.345249,"Field2d",[4176.090641989741; -6359.8674761911825; 0.19658847676484226],4176.090641989741,-6359.8674761911825,0.19658847676484226,3
166.348808,"Field2d",[4176.088163466446; -6359.866007102556; 0.19658911653709826],4176.088163466446,-6359.866007102556,0.19658911653709826,3
166.3538,"Field2d",[4176.06507877959; -6359.864583914999; 0.19658918669115197],4176.06507877959,-6359.864583914999,0.19658918669115197,3
166.357895,"Field2d",[4176.068698007898; -6359.865080611312; 0.19658917571466822],4176.068698007898,-6359.865080611312,0.19658917571466822,3
166.361074,"Field2d",[4176.08518935494; -6359.874681992075; 0.1965891179688135],4176.08518935494,-6359.874681992075,0.1965891179688135,3
166.36489,"Field2d",[4176.077232603678; -6359.871745803843; 0.19658914326245225],4176.077232603678,-6359.871745803843,0.19658914326245225,3
166.369917,"Field2d",[4176.084213400878; -6359.883934239397; 0.19663727848874687],4176.084213400878,-6359.883934239397,0.19663727848874687,3
166.372748,"Field2d",[4176.064030425531; -6359.88034174728; 0.19663740952479417],4176.064030425531,-6359.88034174728,0.19663740952479417,3
166.377168,"Field2d",[4176.073687074916; -6359.884325543993; 0.19663754901477998],4176.073687074916,-6359.884325543993,0.19663754901477998,3
166.382287,"Field2d",[4176.189025881774; -6359.678512570146; 0.19664072558219578],4176.189025881774,-6359.678512570146,0.19664072558219578,3
166.386093,"Field2d",[4175.954444016892; -6359.616848308849; 0.19644399152349679],4175.954444016892,-6359.616848308849,0.19644399152349679,3
166.388987,"Field2d",[4175.962347022798; -6359.620527551944; 0.1964434403130621],4175.962347022798,-6359.620527551944,0.1964434403130621,3
166.394184,"Field2d",[4175.970533183591; -6359.6266941582235; 0.19644278888255262],4175.970533183591,-6359.6266941582235,0.19644278888255262,3
166.398227,"Field2d",[4176.094357019804; -6359.499922043715; 0.19642768571677727],4176.094357019804,-6359.499922043715,0.19642768571677727,3
166.401868,"Field2d",[4175.96601616041; -6359.385045066009; 0.19644509394435541],4175.96601616041,-6359.385045066009,0.19644509394435541,3
166.40531,"Field2d",[4175.945003495716; -6359.378973745147; 0.1964439213694364],4175.945003495716,-6359.378973745147,0.1964439213694364,3
166.410703,"Field2d",[4176.2046799537275; -6359.571805808376; 0.1965024040801857],4176.2046799537275,-6359.571805808376,0.1965024040801857,3
166.413732,"Field2d",[4175.877030550093; -6359.524934313856; 0.196493785153464],4175.877030550093,-6359.524934313856,0.196493785153464,3
166.417812,"Field2d",[4175.873466457602; -6359.524688265111; 0.1964936910693071],4175.873466457602,-6359.524688265111,0.1964936910693071,3
166.421751,"Field2d",[4175.8914526242015; -6359.534178343093; 0.19649422284931511],4175.8914526242015,-6359.534178343093,0.19649422284931511,3
166.425319,"Field2d",[4175.886486538233; -6359.532217345914; 0.19649408376838748],4175.886486538233,-6359.532217345914,0.19649408376838748,3
166.430313,"Field2d",[4175.900593182603; -6359.546438915434; 0.19644413789934953],4175.900593182603,-6359.546438915434,0.19644413789934953,3
166.433298,"Field2d",[4175.894312390584; -6359.541856395217; 0.1964443458389697],4175.894312390584,-6359.541856395217,0.1964443458389697,3
166.437373,"Field2d",[4175.886814241478; -6359.538150723741; 0.196444566254964],4175.886814241478,-6359.538150723741,0.196444566254964,3
166.441805,"Field2d",[4175.896518301663; -6359.546738079823; 0.19644528572603925],4175.896518301663,-6359.546738079823,0.19644528572603925,3
166.44569,"Field2d",[4175.865744490088; -6359.543915230793; 0.19644504035729438],4175.865744490088,-6359.543915230793,0.19644504035729438,3
166.448776,"Field2d",[4175.871117932771; -6359.551382707981; 0.196397296943781],4175.871117932771,-6359.551382707981,0.196397296943781,3
166.454378,"Field2d",[4175.887451498322; -6359.565035469505; 0.19639683334069755],4175.887451498322,-6359.565035469505,0.19639683334069755,3
166.457827,"Field2d",[4175.873559848622; -6359.559366012053; 0.1963970558701787],4175.873559848622,-6359.559366012053,0.1963970558701787,3
166.46172,"Field2d",[4175.881007521843; -6359.564123425426; 0.19639692606131584],4175.881007521843,-6359.564123425426,0.19639692606131584,3
166.465669,"Field2d",[4175.874159343065; -6359.569539445711; 0.19639727839965793],4175.874159343065,-6359.569539445711,0.19639727839965793,3
166.470264,"Field2d",[4175.863111899922; -6359.568753959978; 0.19654187115601363],4175.863111899922,-6359.568753959978,0.19654187115601363,3
166.473265,"Field2d",[4175.877331020766; -6359.578711502158; 0.19654319549276195],4175.877331020766,-6359.578711502158,0.19654319549276195,3
166.477537,"Field2d",[4175.868286935581; -6359.574790912352; 0.19654271873153675],4175.868286935581,-6359.574790912352,0.19654271873153675,3
166.481211,"Field2d",[4175.872733572264; -6359.57729935543; 0.1965429684636038],4175.872733572264,-6359.57729935543,0.1965429684636038,3
166.484936,"Field2d",[4175.856329782168; -6359.574439484593; 0.19654216629392068],4175.856329782168,-6359.574439484593,0.19654216629392068,3
166.488893,"Field2d",[4175.873079268815; -6359.5854596494; 0.19654120561288504],4175.873079268815,-6359.5854596494,0.19654120561288504,3
166.494112,"Field2d",[4175.849511086413; -6359.58316609224; 0.19654125708646245],4175.849511086413,-6359.58316609224,0.19654125708646245,3
166.49687,"Field2d",[4175.873142641746; -6359.606236503378; 0.1965412727671547],4175.873142641746,-6359.606236503378,0.1965412727671547,3
166.501646,"Field2d",[4175.861622831929; -6359.59988390017; 0.1965412137941159],4175.861622831929,-6359.59988390017,0.1965412137941159,3
166.506068,"Field2d",[4175.869822616332; -6359.607209456313; 0.19654127753953948],4175.869822616332,-6359.607209456313,0.19654127753953948,3
166.509704,"Field2d",[4175.838367988975; -6359.604733410713; 0.19639700282853162],4175.838367988975,-6359.604733410713,0.19639700282853162,3
166.513326,"Field2d",[4175.845412882234; -6359.60635795311; 0.19639674880131236],4175.845412882234,-6359.60635795311,0.19639674880131236,3
166.516921,"Field2d",[4175.844798842719; -6359.606224653283; 0.196396770890633],4175.844798842719,-6359.606224653283,0.196396770890633,3
166.521077,"Field2d",[4175.8531559294215; -6359.609753727576; 0.19639645059544125],4175.8531559294215,-6359.609753727576,0.19639645059544125,3
166.525712,"Field2d",[4175.857884320679; -6359.612401861348; 0.19639626283619446],4175.857884320679,-6359.612401861348,0.19639626283619446,3
166.530481,"Field2d",[4175.844415229773; -6359.609272044915; 0.19625250613345754],4175.844415229773,-6359.609272044915,0.19625250613345754,3
166.53331,"Field2d",[4175.847753993886; -6359.610304827811; 0.1962523038525278],4175.847753993886,-6359.610304827811,0.1962523038525278,3
166.5378,"Field2d",[4175.847732312972; -6359.618875326175; 0.19625324489859902],4175.847732312972,-6359.618875326175,0.19625324489859902,3
166.542194,"Field2d",[4175.903379630506; -6359.401564698323; 0.19623955135890575],4175.903379630506,-6359.401564698323,0.19623955135890575,3
166.54508,"Field2d",[4175.67919588154; -6359.3471668403645; 0.19625247095416082],4175.67919588154,-6359.3471668403645,0.19625247095416082,3
166.549895,"Field2d",[4175.676623705541; -6359.352482071638; 0.19625377204258174],4175.676623705541,-6359.352482071638,0.19625377204258174,3
166.552975,"Field2d",[4175.6695441091015; -6359.351868129466; 0.19625380054053643],4175.6695441091015,-6359.351868129466,0.19625380054053643,3
166.558054,"Field2d",[4175.693543338567; -6359.375462337005; 0.1962537375450592],4175.693543338567,-6359.375462337005,0.1962537375450592,3
166.561015,"Field2d",[4175.682517409035; -6359.369191529827; 0.19625400002621599],4175.682517409035,-6359.369191529827,0.19625400002621599,3
166.564798,"Field2d",[4175.663420328674; -6359.366830220919; 0.19625381703935213],4175.663420328674,-6359.366830220919,0.19625381703935213,3
166.569365,"Field2d",[4175.658830542716; -6359.366635950035; 0.19620544892068711],4175.658830542716,-6359.366635950035,0.19620544892068711,3
166.573957,"Field2d",[4175.677508912476; -6359.386949049318; 0.19620551266611164],4175.677508912476,-6359.386949049318,0.19620551266611164,3
166.576888,"Field2d",[4175.669835914254; -6359.383436159179; 0.19620499895298674],4175.669835914254,-6359.383436159179,0.19620499895298674,3
166.580768,"Field2d",[4175.674258539987; -6359.386061412704; 0.19620487521187205],4175.674258539987,-6359.386061412704,0.19620487521187205,3
166.584864,"Field2d",[4175.672918030371; -6359.3853214874525; 0.19620491270917598],4175.672918030371,-6359.3853214874525,0.19620491270917598,3
166.589475,"Field2d",[4175.669981909217; -6359.383923726914; 0.1960607877146948],4175.669981909217,-6359.383923726914,0.1960607877146948,3
166.594026,"Field2d",[4175.6659672684245; -6359.382428799491; 0.19606094615786762],4175.6659672684245,-6359.382428799491,0.19606094615786762,3
166.597476,"Field2d",[4175.651265192734; -6359.381621373388; 0.1960614780742279],4175.651265192734,-6359.381621373388,0.1960614780742279,3
166.60129,"Field2d",[4175.674931408715; -6359.400624704018; 0.19606038028939818],4175.674931408715,-6359.400624704018,0.19606038028939818,3
166.606026,"Field2d",[4175.651392887708; -6359.396196467249; 0.19606124040946762],4175.651392887708,-6359.396196467249,0.19606124040946762,3
166.610302,"Field2d",[4175.651981296453; -6359.402340032172; 0.1959656578620458],4175.651981296453,-6359.402340032172,0.1959656578620458,3
166.613898,"Field2d",[4175.669468508093; -6359.418768425337; 0.1959658493028455],4175.669468508093,-6359.418768425337,0.1959658493028455,3
166.617042,"Field2d",[4175.6531799640525; -6359.412020635431; 0.19596514244450075],4175.6531799640525,-6359.412020635431,0.19596514244450075,3
166.621817,"Field2d",[4175.6448630786335; -6359.415882243293; 0.1959656529533053],4175.6448630786335,-6359.415882243293,0.1959656529533053,3
166.625384,"Field2d",[4175.6482688227325; -6359.421567881143; 0.19596578548924576],4175.6482688227325,-6359.421567881143,0.19596578548924576,3
166.630224,"Field2d",[4175.645241163141; -6359.420790044994; 0.1960183683053497],4175.645241163141,-6359.420790044994,0.1960183683053497,3
166.633649,"Field2d",[4175.644560842462; -6359.420591661184; 0.19601442140687236],4175.644560842462,-6359.420591661184,0.19601442140687236,3
166.637878,"Field2d",[4175.657412217314; -6359.43002430622; 0.1960147037275156],4175.657412217314,-6359.43002430622,0.1960147037275156,3
166.64224,"Field2d",[4175.659241988377; -6359.431508272516; 0.19601474565632054],4175.659241988377,-6359.431508272516,0.19601474565632054,3
166.645659,"Field2d",[4175.635598597557; -6359.427000077358; 0.1960143179824766],4175.635598597557,-6359.427000077358,0.1960143179824766,3
166.649989,"Field2d",[4175.630641253294; -6359.42661917872; 0.196013849266126],4175.630641253294,-6359.42661917872,0.196013849266126,3
166.653446,"Field2d",[4175.649575527823; -6359.4375759817685; 0.19601362973643108],4175.649575527823,-6359.4375759817685,0.19601362973643108,3
166.658086,"Field2d",[4175.65373290193; -6359.440606975069; 0.19601357955821527],4175.65373290193,-6359.440606975069,0.19601357955821527,3
166.660811,"Field2d",[4175.641259705849; -6359.435950313698; 0.19601371127603112],4175.641259705849,-6359.435950313698,0.19601371127603112,3
166.665437,"Field2d",[4175.644161239113; -6359.437254708724; 0.19601367991464516],4175.644161239113,-6359.437254708724,0.19601367991464516,3
166.668752,"Field2d",[4175.639549160287; -6359.43571152767; 0.19606254899734965],4175.639549160287,-6359.43571152767,0.19606254899734965,3
166.674312,"Field2d",[4175.628126914752; -6359.434705646446; 0.19606226531316862],4175.628126914752,-6359.434705646446,0.19606226531316862,3
166.677387,"Field2d",[4175.63173071345; -6359.435297026616; 0.19606235469311425],4175.63173071345,-6359.435297026616,0.19606235469311425,3
166.681004,"Field2d",[4175.630016847665; -6359.435077760619; 0.1960623119461825],4175.630016847665,-6359.435077760619,0.1960623119461825,3
166.686103,"Field2d",[4175.633211729348; -6359.441952710198; 0.19606222645232246],4175.633211729348,-6359.441952710198,0.19606222645232246,3
166.689598,"Field2d",[4175.650271963479; -6359.456684686883; 0.19606199662791154],4175.650271963479,-6359.456684686883,0.19606199662791154,3
166.693578,"Field2d",[4175.630554435526; -6359.45078981644; 0.19606196090320335],4175.630554435526,-6359.45078981644,0.19606196090320335,3
166.698237,"Field2d",[4175.701860709724; -6359.350438099985; 0.19606238659991634],4175.701860709724,-6359.350438099985,0.19606238659991634,3
166.700883,"Field2d",[4175.63115210693; -6359.279312661662; 0.19606193308701841],4175.63115210693,-6359.279312661662,0.19606193308701841,3
166.705817,"Field2d",[4175.6001469811235; -6359.274736260105; 0.19606194863135673],4175.6001469811235,-6359.274736260105,0.19606194863135673,3
166.710487,"Field2d",[4175.608869782204; -6359.277731400603; 0.19615819576743734],4175.608869782204,-6359.277731400603,0.19615819576743734,3
166.714193,"Field2d",[4175.619541412764; -6359.2849451290695; 0.1961583994800854],4175.619541412764,-6359.2849451290695,0.1961583994800854,3
166.716716,"Field2d",[4175.623173189777; -6359.28794823025; 0.19615847065679393],4175.623173189777,-6359.28794823025,0.19615847065679393,3
166.721783,"Field2d",[4175.613152748326; -6359.2829622516; 0.19615829639657528],4175.613152748326,-6359.2829622516,0.19615829639657528,3
166.724986,"Field2d",[4175.594072276825; -6359.281623547732; 0.19615799696352443],4175.594072276825,-6359.281623547732,0.19615799696352443,3
166.730472,"Field2d",[4175.605849709249; -6359.2855403916765; 0.1961579030157238],4175.605849709249,-6359.2855403916765,0.1961579030157238,3
166.733923,"Field2d",[4175.619169421615; -6359.297026456316; 0.19615800119049476],4175.619169421615,-6359.297026456316,0.19615800119049476,3
166.736742,"Field2d",[4175.590426446128; -6359.294373546119; 0.19615785461010737],4175.590426446128,-6359.294373546119,0.19615785461010737,3
166.742492,"Field2d",[4175.86120848387; -6359.20160423917; 0.19615909679366164],4175.86120848387,-6359.20160423917,0.19615909679366164,3
166.745229,"Field2d",[4175.582309810992; -6359.155408923099; 0.19615786960903175],4175.582309810992,-6359.155408923099,0.19615786960903175,3
166.749534,"Field2d",[4175.588455910549; -6359.166453356784; 0.19620581878049934],4175.588455910549,-6359.166453356784,0.19620581878049934,3
166.753473,"Field2d",[4175.5851269526165; -6359.165391176794; 0.19620599774492484],4175.5851269526165,-6359.165391176794,0.19620599774492484,3
166.756998,"Field2d",[4175.57560566558; -6359.164314283031; 0.19620589377511516],4175.57560566558,-6359.164314283031,0.19620589377511516,3
166.762296,"Field2d",[4175.59663762229; -6359.18051283752; 0.19620618182261967],4175.59663762229,-6359.18051283752,0.19620618182261967,3
166.765695,"Field2d",[4175.568161112261; -6359.178470290413; 0.19620587332203815],4175.568161112261,-6359.178470290413,0.19620587332203815,3
166.768816,"Field2d",[4175.577826073231; -6359.181440768537; 0.19615764626142868],4175.577826073231,-6359.181440768537,0.19615764626142868,3
166.772838,"Field2d",[4175.593895169369; -6359.196327672771; 0.19615775698075216],4175.593895169369,-6359.196327672771,0.19615775698075216,3
166.777563,"Field2d",[4175.576729998818; -6359.18966928966; 0.19615762430845904],4175.576729998818,-6359.18966928966,0.19615762430845904,3
166.782207,"Field2d",[4175.580093788313; -6359.191279527611; 0.1961576023554889],4175.580093788313,-6359.191279527611,0.1961576023554889,3
166.785208,"Field2d",[4175.5713318614; -6359.188942519326; 0.1961576567606746],4175.5713318614,-6359.188942519326,0.1961576567606746,3
166.790446,"Field2d",[4175.690684124479; -6359.044179096465; 0.19594898287729104],4175.690684124479,-6359.044179096465,0.19594898287729104,3
166.792877,"Field2d",[4175.499671580611; -6359.009554240821; 0.19596489700757172],4175.499671580611,-6359.009554240821,0.19596489700757172,3
166.797186,"Field2d",[4175.521250522608; -6359.033859200284; 0.19596536824646896],4175.521250522608,-6359.033859200284,0.19596536824646896,3
166.801907,"Field2d",[4175.500567866282; -6359.0254272069815; 0.19596425887156232],4175.500567866282,-6359.0254272069815,0.19596425887156232,3
166.806132,"Field2d",[4175.5141556573635; -6358.922588867185; 0.1959508285629754],4175.5141556573635,-6358.922588867185,0.1959508285629754,3
166.809014,"Field2d",[4175.392208273788; -6358.897714796892; 0.19591792276612047],4175.392208273788,-6358.897714796892,0.19591792276612047,3
166.813453,"Field2d",[4175.403073103094; -6358.902929384743; 0.19591780727441044],4175.403073103094,-6358.902929384743,0.19591780727441044,3
166.818119,"Field2d",[4175.409227587031; -6358.907142642459; 0.1959177367794717],4175.409227587031,-6358.907142642459,0.1959177367794717,3
166.821238,"Field2d",[4175.389919652977; -6358.908917248514; 0.19591800825998357],4175.389919652977,-6358.908917248514,0.19591800825998357,3
166.824829,"Field2d",[4175.409616270014; -6358.929786838104; 0.19591802175901343],4175.409616270014,-6358.929786838104,0.19591802175901343,3
166.829285,"Field2d",[4175.392055500635; -6358.922094473818; 0.19586977029106425],4175.392055500635,-6358.922094473818,0.19586977029106425,3
166.833627,"Field2d",[4175.392805197851; -6358.922438220866; 0.1958697597236413],4175.392805197851,-6358.922438220866,0.1958697597236413,3
166.838143,"Field2d",[4175.402496027939; -6358.9303778204785; 0.1958695906448708],4175.402496027939,-6358.9303778204785,0.1958695906448708,3
166.841264,"Field2d",[4175.381366948405; -6358.925188495547; 0.19586988441923514],4175.381366948405,-6358.925188495547,0.19586988441923514,3
166.845729,"Field2d",[4175.390402140908; -6358.929507687765; 0.19586974915622057],4175.390402140908,-6358.929507687765,0.19586974915622057,3
166.85105,"Field2d",[4175.383578490774; -6358.927375420779; 0.1959667156952024],4175.383578490774,-6358.927375420779,0.1959667156952024,3
166.853177,"Field2d",[4175.398210928091; -6358.939499468908; 0.19596723540789004],4175.398210928091,-6358.939499468908,0.19596723540789004,3
166.85768,"Field2d",[4175.383073338303; -6358.933791742252; 0.19596678871268558],4175.383073338303,-6358.933791742252,0.19596678871268558,3
166.861759,"Field2d",[4175.274955044254; -6358.885713778994; 0.19597106238316173],4175.274955044254,-6358.885713778994,0.19597106238316173,3
166.866145,"Field2d",[4175.152706948506; -6358.862332339835; 0.1959665653650856],4175.152706948506,-6358.862332339835,0.1959665653650856,3
166.869738,"Field2d",[4175.162420734828; -6358.8665039407915; 0.19591776268670186],4175.162420734828,-6358.8665039407915,0.19591776268670186,3
166.872817,"Field2d",[4175.163913251271; -6358.867205703586; 0.19591774427893455],4175.163913251271,-6358.867205703586,0.19591774427893455,3
166.877347,"Field2d",[4175.153772531824; -6358.864870763737; 0.195917865770212],4175.153772531824,-6358.864870763737,0.195917865770212,3
166.882333,"Field2d",[4175.166240161153; -6358.872020370043; 0.19591769641873244],4175.166240161153,-6358.872020370043,0.19591769641873244,3
166.885381,"Field2d",[4175.164142123941; -6358.870948264339; 0.1959177258711636],4175.164142123941,-6358.870948264339,0.1959177258711636,3
166.889957,"Field2d",[4175.162314910958; -6358.870083603833; 0.19577276495940973],4175.162314910958,-6358.870083603833,0.19577276495940973,3
166.893203,"Field2d",[4175.149397925441; -6358.86782145835; 0.19577341209477991],4175.149397925441,-6358.86782145835,0.19577341209477991,3
166.896938,"Field2d",[4175.1689972727545; -6358.884227647404; 0.1957721563440139],4175.1689972727545,-6358.884227647404,0.1957721563440139,3
166.902027,"Field2d",[4175.161086980606; -6358.879790928595; 0.19577260317557718],4175.161086980606,-6358.879790928595,0.19577260317557718,3
166.905492,"Field2d",[4175.142429298299; -6358.8774289426165; 0.19577351995066855],4175.142429298299,-6358.8774289426165,0.19577351995066855,3
166.909326,"Field2d",[4175.141998822117; -6358.877381095185; 0.19567801846561197],4175.141998822117,-6358.877381095185,0.19567801846561197,3
166.913333,"Field2d",[4175.162926177035; -6358.893329745327; 0.19567730833477032],4175.162926177035,-6358.893329745327,0.19567730833477032,3
166.916886,"Field2d",[4175.159551894458; -6358.891171145552; 0.1956774140090041],4175.159551894458,-6358.891171145552,0.1956774140090041,3
166.921243,"Field2d",[4175.155061624555; -6358.888911561532; 0.19567754927202005],4175.155061624555,-6358.888911561532,0.19567754927202005,3
166.924831,"Field2d",[4175.161167091166; -6358.8932688210625; 0.1956773506044621],4175.161167091166,-6358.8932688210625,0.1956773506044621,3
166.929604,"Field2d",[4175.145646111648; -6358.888800383526; 0.1959197030019582],4175.145646111648,-6358.888800383526,0.1959197030019582,3
166.933017,"Field2d",[4175.1568372006595; -6358.895643582532; 0.19592060784609563],4175.1568372006595,-6358.895643582532,0.19592060784609563,3
166.937698,"Field2d",[4175.140023389021; -6358.897919015635; 0.19591885201759968],4175.140023389021,-6358.897919015635,0.19591885201759968,3
166.942238,"Field2d",[4175.23364186102; -6358.802700355029; 0.1959370889356851],4175.23364186102,-6358.802700355029,0.1959370889356851,3
166.945915,"Field2d",[4175.103946675877; -6358.810920770231; 0.19591867966633708],4175.103946675877,-6358.810920770231,0.19591867966633708,3
166.949306,"Field2d",[4175.099958617594; -6358.809604050799; 0.19572472490810422],4175.099958617594,-6358.809604050799,0.19572472490810422,3
166.953864,"Field2d",[4175.089654081037; -6358.808500656121; 0.19572539985965665],4175.089654081037,-6358.808500656121,0.19572539985965665,3
166.957427,"Field2d",[4175.098301597673; -6358.820708531105; 0.19572579869465637],4175.098301597673,-6358.820708531105,0.19572579869465637,3
166.961168,"Field2d",[4175.104167777279; -6358.82413065454; 0.19572406018309416],4175.104167777279,-6358.82413065454,0.19572406018309416,3
166.966038,"Field2d",[4175.104972230998; -6358.824620997039; 0.19572398859732795],4175.104972230998,-6358.824620997039,0.19572398859732795,3
166.969348,"Field2d",[4175.101400523391; -6358.822740298007; 0.1957748617407112],4175.101400523391,-6358.822740298007,0.1957748617407112,3
166.973602,"Field2d",[4175.086639877584; -6358.820093997849; 0.1957746091452098],4175.086639877584,-6358.820093997849,0.1957746091452098,3
166.978373,"Field2d",[4175.106431310644; -6358.837237638826; 0.19577505052261465],4175.106431310644,-6358.837237638826,0.19577505052261465,3
166.981504,"Field2d",[4175.077002558465; -6358.834064053038; 0.1957745506494083],4175.077002558465,-6358.834064053038,0.1957745506494083,3
166.985862,"Field2d",[4175.0773924949; -6358.834109343443; 0.19577455596720877],4175.0773924949,-6358.834109343443,0.19577455596720877,3
166.990362,"Field2d",[4175.090913614111; -6358.840269838089; 0.19577439063816718],4175.090913614111,-6358.840269838089,0.19577439063816718,3
166.992961,"Field2d",[4175.084913667467; -6358.846628488365; 0.19577431809792087],4175.084913667467,-6358.846628488365,0.19577431809792087,3
166.996774,"Field2d",[4175.0965976404095; -6358.8555865812805; 0.1957744240448601],4175.0965976404095,-6358.8555865812805,0.1957744240448601,3
167.002039,"Field2d",[4175.077826529869; -6358.850701357373; 0.1957743653445293],4175.077826529869,-6358.850701357373,0.1957743653445293,3
167.005037,"Field2d",[4175.068183171932; -6358.85015354469; 0.19577433575574402],4175.068183171932,-6358.85015354469,0.19577433575574402,3
167.009236,"Field2d",[4175.079738548229; -6358.853775813682; 0.19577411724870228],4175.079738548229,-6358.853775813682,0.19577411724870228,3
167.013476,"Field2d",[4175.080249358824; -6358.862669805442; 0.19577423430848054],4175.080249358824,-6358.862669805442,0.19577423430848054,3
167.016781,"Field2d",[4175.092587795501; -6358.873735311038; 0.19577426096565834],4175.092587795501,-6358.873735311038,0.19577426096565834,3
167.022068,"Field2d",[4175.070165825568; -6358.867900056177; 0.19577413463381788],4175.070165825568,-6358.867900056177,0.19577413463381788,3
167.025698,"Field2d",[4175.080617559803; -6358.873586669628; 0.19577404770823958],4175.080617559803,-6358.873586669628,0.19577404770823958,3
167.029216,"Field2d",[4175.074524867592; -6358.8712976764; 0.19562952019719615],4175.074524867592,-6358.8712976764,0.19562952019719615,3
167.033953,"Field2d",[4175.086930783103; -6358.8815000876; 0.19562894996540456],4175.086930783103,-6358.8815000876,0.19562894996540456,3
167.037088,"Field2d",[4175.063483517091; -6358.876784939735; 0.19562979972258207],4175.063483517091,-6358.876784939735,0.19562979972258207,3
167.042246,"Field2d",[4175.063756343392; -6358.876841433801; 0.1956297885415678],4175.063756343392,-6358.876841433801,0.1956297885415678,3
167.045841,"Field2d",[4175.066446512861; -6358.877560485503; 0.1956296879124298],4175.066446512861,-6358.877560485503,0.1956296879124298,3
167.048896,"Field2d",[4175.0636889486195; -6358.87698561259; 0.1956303936117697],4175.0636889486195,-6358.87698561259,0.1956303936117697,3
167.054138,"Field2d",[4175.075774532942; -6358.883363272954; 0.1956303283664543],4175.075774532942,-6358.883363272954,0.1956303283664543,3
167.05764,"Field2d",[4175.073821745111; -6358.882440754403; 0.1956303381157544],4175.073821745111,-6358.882440754403,0.1956303381157544,3
167.061021,"Field2d",[4175.075765602107; -6358.88346882834; 0.195630327616508],4175.075765602107,-6358.88346882834,0.195630327616508,3
167.066233,"Field2d",[4175.077315205053; -6358.891605564763; 0.19563044835784005],4175.077315205053,-6358.891605564763,0.19563044835784005,3
167.069901,"Field2d",[4175.062294431327; -6358.887612015049; 0.19563055512290306],4175.062294431327,-6358.887612015049,0.19563055512290306,3
167.07334,"Field2d",[4175.0782720465795; -6358.900580232011; 0.19563061764114256],4175.0782720465795,-6358.900580232011,0.19563061764114256,3
167.077116,"Field2d",[4175.072817001746; -6358.897230374695; 0.19563059807436506],4175.072817001746,-6358.897230374695,0.19563059807436506,3
167.082254,"Field2d",[4175.182065595747; -6358.758226783366; 0.1956313153637814],4175.182065595747,-6358.758226783366,0.1956313153637814,3
167.085672,"Field2d",[4175.0419204054115; -6358.657844627349; 0.1956306085736118],4175.0419204054115,-6358.657844627349,0.1956306085736118,3
167.088775,"Field2d",[4175.015304342865; -6358.655875383731; 0.1955823156540925],4175.015304342865,-6358.655875383731,0.1955823156540925,3
167.092873,"Field2d",[4175.020132187867; -6358.663065649373; 0.19558234919713768],4175.020132187867,-6358.663065649373,0.19558234919713768,3
167.097034,"Field2d",[4175.024504738898; -6358.664588911594; 0.19558208923852788],4175.024504738898,-6358.664588911594,0.19558208923852788,3
167.101471,"Field2d",[4175.036538787227; -6358.673609810697; 0.19558182089415319],4175.036538787227,-6358.673609810697,0.19558182089415319,3
167.105043,"Field2d",[4175.032085177978; -6358.670957786344; 0.1955819131375319],4175.032085177978,-6358.670957786344,0.1955819131375319,3
167.109203,"Field2d",[4175.037535585434; -6358.6753683596025; 0.19558288547682368],4175.037535585434,-6358.6753683596025,0.19558288547682368,3
167.112766,"Field2d",[4175.037868982496; -6358.675643014342; 0.1955828879311924],4175.037868982496,-6358.675643014342,0.1955828879311924,3
167.117669,"Field2d",[4175.030014210644; -6358.677478342376; 0.19558277503020696],4175.030014210644,-6358.677478342376,0.19558277503020696,3
167.121551,"Field2d",[4175.005457045668; -6358.675232350304; 0.1955826609020356],4175.005457045668,-6358.675232350304,0.1955826609020356,3
167.125872,"Field2d",[4175.002354829385; -6358.675145535747; 0.19558263635834314],4175.002354829385,-6358.675145535747,0.19558263635834314,3
167.130189,"Field2d",[4175.014984131373; -6358.679127444804; 0.1955824755289796],4175.014984131373,-6358.679127444804,0.1955824755289796,3
167.133712,"Field2d",[4175.021869473176; -6358.682565373594; 0.1955824521442943],4175.021869473176,-6358.682565373594,0.1955824521442943,3
167.136694,"Field2d",[4175.016089982264; -6358.68053632811; 0.1955824712338331],4175.016089982264,-6358.68053632811,0.1955824712338331,3
167.141824,"Field2d",[4175.013640949503; -6358.679817936184; 0.19558247886964905],4175.013640949503,-6358.679817936184,0.19558247886964905,3
167.14548,"Field2d",[4175.023441741668; -6358.685379884842; 0.19558244450848009],4175.023441741668,-6358.685379884842,0.19558244450848009,3
167.150522,"Field2d",[4175.011245669642; -6358.682119396236; 0.19558255045541928],4175.011245669642,-6358.682119396236,0.19558255045541928,3
167.153585,"Field2d",[4175.010138995884; -6358.681851125861; 0.19558255045541928],4175.010138995884,-6358.681851125861,0.19558255045541928,3
167.158499,"Field2d",[4175.017105363629; -6358.684733617534; 0.19558255045541928],4175.017105363629,-6358.684733617534,0.19558255045541928,3
167.16161,"Field2d",[4175.02493185207; -6358.6899122728855; 0.19558255045541928],4175.02493185207,-6358.6899122728855,0.19558255045541928,3
167.165399,"Field2d",[4175.015433655784; -6358.686168775406; 0.19558255045541928],4175.015433655784,-6358.686168775406,0.19558255045541928,3
167.168969,"Field2d",[4175.015333724438; -6358.686129945821; 0.19558255045541928],4175.015333724438,-6358.686129945821,0.19558255045541928,3
167.173187,"Field2d",[4175.027601165746; -6358.696436293312; 0.19558255045541928],4175.027601165746,-6358.696436293312,0.19558255045541928,3
167.177433,"Field2d",[4174.999238717095; -6358.693187468505; 0.19558255045541928],4174.999238717095,-6358.693187468505,0.19558255045541928,3
167.18091,"Field2d",[4175.021791679509; -6358.713737526079; 0.19558255045541928],4175.021791679509,-6358.713737526079,0.19558255045541928,3
167.186071,"Field2d",[4175.004863544067; -6358.715213960661; 0.19558255045541928],4175.004863544067,-6358.715213960661,0.19558255045541928,3
167.189587,"Field2d",[4175.015416661779; -6358.723751728329; 0.19558255045541928],4175.015416661779,-6358.723751728329,0.19558255045541928,3
167.193391,"Field2d",[4175.014129846317; -6358.722783928545; 0.19558255045541928],4175.014129846317,-6358.722783928545,0.19558255045541928,3
167.197157,"Field2d",[4175.003055550743; -6358.71811808323; 0.19558255045541928],4175.003055550743,-6358.71811808323,0.19558255045541928,3
167.202594,"Field2d",[4175.219273146063; -6358.7164899798445; 0.19558255045541928],4175.219273146063,-6358.7164899798445,0.19558255045541928,3
167.205201,"Field2d",[4175.019614554163; -6358.679191597648; 0.19558255045541928],4175.019614554163,-6358.679191597648,0.19558255045541928,3
167.210356,"Field2d",[4175.188776446096; -6358.581014458951; 0.19558255045541928],4175.188776446096,-6358.581014458951,0.19558255045541928,3
167.2145,"Field2d",[4175.014342014449; -6358.541499557673; 0.19558255045541928],4175.014342014449,-6358.541499557673,0.19558255045541928,3
167.217129,"Field2d",[4175.01707238771; -6358.542970093022; 0.19558255045541928],4175.01707238771,-6358.542970093022,0.19558255045541928,3
167.221496,"Field2d",[4175.010067082629; -6358.540517087475; 0.19558255045541928],4175.010067082629,-6358.540517087475,0.19558255045541928,3
167.225102,"Field2d",[4175.013933406076; -6358.542260813069; 0.19558255045541928],4175.013933406076,-6358.542260813069,0.19558255045541928,3
167.228811,"Field2d",[4174.997131906803; -6358.540938803557; 0.192597864265036],4174.997131906803,-6358.540938803557,0.192597864265036,3
167.233102,"Field2d",[4175.0207419348335; -6358.561959970696; 0.19260601617975612],4175.0207419348335,-6358.561959970696,0.19260601617975612,3
167.238269,"Field2d",[4175.02237008694; -6358.56355268964; 0.19256570125579833],4175.02237008694,-6358.56355268964,0.19256570125579833,3
167.240794,"Field2d",[4175.003285219478; -6358.564494015506; 0.19260260719740108],4175.003285219478,-6358.564494015506,0.19260260719740108,3
167.245062,"Field2d",[4175.0059949841525; -6358.565836271638; 0.1925808193523165],4175.0059949841525,-6358.565836271638,0.1925808193523165,3
167.249758,"Field2d",[4175.008240136215; -6358.57420118893; 0.19409960479925994],4175.008240136215,-6358.57420118893,0.19409960479925994,3
167.252869,"Field2d",[4174.9849469768715; -6358.572349151801; 0.19410285056634616],4174.9849469768715,-6358.572349151801,0.19410285056634616,3
167.257904,"Field2d",[4175.004582313848; -6358.5844264411835; 0.1941136206113251],4175.004582313848,-6358.5844264411835,0.1941136206113251,3
167.262115,"Field2d",[4174.981765065797; -6358.582538519535; 0.1941029243337357],4174.981765065797,-6358.582538519535,0.1941029243337357,3
167.26564,"Field2d",[4175.005856003289; -6358.605870301753; 0.19409975233417356],4175.005856003289,-6358.605870301753,0.19409975233417356,3
167.269415,"Field2d",[4174.988988849514; -6358.60451880348; 0.19385522141122805],4174.988988849514,-6358.60451880348,0.19385522141122805,3
167.273051,"Field2d",[4174.985168018889; -6358.607397472888; 0.19385623888363523],4174.985168018889,-6358.607397472888,0.19385623888363523,3
167.277558,"Field2d",[4174.9909387007165; -6358.610594200626; 0.19385412948960645],4174.9909387007165,-6358.610594200626,0.19385412948960645,3
167.282227,"Field2d",[4174.995749464761; -6358.614064221181; 0.19385365797799844],4174.995749464761,-6358.614064221181,0.19385365797799844,3
167.286055,"Field2d",[4174.9905537427785; -6358.611202643073; 0.193854129489618],4174.9905537427785,-6358.611202643073,0.193854129489618,3
167.290698,"Field2d",[4174.9910295012905; -6358.6116338949505; 0.19697801257372116],4174.9910295012905,-6358.6116338949505,0.19697801257372116,3
167.294466,"Field2d",[4174.978957197701; -6358.60567566662; 0.19700462836752528],4174.978957197701,-6358.60567566662,0.19700462836752528,3
167.297461,"Field2d",[4174.9708837914395; -6358.60330554832; 0.19699606773200876],4174.9708837914395,-6358.60330554832,0.19699606773200876,3
167.302261,"Field2d",[4174.999000127587; -6358.437957403597; 0.19722175721216345],4174.999000127587,-6358.437957403597,0.19722175721216345,3
167.305335,"Field2d",[4174.853662745567; -6358.408169842619; 0.19698283765909108],4174.853662745567,-6358.408169842619,0.19698283765909108,3
167.309952,"Field2d",[4174.8550905458; -6358.411585783518; 0.19461798674488445],4174.8550905458,-6358.411585783518,0.19461798674488445,3
167.313013,"Field2d",[4174.831451082685; -6358.409362650546; 0.19461332617027197],4174.831451082685,-6358.409362650546,0.19461332617027197,3
167.318549,"Field2d",[4174.847087630658; -6358.416923731093; 0.1946003930759498],4174.847087630658,-6358.416923731093,0.1946003930759498,3
167.321543,"Field2d",[4174.8396907111555; -6358.4147005777; 0.19460610227986655],4174.8396907111555,-6358.4147005777,0.19460610227986655,3
167.324754,"Field2d",[4174.854798651903; -6358.427315362385; 0.19459153798444087],4174.854798651903,-6358.427315362385,0.19459153798444087,3
167.329433,"Field2d",[4174.825630868237; -6358.424243183654; 0.19245651993469517],4174.825630868237,-6358.424243183654,0.19245651993469517,3
167.33413,"Field2d",[4174.836027216597; -6358.42781711123; 0.1924487847171211],4174.836027216597,-6358.42781711123,0.1924487847171211,3
167.340455,"Field2d",[4174.741122573599; -6358.484919474954; 0.19237197727647576],4174.741122573599,-6358.484919474954,0.19237197727647576,3
167.341377,"Field2d",[4174.673025116552; -6358.424068221223; 0.19243538427004112],4174.673025116552,-6358.424068221223,0.19243538427004112,3
167.3467,"Field2d",[4174.6586883935615; -6358.417851903618; 0.1924461699957421],4174.6586883935615,-6358.417851903618,0.1924461699957421,3
167.349752,"Field2d",[4174.652098862125; -6358.415625535025; 0.1918866640024971],4174.652098862125,-6358.415625535025,0.1918866640024971,3
167.352725,"Field2d",[4174.644954498233; -6358.414345644061; 0.1918880613566997],4174.644954498233,-6358.414345644061,0.1918880613566997,3
167.357817,"Field2d",[4174.639111302024; -6358.4140097843365; 0.19188913848394085],4174.639111302024,-6358.4140097843365,0.19188913848394085,3
167.361519,"Field2d",[4174.654044246197; -6358.420112753148; 0.1918861399946675],4174.654044246197,-6358.420112753148,0.1918861399946675,3
167.366436,"Field2d",[4174.6602375048315; -6358.423555079414; 0.19208543075617646],4174.6602375048315,-6358.423555079414,0.19208543075617646,3
167.369445,"Field2d",[4174.653082700178; -6358.420930502554; 0.1920849196337751],4174.653082700178,-6358.420930502554,0.1920849196337751,3
167.373566,"Field2d",[4174.657196019618; -6358.422891547358; 0.19208522213479448],4174.657196019618,-6358.422891547358,0.19208522213479448,3
167.377833,"Field2d",[4174.639106005457; -6358.421562984862; 0.19208402256181048],4174.639106005457,-6358.421562984862,0.19208402256181048,3
167.381115,"Field2d",[4174.644961544597; -6358.429178130642; 0.19208398083753797],4174.644961544597,-6358.429178130642,0.19208398083753797,3
167.385059,"Field2d",[4174.65200425288; -6358.4323704448125; 0.1920851595483758],4174.65200425288,-6358.4323704448125,0.1920851595483758,3
167.389122,"Field2d",[4174.646985923049; -6358.4308964621205; 0.19188982448014513],4174.646985923049,-6358.4308964621205,0.19188982448014513,3
167.393785,"Field2d",[4174.654588702951; -6358.434666628599; 0.19188925015773775],4174.654588702951,-6358.434666628599,0.19188925015773775,3
167.398361,"Field2d",[4174.681068860384; -6358.383306874011; 0.19187334993554908],4174.681068860384,-6358.383306874011,0.19187334993554908,3
167.401507,"Field2d",[4174.646496312832; -6358.356261666249; 0.19188858011492543],4174.646496312832,-6358.356261666249,0.19188858011492543,3
167.405607,"Field2d",[4174.645710678357; -6358.355672282484; 0.191888643928538],4174.645710678357,-6358.355672282484,0.191888643928538,3
167.408868,"Field2d",[4174.630544323628; -6358.350813399851; 0.19203640800268962],4174.630544323628,-6358.350813399851,0.19203640800268962,3
167.413831,"Field2d",[4174.645333253565; -6358.3634920449; 0.19203734638987094],4174.645333253565,-6358.3634920449,0.19203734638987094,3
167.416809,"Field2d",[4174.635752654593; -6358.358421817984; 0.19203681665517217],4174.635752654593,-6358.358421817984,0.19203681665517217,3
167.421441,"Field2d",[4174.6362699049905; -6358.358703703311; 0.19203685449336386],4174.6362699049905,-6358.358703703311,0.19203685449336386,3
167.425318,"Field2d",[4174.637657682263; -6358.359520303814; 0.1920369301697539],4174.637657682263,-6358.359520303814,0.1920369301697539,3
167.429789,"Field2d",[4174.621044983832; -6358.356243271576; 0.1917941412353982],4174.621044983832,-6358.356243271576,0.1917941412353982,3
167.433423,"Field2d",[4174.626607447613; -6358.358055141446; 0.1917937149250956],4174.626607447613,-6358.358055141446,0.1917937149250956,3
167.436935,"Field2d",[4174.6192452936975; -6358.356851361323; 0.19179425645440767],4174.6192452936975,-6358.356851361323,0.19179425645440767,3
167.441407,"Field2d",[4174.635559309822; -6358.366974244792; 0.191792850782586],4174.635559309822,-6358.366974244792,0.191792850782586,3
167.445178,"Field2d",[4174.619704835925; -6358.363389058522; 0.19179403753830465],4174.619704835925,-6358.363389058522,0.19179403753830465,3
167.449309,"Field2d",[4174.629294610277; -6358.366868310764; 0.19136067862548192],4174.629294610277,-6358.366868310764,0.19136067862548192,3
167.453734,"Field2d",[4174.637619204437; -6358.3719463531515; 0.19135939437675806],4174.637619204437,-6358.3719463531515,0.19135939437675806,3
167.457198,"Field2d",[4174.623318990122; -6358.368353620923; 0.1913613105573816],4174.623318990122,-6358.368353620923,0.1913613105573816,3
167.460828,"Field2d",[4174.629691201126; -6358.3709498021335; 0.19136041362178158],4174.629691201126,-6358.3709498021335,0.19136041362178158,3
167.464964,"Field2d",[4174.635291092237; -6358.374147099719; 0.19135959822577395],4174.635291092237,-6358.374147099719,0.19135959822577395,3
167.469537,"Field2d",[4174.63044451822; -6358.371946022999; 0.1913637367695896],4174.63044451822,-6358.371946022999,0.1913637367695896,3
167.473749,"Field2d",[4174.641955923693; -6358.382627356991; 0.19136403265744112],4174.641955923693,-6358.382627356991,0.19136403265744112,3
167.47731,"Field2d",[4174.641519474583; -6358.382232039813; 0.19136355160106644],4174.641519474583,-6358.382232039813,0.19136355160106644,3
167.48086,"Field2d",[4174.630486364395; -6358.37647422817; 0.1913637024084206],4174.630486364395,-6358.37647422817,0.1913637024084206,3
167.485502,"Field2d",[4174.6326182317025; -6358.377728178294; 0.19136367377411145],4174.6326182317025,-6358.377728178294,0.19136367377411145,3
167.489192,"Field2d",[4174.615792305985; -6358.37455458587; 0.19174991541030362],4174.615792305985,-6358.37455458587,0.19174991541030362,3
167.492824,"Field2d",[4174.625147535553; -6358.37844108219; 0.19175119168230506],4174.625147535553,-6358.37844108219,0.19175119168230506,3
167.497185,"Field2d",[4174.627622409363; -6358.379636840026; 0.19175152547653015],4174.627622409363,-6358.379636840026,0.19175152547653015,3
167.502297,"Field2d",[4174.68631250951; -6358.278620308396; 0.19178091900279873],4174.68631250951,-6358.278620308396,0.19178091900279873,3
167.505216,"Field2d",[4174.600622005547; -6358.2165257026245; 0.19175260539901315],4174.600622005547,-6358.2165257026245,0.19175260539901315,3
167.510474,"Field2d",[4174.582511333487; -6358.211892481671; 0.19184408383195697],4174.582511333487,-6358.211892481671,0.19184408383195697,3
167.513593,"Field2d",[4174.592682896084; -6358.217267537098; 0.19184441176295888],4174.592682896084,-6358.217267537098,0.19184441176295888,3
167.517987,"Field2d",[4174.596555708293; -6358.219810704384; 0.19184454027645964],4174.596555708293,-6358.219810704384,0.19184454027645964,3
167.52116,"Field2d",[4174.57785873136; -6358.216195946194; 0.19184400406495639],4174.57785873136,-6358.216195946194,0.19184400406495639,3
167.525856,"Field2d",[4174.585576012549; -6358.219099744988; 0.1918442345029571],4174.585576012549,-6358.219099744988,0.1918442345029571,3
167.528945,"Field2d",[4174.588889694368; -6358.220746581522; 0.19179525722347615],4174.588889694368,-6358.220746581522,0.19179525722347615,3
167.534111,"Field2d",[4174.590408047813; -6358.2215697393885; 0.19179524222455357],4174.590408047813,-6358.2215697393885,0.19179524222455357,3
167.537344,"Field2d",[4174.581973016308; -6358.2188222993855; 0.19179531994624757],4174.581973016308,-6358.2188222993855,0.19179531994624757,3
167.542352,"Field2d",[4174.595721771095; -6358.229849493236; 0.19179516586639783],4174.595721771095,-6358.229849493236,0.19179516586639783,3
167.545922,"Field2d",[4174.595164224202; -6358.229415506023; 0.1917951726840917],4174.595164224202,-6358.229415506023,0.1917951726840917,3
167.54943,"Field2d",[4174.588482814718; -6358.225829132272; 0.1917956951238592],4174.588482814718,-6358.225829132272,0.1917956951238592,3
167.554285,"Field2d",[4174.579912881918; -6358.2230986860095; 0.19179565237692742],4174.579912881918,-6358.2230986860095,0.19179565237692742,3
167.556849,"Field2d",[4174.588817465919; -6358.228177715685; 0.19179570112342847],4174.588817465919,-6358.228177715685,0.19179570112342847,3
167.562678,"Field2d",[4174.569802062932; -6358.2257712914225; 0.19179560962999745],4174.569802062932,-6358.2257712914225,0.19179560962999745,3
167.565437,"Field2d",[4174.573933549012; -6358.233040705454; 0.19179559913075026],4174.573933549012,-6358.233040705454,0.19179559913075026,3
167.570603,"Field2d",[4174.573579421157; -6358.233026794643; 0.19165108873211115],4174.573579421157,-6358.233026794643,0.19165108873211115,3
167.573125,"Field2d",[4174.565400975728; -6358.231983915862; 0.19165100923781736],4174.565400975728,-6358.231983915862,0.19165100923781736,3
167.577786,"Field2d",[4174.572497788628; -6358.234009766411; 0.19165066235362926],4174.572497788628,-6358.234009766411,0.19165066235362926,3
167.580761,"Field2d",[4174.573876399212; -6358.243278565054; 0.191651356122012],4174.573876399212,-6358.243278565054,0.191651356122012,3
167.584947,"Field2d",[4174.569045418284; -6358.241882872709; 0.19165066235362926],4174.569045418284,-6358.241882872709,0.19165066235362926,3
167.58996,"Field2d",[4174.583591826845; -6358.254425397481; 0.1916026383239012],4174.583591826845,-6358.254425397481,0.1916026383239012,3
167.593727,"Field2d",[4174.574341459699; -6358.249419490974; 0.19160291239513544],4174.574341459699,-6358.249419490974,0.19160291239513544,3
167.598166,"Field2d",[4174.575416588163; -6358.257238640135; 0.19160358734668387],4174.575416588163,-6358.257238640135,0.19160358734668387,3
167.600922,"Field2d",[4174.57462087739; -6358.256745349635; 0.19160282649221153],4174.57462087739,-6358.256745349635,0.19160282649221153,3
167.605927,"Field2d",[4174.55892665566; -6358.253020293711; 0.19160324782560326],4174.55892665566,-6358.253020293711,0.19160324782560326,3
167.610665,"Field2d",[4174.574653818926; -6358.264671388886; 0.1915553583771209],4174.574653818926,-6358.264671388886,0.1915553583771209,3
167.614249,"Field2d",[4174.569606515319; -6358.261790901909; 0.1915554270994594],4174.569606515319,-6358.261790901909,0.1915554270994594,3
167.616944,"Field2d",[4174.561152129073; -6358.258845601842; 0.19155553781878468],4174.561152129073,-6358.258845601842,0.19155553781878468,3
167.621673,"Field2d",[4174.572516680044; -6358.266985290092; 0.19155536792188999],4174.572516680044,-6358.266985290092,0.19155536792188999,3
167.625426,"Field2d",[4174.55800519086; -6358.262345006063; 0.191555551181461],4174.55800519086,-6358.262345006063,0.191555551181461,3
167.628865,"Field2d",[4174.557739899147; -6358.27109312958; 0.19169997083661486],4174.557739899147,-6358.27109312958,0.19169997083661486,3
167.633634,"Field2d",[4174.560351111885; -6358.272268020954; 0.19170104585034622],4174.560351111885,-6358.272268020954,0.19170104585034622,3
167.638049,"Field2d",[4174.565365449309; -6358.275209462596; 0.19170131828533987],4174.565365449309,-6358.275209462596,0.19170131828533987,3
167.641876,"Field2d",[4174.564853662441; -6358.274917522388; 0.19170128883290516],4174.564853662441,-6358.274917522388,0.19170128883290516,3
167.645099,"Field2d",[4174.551122689015; -6358.271706491149; 0.1917006335163113],4174.551122689015,-6358.271706491149,0.1917006335163113,3
167.65014,"Field2d",[4174.561828245554; -6358.285218257855; 0.19150760828226984],4174.561828245554,-6358.285218257855,0.19150760828226984,3
167.653574,"Field2d",[4174.545474953561; -6358.281865170223; 0.19150691642283924],4174.545474953561,-6358.281865170223,0.19150691642283924,3
167.658026,"Field2d",[4174.562311154456; -6358.294172627296; 0.19150584645419844],4174.562311154456,-6358.294172627296,0.19150584645419844,3
167.660798,"Field2d",[4174.559626114759; -6358.2924664319125; 0.1915060153966145],4174.559626114759,-6358.2924664319125,0.1915060153966145,3
167.665916,"Field2d",[4174.557049281494; -6358.291039348785; 0.19150616824927877],4174.557049281494,-6358.291039348785,0.19150616824927877,3
167.669049,"Field2d",[4174.55518931827; -6358.290098458305; 0.19136237582183022],4174.55518931827,-6358.290098458305,0.19136237582183022,3
167.673481,"Field2d",[4174.53741669945; -6358.288275935682; 0.19136333179866086],4174.53741669945,-6358.288275935682,0.19136333179866086,3
167.677409,"Field2d",[4174.553274645711; -6358.29624578603; 0.1913623842075948],4174.553274645711,-6358.29624578603,0.1913623842075948,3
167.682309,"Field2d",[4174.5520298013; -6358.295663514885; 0.1913624596794524],4174.5520298013,-6358.295663514885,0.1913624596794524,3
167.6868,"Field2d",[4174.550446421156; -6358.30391765168; 0.19136338211323298],4174.550446421156,-6358.30391765168,0.19136338211323298,3
167.689772,"Field2d",[4174.556287820569; -6358.308385285247; 0.19141287971899415],4174.556287820569,-6358.308385285247,0.19141287971899415,3
167.693614,"Field2d",[4174.556690718821; -6358.308698680647; 0.19141288933194414],4174.556690718821,-6358.308698680647,0.19141288933194414,3
167.69758,"Field2d",[4174.534936228878; -6358.304155495594; 0.1914124375234682],4174.534936228878,-6358.304155495594,0.1914124375234682,3
167.70137,"Field2d",[4174.529460261644; -6358.303643153265; 0.19141232537242822],4174.529460261644,-6358.303643153265,0.19141232537242822,3
167.705529,"Field2d",[4174.537823722431; -6358.305967113148; 0.1914125016097747],4174.537823722431,-6358.305967113148,0.1914125016097747,3
167.709851,"Field2d",[4174.532789313591; -6358.305118029376; 0.19141128097013016],4174.532789313591,-6358.305118029376,0.19141128097013016,3
167.714053,"Field2d",[4174.544333738033; -6358.310371627898; 0.19141193492318412],4174.544333738033,-6358.310371627898,0.19141193492318412,3
167.717903,"Field2d",[4174.551014211358; -6358.314863155888; 0.19141190710699962],4174.551014211358,-6358.314863155888,0.19141190710699962,3
167.720935,"Field2d",[4174.547374714668; -6358.31284322936; 0.19141192183321457],4174.547374714668,-6358.31284322936,0.19141192183321457,3
167.724965,"Field2d",[4174.532385367773; -6358.309901113211; 0.19141197473850805],4174.532385367773,-6358.309901113211,0.19141197473850805,3
167.729848,"Field2d",[4174.535375118747; -6358.310695156086; 0.1913638725780226],4174.535375118747,-6358.310695156086,0.1913638725780226,3
167.734224,"Field2d",[4174.537213689683; -6358.311262401878; 0.19136385294306804],4174.537213689683,-6358.311262401878,0.19136385294306804,3
167.73716,"Field2d",[4174.529760519546; -6358.315942298808; 0.19136401493144012],4174.529760519546,-6358.315942298808,0.19136401493144012,3
167.742285,"Field2d",[4174.549217570341; -6358.332759554453; 0.1913636435035578],4174.549217570341,-6358.332759554453,0.1913636435035578,3
167.746099,"Field2d",[4174.535795498664; -6358.326896878085; 0.19136379567445322],4174.535795498664,-6358.326896878085,0.19136379567445322,3
167.748774,"Field2d",[4174.525907639241; -6358.324781747665; 0.19141219358643452],4174.525907639241,-6358.324781747665,0.19141219358643452,3
167.753395,"Field2d",[4174.527658673495; -6358.325224716247; 0.19141220831264943],4174.527658673495,-6358.325224716247,0.19141220831264943,3
167.75692,"Field2d",[4174.522606437795; -6358.324496482682; 0.19141216781555706],4174.522606437795,-6358.324496482682,0.19141216781555706,3
167.762064,"Field2d",[4174.5246711964655; -6358.33102462144; 0.19141212977283342],4174.5246711964655,-6358.33102462144,0.19141212977283342,3
167.765292,"Field2d",[4174.539653102371; -6358.341934955381; 0.19141235312043647],4174.539653102371,-6358.341934955381,0.19141235312043647,3
167.769007,"Field2d",[4174.523380718371; -6358.337187056477; 0.19141199982761617],4174.523380718371,-6358.337187056477,0.19141199982761617,3
167.774095,"Field2d",[4174.518475933914; -6358.33628561939; 0.1914120082815546],4174.518475933914,-6358.33628561939,0.1914120082815546,3
167.778008,"Field2d",[4174.527749091936; -6358.3400633117835; 0.19141199110097057],4174.527749091936,-6358.3400633117835,0.19141199110097057,3
167.781046,"Field2d",[4174.521674560718; -6358.338459301684; 0.19141200200927733],4174.521674560718,-6358.338459301684,0.19141200200927733,3
167.785797,"Field2d",[4174.5359121740275; -6358.348521877545; 0.19141197173872318],4174.5359121740275,-6358.348521877545,0.19141197173872318,3
167.789531,"Field2d",[4174.5235676933935; -6358.344063422717; 0.1913639543903316],4174.5235676933935,-6358.344063422717,0.1913639543903316,3
167.794717,"Field2d",[4174.527244881207; -6358.345747840648; 0.19136393134653087],4174.527244881207,-6358.345747840648,0.19136393134653087,3
167.798584,"Field2d",[4174.534652262099; -6358.350983573862; 0.1913638808274313],4174.534652262099,-6358.350983573862,0.1913638808274313,3
167.801574,"Field2d",[4174.526675891125; -6358.3472756559195; 0.19136393046023098],4174.526675891125,-6358.3472756559195,0.19136393046023098,3
167.805134,"Field2d",[4174.522537102907; -6358.34578796636; 0.19136395439033152],4174.522537102907,-6358.34578796636,0.19136395439033152,3
167.809246,"Field2d",[4174.520800773997; -6358.345233459779; 0.19141229544275964],4174.520800773997,-6358.345233459779,0.19141229544275964,3
167.813201,"Field2d",[4174.536173273052; -6358.35908710166; 0.1914120925482327],4174.536173273052,-6358.35908710166,0.1914120925482327,3
167.816991,"Field2d",[4174.532113512581; -6358.356123780571; 0.19141245906737572],4174.532113512581,-6358.356123780571,0.19141245906737572,3
167.820935,"Field2d",[4174.507481729784; -6358.3530975967515; 0.19141220054048075],4174.507481729784,-6358.3530975967515,0.19141220054048075,3
167.825275,"Field2d",[4174.523578156734; -6358.372251629547; 0.19141214163561754],4174.523578156734,-6358.372251629547,0.19141214163561754,3
167.830769,"Field2d",[4174.510198002996; -6358.367836507751; 0.1914604323734745],4174.510198002996,-6358.367836507751,0.1914604323734745,3
167.833566,"Field2d",[4174.513430259568; -6358.36916822269; 0.19146049823238473],4174.513430259568,-6358.36916822269,0.19146049823238473,3
167.837499,"Field2d",[4174.525738768402; -6358.380152640984; 0.19146079889261655],4174.525738768402,-6358.380152640984,0.19146079889261655,3
167.84102,"Field2d",[4174.5186013458815; -6358.375712665194; 0.19146064426735285],4174.5186013458815,-6358.375712665194,0.19146064426735285,3
167.846655,"Field2d",[4174.514488298521; -6358.373662623119; 0.19146056122786248],4174.514488298521,-6358.373662623119,0.19146056122786248,3
167.849681,"Field2d",[4174.507359653338; -6358.371222565411; 0.19126649588667305],4174.507359653338,-6358.371222565411,0.19126649588667305,3
167.853975,"Field2d",[4174.499142901526; -6358.369901732893; 0.19126705957347737],4174.499142901526,-6358.369901732893,0.19126705957347737,3
167.85698,"Field2d",[4174.505835850234; -6358.381392355968; 0.19126764453147893],4174.505835850234,-6358.381392355968,0.19126764453147893,3
167.860976,"Field2d",[4174.506794938255; -6358.381854214675; 0.19126620872545907],4174.506794938255,-6358.381854214675,0.19126620872545907,3
167.865228,"Field2d",[4174.493547458222; -6358.379931901344; 0.19126711275147582],4174.493547458222,-6358.379931901344,0.19126711275147582,3
167.869236,"Field2d",[4174.513353590765; -6358.39572842379; 0.19141431429782932],4174.513353590765,-6358.39572842379,0.19141431429782932,3
167.874496,"Field2d",[4174.516003580617; -6358.398183045334; 0.1914123445301457],4174.516003580617,-6358.398183045334,0.1914123445301457,3
167.877141,"Field2d",[4174.511713520005; -6358.395003777476; 0.19141422975844627],4174.511713520005,-6358.395003777476,0.19141422975844627,3
167.881734,"Field2d",[4174.5068488199795; -6358.39220059313; 0.19141392541665536],4174.5068488199795,-6358.39220059313,0.19141392541665536,3
167.884833,"Field2d",[4174.512480840978; -6358.396662113606; 0.19141430584389618],4174.512480840978,-6358.396662113606,0.19141430584389618,3
167.889018,"Field2d",[4174.482045945985; -6358.395092675062; 0.19136394266390042],4174.482045945985,-6358.395092675062,0.19136394266390042,3
167.893198,"Field2d",[4174.496670698736; -6358.400819284397; 0.19136373131543727],4174.496670698736,-6358.400819284397,0.19136373131543727,3
167.897826,"Field2d",[4174.495040688033; -6358.400246664403; 0.1913637545637667],4174.495040688033,-6358.400246664403,0.1913637545637667,3
167.901805,"Field2d",[4174.50229254098; -6358.412300081618; 0.19136399550101693],4174.50229254098,-6358.412300081618,0.19136399550101693,3
167.904803,"Field2d",[4174.50429608972; -6358.413812681241; 0.19136355589621276],4174.50429608972,-6358.413812681241,0.19136355589621276,3
167.909199,"Field2d",[4174.498468264157; -6358.416374945161; 0.19165217138167168],4174.498468264157,-6358.416374945161,0.19165217138167168,3
167.913512,"Field2d",[4174.504280723252; -6358.421238711739; 0.19165197285046998],4174.504280723252,-6358.421238711739,0.19165197285046998,3
167.917095,"Field2d",[4174.501776177309; -6358.419408454564; 0.19165490118570383],4174.501776177309,-6358.419408454564,0.19165490118570383,3
167.920993,"Field2d",[4174.4715730982225; -6358.419027183442; 0.19165251881128076],4174.4715730982225,-6358.419027183442,0.19165251881128076,3
167.926644,"Field2d",[4174.4746438843895; -6358.419097397942; 0.19150756683070186],4174.4746438843895,-6358.419097397942,0.19150756683070186,3
167.930102,"Field2d",[4174.495815294879; -6358.431294367306; 0.19150675852509136],4174.495815294879,-6358.431294367306,0.19150675852509136,3
167.933241,"Field2d",[4174.494111225082; -6358.4371066055255; 0.19150774818131458],4174.494111225082,-6358.4371066055255,0.19150774818131458,3
167.937801,"Field2d",[4174.496453898774; -6358.438678978756; 0.19150666007761274],4174.496453898774,-6358.438678978756,0.19150666007761274,3
167.940884,"Field2d",[4174.498384700018; -6358.440100012648; 0.1915065823559214],4174.498384700018,-6358.440100012648,0.1915065823559214,3
167.945033,"Field2d",[4174.501922692435; -6358.443277514531; 0.19150774818131902],4174.501922692435,-6358.443277514531,0.19150774818131902,3
167.950238,"Field2d",[4174.473169530165; -6358.440196450864; 0.19160416187362447],4174.473169530165,-6358.440196450864,0.19160416187362447,3
167.952904,"Field2d",[4174.491579449542; -6358.451440739527; 0.1916047129477006],4174.491579449542,-6358.451440739527,0.1916047129477006,3
167.957433,"Field2d",[4174.481187887654; -6358.4479519371025; 0.19160443539944066],4174.481187887654,-6358.4479519371025,0.19160443539944066,3
167.961759,"Field2d",[4174.475100138788; -6358.446737918625; 0.1916042745019009],4174.475100138788,-6358.446737918625,0.1916042745019009,3
167.965915,"Field2d",[4174.483044557633; -6358.449831927865; 0.19160449573602084],4174.483044557633,-6358.449831927865,0.19160449573602084,3
167.970182,"Field2d",[4174.470153443406; -6358.448111979158; 0.19160378778684062],4174.470153443406,-6358.448111979158,0.19160378778684062,3
167.973424,"Field2d",[4174.490656520659; -6358.464266804175; 0.19160378778684062],4174.490656520659,-6358.464266804175,0.19160378778684062,3
167.978627,"Field2d",[4174.495788174182; -6358.469786143647; 0.19160378778684062],4174.495788174182,-6358.469786143647,0.19160378778684062,3
167.98151,"Field2d",[4174.473708713364; -6358.461935723868; 0.19160378778684062],4174.473708713364,-6358.461935723868,0.19160378778684062,3
167.985443,"Field2d",[4174.48362240292; -6358.468506282192; 0.19160378778684062],4174.48362240292,-6358.468506282192,0.19160378778684062,3
167.99005,"Field2d",[4174.484906978312; -6358.46943877642; 0.19170094808464128],4174.484906978312,-6358.46943877642,0.19170094808464128,3
167.992934,"Field2d",[4174.45801006993; -6358.467409339487; 0.19170008537384378],4174.45801006993,-6358.467409339487,0.19170008537384378,3
167.998032,"Field2d",[4174.481367206416; -6358.487155634129; 0.19170106916685842],4174.481367206416,-6358.487155634129,0.19170106916685842,3
168.00179,"Field2d",[4174.471286708054; -6358.482032611695; 0.19170070087511468],4174.471286708054,-6358.482032611695,0.19170070087511468,3
168.00536,"Field2d",[4174.471877547925; -6358.4823431195255; 0.1917007261005755],4174.471877547925,-6358.4823431195255,0.1917007261005755,3
168.009464,"Field2d",[4174.466742132238; -6358.4804304944; 0.1917961649310443],4174.466742132238,-6358.4804304944,0.1917961649310443,3
168.014116,"Field2d",[4174.47322558136; -6358.4840460812; 0.19179633796407486],4174.47322558136,-6358.4840460812,0.19179633796407486,3
168.017755,"Field2d",[4174.450901436254; -6358.48290468282; 0.19179581518342273],4174.450901436254,-6358.48290468282,0.19179581518342273,3
168.022073,"Field2d",[4174.475159161533; -6358.503374836971; 0.1917956163795125],4174.475159161533,-6358.503374836971,0.1917956163795125,3
168.024853,"Field2d",[4174.468495545266; -6358.499365254116; 0.19179637846116807],4174.468495545266,-6358.499365254116,0.19179637846116807,3
168.029214,"Field2d",[4174.469622336876; -6358.500058120115; 0.1918442315031739],4174.469622336876,-6358.500058120115,0.1918442315031739,3
168.033767,"Field2d",[4174.463089914185; -6358.4972522667285; 0.19184408096852518],4174.463089914185,-6358.4972522667285,0.19184408096852518,3
168.037286,"Field2d",[4174.455309740348; -6358.4953347501705; 0.1918439140714157],4174.455309740348,-6358.4953347501705,0.1918439140714157,3
168.041891,"Field2d",[4174.455462188753; -6358.495372843555; 0.19184391734390913],4174.455462188753,-6358.495372843555,0.19184391734390913,3
168.044795,"Field2d",[4174.464513342094; -6358.499753428041; 0.19184412678341878],4174.464513342094,-6358.499753428041,0.19184412678341878,3
168.048909,"Field2d",[4174.469719248152; -6358.503238205693; 0.19184320721306827],4174.469719248152,-6358.503238205693,0.19184320721306827,3
168.05397,"Field2d",[4174.45383301867; -6358.4991190818055; 0.19184332065946905],4174.45383301867,-6358.4991190818055,0.19184332065946905,3
168.05704,"Field2d",[4174.456670284778; -6358.500043077433; 0.1918432999336835],4174.456670284778,-6358.500043077433,0.1918432999336835,3
168.061907,"Field2d",[4174.451401516653; -6358.498949545228; 0.1918433370219307],4174.451401516653,-6358.498949545228,0.1918433370219307,3
168.065541,"Field2d",[4174.460652134904; -6358.502984987308; 0.19184326720876116],4174.460652134904,-6358.502984987308,0.19184326720876116,3
168.068838,"Field2d",[4174.46005019655; -6358.502730419713; 0.19189193891927023],4174.46005019655,-6358.502730419713,0.19189193891927023,3
168.073073,"Field2d",[4174.443031117452; -6358.501848182893; 0.19189162680531108],4174.443031117452,-6358.501848182893,0.19189162680531108,3
168.077222,"Field2d",[4174.453500675245; -6358.5047973164565; 0.19189182724546539],4174.453500675245,-6358.5047973164565,0.19189182724546539,3
168.08196,"Field2d",[4174.464812408205; -6358.511664464829; 0.19189206777365556],4174.464812408205,-6358.511664464829,0.19189206777365556,3
168.08585,"Field2d",[4174.472017478759; -6358.518332031385; 0.19189151226807943],4174.472017478759,-6358.518332031385,0.19189151226807943,3
168.089412,"Field2d",[4174.469944735843; -6358.516569026818; 0.1918913140777606],4174.469944735843,-6358.516569026818,0.1918913140777606,3
168.094456,"Field2d",[4174.663789622558; -6358.4884091224885; 0.1918907369600998],4174.663789622558,-6358.4884091224885,0.1918907369600998,3
168.097113,"Field2d",[4174.437662614735; -6358.473596335179; 0.19189138191379965],4174.437662614735,-6358.473596335179,0.19189138191379965,3
168.101514,"Field2d",[4174.441085864584; -6358.474062827293; 0.1918913744143381],4174.441085864584,-6358.474062827293,0.1918913744143381,3
168.105004,"Field2d",[4174.461872813181; -6358.491063857363; 0.1918913161230681],4174.461872813181,-6358.491063857363,0.1918913161230681,3
168.11076,"Field2d",[4174.437426998482; -6358.48654140315; 0.1918432170305459],4174.437426998482,-6358.48654140315,0.1918432170305459,3
168.114483,"Field2d",[4174.451759852775; -6358.494776930216; 0.1918429857744187],4174.451759852775,-6358.494776930216,0.1918429857744187,3
168.116778,"Field2d",[4174.458828682601; -6358.500889218625; 0.19184285705638646],4174.458828682601,-6358.500889218625,0.19184285705638646,3
168.122191,"Field2d",[4174.458256983903; -6358.500409888324; 0.19184286796469405],4174.458256983903,-6358.500409888324,0.19184286796469405,3
168.125244,"Field2d",[4174.45736752748; -6358.499698959931; 0.1918428832363242],4174.45736752748,-6358.499698959931,0.1918428832363242,3
168.129961,"Field2d",[4174.434938045575; -6358.495043965204; 0.19184340465343955],4174.434938045575,-6358.495043965204,0.19184340465343955,3
168.133457,"Field2d",[4174.431460907725; -6358.500398074246; 0.19184344446876303],4174.431460907725,-6358.500398074246,0.19184344446876303,3
168.137032,"Field2d",[4174.445292728994; -6358.514280946422; 0.19184344610500922],4174.445292728994,-6358.514280946422,0.19184344610500922,3
168.141766,"Field2d",[4174.313111642183; -6358.447953350299; 0.191842828149371],4174.313111642183,-6358.447953350299,0.191842828149371,3
168.144921,"Field2d",[4174.196389113427; -6358.361821006179; 0.1918433315677766],4174.196389113427,-6358.361821006179,0.1918433315677766,3
168.151015,"Field2d",[4174.184155111905; -6358.357024812073; 0.19184296504863407],4174.184155111905,-6358.357024812073,0.19184296504863407,3
168.153705,"Field2d",[4174.182091883453; -6358.364872766373; 0.19184346083122455],4174.182091883453,-6358.364872766373,0.19184346083122455,3
168.157671,"Field2d",[4174.18616484385; -6358.367085589433; 0.1918434285153626],4174.18616484385,-6358.367085589433,0.1918434285153626,3
168.161434,"Field2d",[4174.172569055368; -6358.364195263913; 0.19184344671860107],4174.172569055368,-6358.364195263913,0.19184344671860107,3
168.165572,"Field2d",[4174.17817629761; -6358.366121700351; 0.19184343894643235],4174.17817629761,-6358.366121700351,0.19184343894643235,3
168.168703,"Field2d",[4174.1874642521; -6358.37190580127; 0.1917953924183167],4174.1874642521,-6358.37190580127,0.1917953924183167,3
168.174705,"Field2d",[4174.186120904277; -6358.378088817303; 0.19179550593289493],4174.186120904277,-6358.378088817303,0.19179550593289493,3
168.177319,"Field2d",[4174.171424845971; -6358.374070576043; 0.19179544702803306],4174.171424845971,-6358.374070576043,0.19179544702803306,3
168.180992,"Field2d",[4174.180682979232; -6358.378906693575; 0.1917954065309402],4174.180682979232,-6358.378906693575,0.1917954065309402,3
168.185847,"Field2d",[4174.178398518142; -6358.3778593001425; 0.19179541634841726],4174.178398518142,-6358.3778593001425,0.19179541634841726,3
168.189149,"Field2d",[4174.173954486681; -6358.376388163235; 0.1918436031846425],4174.173954486681,-6358.376388163235,0.1918436031846425,3
168.193424,"Field2d",[4174.1667940254065; -6358.375152686531; 0.19184356473285674],4174.1667940254065,-6358.375152686531,0.19184356473285674,3
168.197981,"Field2d",[4174.172511592199; -6358.386085818822; 0.1918435131911028],4174.172511592199,-6358.386085818822,0.1918435131911028,3
168.200727,"Field2d",[4174.182133577159; -6358.393016650322; 0.19184368008821223],4174.182133577159,-6358.393016650322,0.19184368008821223,3
168.205389,"Field2d",[4174.18586725095; -6358.396324502569; 0.1918434968286407],4174.18586725095,-6358.396324502569,0.1918434968286407,3
168.209238,"Field2d",[4174.186665053815; -6358.397044600975; 0.19179508378138252],4174.186665053815,-6358.397044600975,0.19179508378138252,3
168.214217,"Field2d",[4174.182662143652; -6358.401345406641; 0.191795400531371],4174.182662143652,-6358.401345406641,0.191795400531371,3
168.217984,"Field2d",[4174.152637087977; -6358.398855973118; 0.19179540053136968],4174.152637087977,-6358.398855973118,0.19179540053136968,3
168.221859,"Field2d",[4174.156784621683; -6358.399565016515; 0.1917953581935013],4174.156784621683,-6358.399565016515,0.1917953581935013,3
168.224903,"Field2d",[4174.156552146721; -6358.399526492786; 0.1917953613296393],4174.156552146721,-6358.399526492786,0.1917953613296393,3
168.229281,"Field2d",[4174.158927938355; -6358.400056386194; 0.19184373612964328],4174.158927938355,-6358.400056386194,0.19184373612964328,3
168.233875,"Field2d",[4174.15341878882; -6358.3994718037375; 0.19184366249856655],4174.15341878882,-6358.3994718037375,0.19184366249856655,3
168.237383,"Field2d",[4174.175643855526; -6358.418255509388; 0.19184351728172042],4174.175643855526,-6358.418255509388,0.19184351728172042,3
168.241799,"Field2d",[4174.147626598786; -6358.414780037255; 0.19184367477041317],4174.147626598786,-6358.414780037255,0.19184367477041317,3
168.245172,"Field2d",[4174.15044202891; -6358.415298532267; 0.19184371158594962],4174.15044202891,-6358.415298532267,0.19184371158594962,3
168.248989,"Field2d",[4174.152851904613; -6358.415826651839; 0.1919882354154415],4174.152851904613,-6358.415826651839,0.1919882354154415,3
168.253885,"Field2d",[4174.153616484399; -6358.416007165967; 0.19198827291274806],4174.153616484399,-6358.416007165967,0.19198827291274806,3
168.257385,"Field2d",[4174.173149318671; -6358.436729343661; 0.19198771795259023],4174.173149318671,-6358.436729343661,0.19198771795259023,3
168.261077,"Field2d",[4174.153713511528; -6358.428843087482; 0.19198863288690526],4174.153713511528,-6358.428843087482,0.19198863288690526,3
168.265424,"Field2d",[4174.151752911472; -6358.428143321136; 0.1919885353939057],4174.151752911472,-6358.428143321136,0.1919885353939057,3
168.269356,"Field2d",[4174.1624159672265; -6358.435531019867; 0.1918418765358688],4174.1624159672265,-6358.435531019867,0.1918418765358688,3
168.274045,"Field2d",[4174.167830409736; -6358.440664779895; 0.19184321593971485],4174.167830409736,-6358.440664779895,0.19184321593971485,3
168.276694,"Field2d",[4174.154778135339; -6358.434191538688; 0.19184217133288267],4174.154778135339,-6358.434191538688,0.19184217133288267,3
168.281601,"Field2d",[4174.1542828081165; -6358.433953001881; 0.19184219055878135],4174.1542828081165,-6358.433953001881,0.19184219055878135,3
168.285171,"Field2d",[4174.153892058982; -6358.433768833552; 0.19184220978466887],4174.153892058982,-6358.433768833552,0.19184220978466887,3
168.289514,"Field2d",[4174.150134278155; -6358.432352552017; 0.19174669555052476],4174.150134278155,-6358.432352552017,0.19174669555052476,3
168.294562,"Field2d",[4174.3287896182555; -6358.347132760171; 0.19173773969344618],4174.3287896182555,-6358.347132760171,0.19173773969344618,3
168.297193,"Field2d",[4174.163604915113; -6358.253430545945; 0.1917464435686143],4174.163604915113,-6358.253430545945,0.1917464435686143,3
168.301472,"Field2d",[4174.148644064186; -6358.250349000146; 0.19174695278205464],4174.148644064186,-6358.250349000146,0.19174695278205464,3
168.3057,"Field2d",[4174.158549340778; -6358.254842891504; 0.19174658530843464],4174.158549340778,-6358.254842891504,0.19174658530843464,3
168.309664,"Field2d",[4174.146312397556; -6358.25251665678; 0.19174763093792122],4174.146312397556,-6358.25251665678,0.19174763093792122,3
168.312855,"Field2d",[4174.159508334264; -6358.259641705336; 0.1917476568451518],4174.159508334264,-6358.259641705336,0.1917476568451518,3
168.317057,"Field2d",[4174.154313052823; -6358.266025612352; 0.1917476183933674],4174.154313052823,-6358.266025612352,0.1917476183933674,3
168.321576,"Field2d",[4174.157679383518; -6358.268052247141; 0.19174766011764433],4174.157679383518,-6358.268052247141,0.19174766011764433,3
168.326711,"Field2d",[4174.162131574568; -6358.271576754526; 0.19179615661345678],4174.162131574568,-6358.271576754526,0.19179615661345678,3
168.329774,"Field2d",[4174.160050749933; -6358.270099849516; 0.1917961195252123],4174.160050749933,-6358.270099849516,0.1917961195252123,3
168.33285,"Field2d",[4174.163746983002; -6358.273327434037; 0.19179559797174525],4174.163746983002,-6358.273327434037,0.19179559797174525,3
168.337488,"Field2d",[4174.165199743522; -6358.274705053825; 0.19179622151788883],4174.165199743522,-6358.274705053825,0.19179622151788883,3
168.340955,"Field2d",[4174.147650796265; -6358.267842159183; 0.19179594335604014],4174.147650796265,-6358.267842159183,0.19179594335604014,3
168.345401,"Field2d",[4174.158131442783; -6358.275655284583; 0.1917961357513168],4174.158131442783,-6358.275655284583,0.1917961357513168,3
168.349666,"Field2d",[4174.143705855212; -6358.270944063864; 0.19184360154839578],4174.143705855212,-6358.270944063864,0.19184360154839578,3
168.354019,"Field2d",[4174.136979302674; -6358.2697500943095; 0.19184356636910255],4174.136979302674,-6358.2697500943095,0.19184356636910255,3
168.357867,"Field2d",[4174.148479504217; -6358.275100659544; 0.1918436326370733],4174.148479504217,-6358.275100659544,0.1918436326370733,3
168.362152,"Field2d",[4174.138166627319; -6358.272803919629; 0.1918435770047034],4174.138166627319,-6358.272803919629,0.1918435770047034,3
168.365461,"Field2d",[4174.14426901107; -6358.284754620013; 0.19184353446230265],4174.14426901107,-6358.284754620013,0.19184353446230265,3
168.368885,"Field2d",[4174.137042219031; -6358.282461361734; 0.191795416893833],4174.137042219031,-6358.282461361734,0.191795416893833,3
168.373322,"Field2d",[4174.149334001104; -6358.291260745712; 0.19179534489900021],4174.149334001104,-6358.291260745712,0.19179534489900021,3
168.378511,"Field2d",[4174.123317819975; -6358.289005452232; 0.19179547014001028],4174.123317819975,-6358.289005452232,0.19179547014001028,3
168.381625,"Field2d",[4174.134226015398; -6358.300397477212; 0.19179543714237807],4174.134226015398,-6358.300397477212,0.19179543714237807,3
168.385354,"Field2d",[4174.144546865596; -6358.3093581250805; 0.1917953239005075],4174.144546865596,-6358.3093581250805,0.1917953239005075,3
168.390663,"Field2d",[4174.135787313983; -6358.304472467516; 0.19174713563256796],4174.135787313983,-6358.304472467516,0.19174713563256796,3
168.393297,"Field2d",[4174.126281826947; -6358.309569007852; 0.19174751394631767],4174.126281826947,-6358.309569007852,0.19174751394631767,3
168.397652,"Field2d",[4174.140812463462; -6358.323348728929; 0.19174751394631767],4174.140812463462,-6358.323348728929,0.19174751394631767,3
168.40177,"Field2d",[4174.113871487191; -6358.323802660118; 0.19174746744965696],4174.113871487191,-6358.323802660118,0.19174746744965696,3
168.405423,"Field2d",[4174.115426257588; -6358.324216357464; 0.1917473110517948],4174.115426257588,-6358.324216357464,0.1917473110517948,3
168.409555,"Field2d",[4174.119742972972; -6358.325754387592; 0.1917475984857052],4174.119742972972,-6358.325754387592,0.1917475984857052,3
168.413843,"Field2d",[4174.109543981079; -6358.324404940215; 0.1917475984857052],4174.109543981079,-6358.324404940215,0.1917475984857052,3
168.417595,"Field2d",[4174.131588401763; -6358.344810500512; 0.1917475984857052],4174.131588401763,-6358.344810500512,0.1917475984857052,3
168.421675,"Field2d",[4174.126117208116; -6358.340986099877; 0.1917475984857052],4174.126117208116,-6358.340986099877,0.1917475984857052,3
168.426219,"Field2d",[4174.118276350781; -6358.337360154872; 0.1917475984857052],4174.118276350781,-6358.337360154872,0.1917475984857052,3
168.429491,"Field2d",[4174.107083532764; -6358.335073431776; 0.19184380771541526],4174.107083532764,-6358.335073431776,0.19184380771541526,3
168.432743,"Field2d",[4174.104863192012; -6358.340619894568; 0.19184363590956613],4174.104863192012,-6358.340619894568,0.19184363590956613,3
168.438351,"Field2d",[4174.124465289897; -6358.359268605185; 0.19184428222680316],4174.124465289897,-6358.359268605185,0.19184428222680316,3
168.44198,"Field2d",[4174.095459379347; -6358.354647032393; 0.19184376953633714],4174.095459379347,-6358.354647032393,0.19184376953633714,3
168.44595,"Field2d",[4174.108016765352; -6358.360600463896; 0.19184401224618444],4174.108016765352,-6358.360600463896,0.19184401224618444,3
168.448897,"Field2d",[4174.09385817913; -6358.358367220383; 0.19179548336633295],4174.09385817913,-6358.358367220383,0.19179548336633295,3
168.45466,"Field2d",[4174.107273454679; -6358.365075241034; 0.19179543802867888],4174.107273454679,-6358.365075241034,0.19179543802867888,3
168.456772,"Field2d",[4174.100185761033; -6358.370978319818; 0.19179551390959465],4174.100185761033,-6358.370978319818,0.19179551390959465,3
168.46091,"Field2d",[4174.086047915313; -6358.3699586643315; 0.19179549625177147],4174.086047915313,-6358.3699586643315,0.19179549625177147,3
168.466172,"Field2d",[4174.104413831266; -6358.379968878895; 0.19179528619866937],4174.104413831266,-6358.379968878895,0.19179528619866937,3
168.470553,"Field2d",[4174.107260288482; -6358.381786297928; 0.19179526070049965],4174.107260288482,-6358.381786297928,0.19179526070049965,3
168.473057,"Field2d",[4174.103391820774; -6358.379777575568; 0.19179529315271523],4174.103391820774,-6358.379777575568,0.19179529315271523,3
168.47817,"Field2d",[4174.099095557986; -6358.37804140033; 0.19179354652810188],4174.099095557986,-6358.37804140033,0.19179354652810188,3
168.48129,"Field2d",[4174.1063218396175; -6358.3825576291465; 0.19179526417752318],4174.1063218396175,-6358.3825576291465,0.19179526417752318,3
168.485124,"Field2d",[4174.104160127402; -6358.381354480894; 0.19179528272164634],4174.104160127402,-6358.381354480894,0.19179528272164634,3
168.4899,"Field2d",[4174.09235627939; -6358.378565638623; 0.19184390425393824],4174.09235627939,-6358.378565638623,0.19184390425393824,3
168.494657,"Field2d",[4174.110057273744; -6358.393771551387; 0.19184355409725723],4174.110057273744,-6358.393771551387,0.19184355409725723,3
168.49754,"Field2d",[4174.084246357193; -6358.389253666499; 0.1918438453490763],4174.084246357193,-6358.389253666499,0.1918438453490763,3
168.501995,"Field2d",[4174.0961382051955; -6358.394891532985; 0.1918441202384347],4174.0961382051955,-6358.394891532985,0.1918441202384347,3
168.505074,"Field2d",[4174.098686312703; -6358.396291002027; 0.19184417914329616],4174.098686312703,-6358.396291002027,0.19184417914329616,3
168.509414,"Field2d",[4174.096049760282; -6358.394989530217; 0.19194023183878822],4174.096049760282,-6358.394989530217,0.19194023183878822,3
168.514015,"Field2d",[4174.086278969979; -6358.392473890409; 0.19193995258610458],4174.086278969979,-6358.392473890409,0.19193995258610458,3
168.518023,"Field2d",[4174.081112395734; -6358.3917191990895; 0.19193980423311954],4174.081112395734,-6358.3917191990895,0.19193980423311954,3
168.520776,"Field2d",[4174.080243489759; -6358.397558639325; 0.19193956861367023],4174.080243489759,-6358.397558639325,0.19193956861367023,3
168.52566,"Field2d",[4174.087121304896; -6358.404612573652; 0.19193955988702505],4174.087121304896,-6358.404612573652,0.19193955988702505,3
168.530697,"Field2d",[4174.093042465571; -6358.407944346741; 0.1920361198188324],4174.093042465571,-6358.407944346741,0.1920361198188324,3
168.533724,"Field2d",[4174.091329481825; -6358.407067675768; 0.19203606664082856],4174.091329481825,-6358.407067675768,0.19203606664082856,3
168.536859,"Field2d",[4174.098288115688; -6358.412384395783; 0.19203629571529557],4174.098288115688,-6358.412384395783,0.19203629571529557,3
168.541046,"Field2d",[4174.076073542493; -6358.413825367136; 0.19203547350159125],4174.076073542493,-6358.413825367136,0.19203547350159125,3
168.545015,"Field2d",[4174.08855122966; -6358.420710290793; 0.19203610754698164],4174.08855122966,-6358.420710290793,0.19203610754698164,3
168.549463,"Field2d",[4174.096052786083; -6358.427638081875; 0.192179271110488],4174.096052786083,-6358.427638081875,0.192179271110488,3
168.553112,"Field2d",[4174.065652624716; -6358.424026100068; 0.1921796786721373],4174.065652624716,-6358.424026100068,0.1921796786721373,3
168.557282,"Field2d",[4174.080569695533; -6358.431403012847; 0.1921803868940251],4174.080569695533,-6358.431403012847,0.1921803868940251,3
168.561696,"Field2d",[4174.086673181984; -6358.435687662038; 0.1921807075982745],4174.086673181984,-6358.435687662038,0.1921807075982745,3
168.564741,"Field2d",[4174.084096893546; -6358.434107741132; 0.1921805739715009],4174.084096893546,-6358.434107741132,0.1921805739715009,3
168.569285,"Field2d",[4174.072276464753; -6358.430668290488; 0.1922273811794962],4174.072276464753,-6358.430668290488,0.1922273811794962,3
168.573419,"Field2d",[4174.080147429011; -6358.4345997064265; 0.19222753771371065],4174.080147429011,-6358.4345997064265,0.19222753771371065,3
168.577094,"Field2d",[4174.082345164867; -6358.443122611297; 0.192227101654108],4174.082345164867,-6358.443122611297,0.192227101654108,3
168.581553,"Field2d",[4174.064705482077; -6358.439387882834; 0.19222731688865283],4174.064705482077,-6358.439387882834,0.19222731688865283,3
168.585465,"Field2d",[4174.074682343865; -6358.444015282346; 0.19222751255642723],4174.074682343865,-6358.444015282346,0.19222751255642723,3
168.589371,"Field2d",[4174.08260815172; -6358.4498308903285; 0.19213011248038847],4174.08260815172,-6358.4498308903285,0.19213011248038847,3
168.593695,"Field2d",[4174.081312485391; -6358.44894284384; 0.19213015065946532],4174.081312485391,-6358.44894284384,0.19213015065946532,3
168.596781,"Field2d",[4174.085171993817; -6358.4522242088; 0.1921300284864141],4174.085171993817,-6358.4522242088,0.1921300284864141,3
168.602244,"Field2d",[4174.13332035602; -6358.250791549784; 0.1921249926661107],4174.13332035602,-6358.250791549784,0.1921249926661107,3
168.604944,"Field2d",[4173.958954779418; -6358.130247838489; 0.19213014684155622],4173.958954779418,-6358.130247838489,0.19213014684155622,3
168.610019,"Field2d",[4173.950717941081; -6358.126451604947; 0.19232478555067958],4173.950717941081,-6358.126451604947,0.19232478555067958,3
168.613345,"Field2d",[4173.948866533061; -6358.125689041663; 0.19232466528658182],4173.948866533061,-6358.125689041663,0.19232466528658182,3
168.618429,"Field2d",[4173.941814848714; -6358.123948650833; 0.19232420427422997],4173.941814848714,-6358.123948650833,0.19232420427422997,3
168.621326,"Field2d",[4173.955089755823; -6358.13233933885; 0.192325196452994],4173.955089755823,-6358.13233933885,0.192325196452994,3
168.625729,"Field2d",[4173.960893683766; -6358.1374515703055; 0.1923231319193957],4173.960893683766,-6358.1374515703055,0.1923231319193957,3
168.630139,"Field2d",[4173.929028451515; -6358.135220624472; 0.1922746304466621],4173.929028451515,-6358.135220624472,0.1922746304466621,3
168.633826,"Field2d",[4173.935262715261; -6358.13648565956; 0.192274496819888],4173.935262715261,-6358.13648565956,0.192274496819888,3
168.636846,"Field2d",[4173.941137635647; -6358.138480192337; 0.19227436319311794],4173.941137635647,-6358.138480192337,0.19227436319311794,3
168.641837,"Field2d",[4173.953722212099; -6358.1480745512645; 0.19227402578552236],4173.953722212099,-6358.1480745512645,0.19227402578552236,3
168.645403,"Field2d",[4173.950418314358; -6358.145952392137; 0.19227410930225233],4173.950418314358,-6358.145952392137,0.19227410930225233,3
168.65058,"Field2d",[4173.950631140148; -6358.146103548153; 0.19251738413352848],4173.950631140148,-6358.146103548153,0.19251738413352848,3
168.65339,"Field2d",[4173.92856671449; -6358.148480934134; 0.19251513674941098],4173.92856671449,-6358.148480934134,0.19251513674941098,3
168.656881,"Field2d",[4173.939934295708; -6358.15364766325; 0.1925167468156513],4173.939934295708,-6358.15364766325,0.1925167468156513,3
168.661351,"Field2d",[4173.92186828168; -6358.152649546584; 0.19251546099886893],4173.92186828168,-6358.152649546584,0.19251546099886893,3
168.665066,"Field2d",[4173.937804095969; -6358.159603806259; 0.19251669091057566],4173.937804095969,-6358.159603806259,0.19251669091057566,3
168.670079,"Field2d",[4173.93589179457; -6358.167667695007; 0.1922261773113626],4173.93589179457,-6358.167667695007,0.1922261773113626,3
168.673104,"Field2d",[4173.915931396238; -6358.167587648026; 0.1922261773113626],4173.915931396238,-6358.167587648026,0.1922261773113626,3
168.677699,"Field2d",[4173.92135663465; -6358.174436498091; 0.19222631980114663],4173.92135663465,-6358.174436498091,0.19222631980114663,3
168.6808,"Field2d",[4173.9289479020745; -6358.18196050675; 0.19222625503305885],4173.9289479020745,-6358.18196050675,0.19222625503305885,3
168.685147,"Field2d",[4173.934420449786; -6358.187761233962; 0.1922264493372871],4173.934420449786,-6358.187761233962,0.1922264493372871,3
168.68923,"Field2d",[4173.940635130808; -6358.193230156243; 0.19208091076246875],4173.940635130808,-6358.193230156243,0.19208091076246875,3
168.693848,"Field2d",[4173.940753015196; -6358.193334039472; 0.1920829274358775],4173.940753015196,-6358.193334039472,0.1920829274358775,3
168.698008,"Field2d",[4173.916542641472; -6358.188050555313; 0.19208215240061036],4173.916542641472,-6358.188050555313,0.19208215240061036,3
168.701949,"Field2d",[4173.928215458794; -6358.1942033301775; 0.19208148808466893],4173.928215458794,-6358.1942033301775,0.19208148808466893,3
168.705575,"Field2d",[4173.933468473116; -6358.197929694484; 0.1920811638352097],4173.933468473116,-6358.197929694484,0.1920811638352097,3
168.709688,"Field2d",[4173.937776403769; -6358.201695488378; 0.1920346196537962],4173.937776403769,-6358.201695488378,0.1920346196537962,3
168.712841,"Field2d",[4173.905862547834; -6358.199659442939; 0.19203505080466055],4173.905862547834,-6358.199659442939,0.19203505080466055,3
168.717395,"Field2d",[4173.930013455036; -6358.220978499157; 0.1920346175403113],4173.930013455036,-6358.220978499157,0.1920346175403113,3
168.720928,"Field2d",[4173.926902808616; -6358.218645173091; 0.19203467037742553],4173.926902808616,-6358.218645173091,0.19203467037742553,3
168.725529,"Field2d",[4173.922484810061; -6358.216007558873; 0.19203473800893567],4173.922484810061,-6358.216007558873,0.19203473800893567,3
168.730119,"Field2d",[4173.917145554283; -6358.213607276177; 0.1918901787274438],4173.917145554283,-6358.213607276177,0.1918901787274438,3
168.734535,"Field2d",[4173.928430614337; -6358.2237840449625; 0.1918912041083768],4173.928430614337,-6358.2237840449625,0.1918912041083768,3
168.738295,"Field2d",[4173.91486497573; -6358.217592333228; 0.191890172318811],4173.91486497573,-6358.217592333228,0.191890172318811,3
168.740914,"Field2d",[4173.925283130762; -6358.226541174855; 0.1918896083593035],4173.925283130762,-6358.226541174855,0.1918896083593035,3
168.745549,"Field2d",[4173.898889513283; -6358.228110703018; 0.1918910823443961],4173.898889513283,-6358.228110703018,0.1918910823443961,3
168.750202,"Field2d",[4173.889748398883; -6358.228104940506; 0.1922547315115172],4173.889748398883,-6358.228104940506,0.1922547315115172,3
168.753816,"Field2d",[4173.910872968117; -6358.25295045888; 0.19222832352093672],4173.910872968117,-6358.25295045888,0.19222832352093672,3
168.758257,"Field2d",[4173.901793852238; -6358.248369901755; 0.19223054881572738],4173.901793852238,-6358.248369901755,0.19223054881572738,3
168.76122,"Field2d",[4173.885686861682; -6358.246193852196; 0.19222874076372548],4173.885686861682,-6358.246193852196,0.19222874076372548,3
168.765733,"Field2d",[4173.903973974384; -6358.258255412048; 0.19223117467991047],4173.903973974384,-6358.258255412048,0.19223117467991047,3
168.769331,"Field2d",[4173.902200900916; -6358.257184881929; 0.19198437905591248],4173.902200900916,-6358.257184881929,0.19198437905591248,3
168.773584,"Field2d",[4173.894486456133; -6358.254162543864; 0.19198503846312448],4173.894486456133,-6358.254162543864,0.19198503846312448,3
168.778345,"Field2d",[4173.884887609971; -6358.258198490603; 0.19198648408661292],4173.884887609971,-6358.258198490603,0.19198648408661292,3
168.781946,"Field2d",[4173.880004373681; -6358.257641218481; 0.1919860656166503],4173.880004373681,-6358.257641218481,0.1919860656166503,3
168.785797,"Field2d",[4173.90289351918; -6358.279442023462; 0.19198676306658763],4173.90289351918,-6358.279442023462,0.19198676306658763,3
168.790098,"Field2d",[4173.897374487785; -6358.275389045678; 0.19188981473084651],4173.897374487785,-6358.275389045678,0.19188981473084651,3
168.794618,"Field2d",[4173.890306574578; -6358.271791580273; 0.19189012493585395],4173.890306574578,-6358.271791580273,0.19189012493585395,3
168.796933,"Field2d",[4173.895728238791; -6358.275548081189; 0.19188987056774826],4173.895728238791,-6358.275548081189,0.19188987056774826,3
168.800897,"Field2d",[4173.874838679745; -6358.27192718961; 0.19189070812126058],4173.874838679745,-6358.27192718961,0.19189070812126058,3
168.806236,"Field2d",[4173.895797378135; -6358.29221718449; 0.1918911424082607],4173.895797378135,-6358.29221718449,0.1918911424082607,3
168.809466,"Field2d",[4173.885267704239; -6358.286344483311; 0.1918429372324488],4173.885267704239,-6358.286344483311,0.1918429372324488,3
168.813404,"Field2d",[4173.876928992722; -6358.291634115134; 0.19184334956648372],4173.876928992722,-6358.291634115134,0.19184334956648372,3
168.817162,"Field2d",[4173.885056621992; -6358.29698175707; 0.19184288323632426],4173.885056621992,-6358.29698175707,0.19184288323632426,3
168.822085,"Field2d",[4173.890175073873; -6358.301450791396; 0.19184277769844585],4173.890175073873,-6358.301450791396,0.19184277769844585,3
168.825652,"Field2d",[4173.887614615003; -6358.299497066598; 0.19184282678583248],4173.887614615003,-6358.299497066598,0.19184282678583248,3
168.82931,"Field2d",[4173.861124476913; -6358.297092347619; 0.19328804142339742],4173.861124476913,-6358.297092347619,0.19328804142339742,3
168.833865,"Field2d",[4173.884509118878; -6358.318257668846; 0.19328397535160038],4173.884509118878,-6358.318257668846,0.19328397535160038,3
168.837279,"Field2d",[4173.862419546606; -6358.312221617087; 0.19329196227829826],4173.862419546606,-6358.312221617087,0.19329196227829826,3
168.841547,"Field2d",[4173.880068434071; -6358.329341891274; 0.19330336180075666],4173.880068434071,-6358.329341891274,0.19330336180075666,3
168.845685,"Field2d",[4173.847097317223; -6358.326292943783; 0.19328804142333175],4173.847097317223,-6358.326292943783,0.19328804142333175,3
168.84939,"Field2d",[4173.862500478144; -6358.3334187618475; 0.1948788774024201],4173.862500478144,-6358.3334187618475,0.1948788774024201,3
168.852837,"Field2d",[4173.857343782597; -6358.340024150182; 0.19486749901470676],4173.857343782597,-6358.340024150182,0.19486749901470676,3
168.858091,"Field2d",[4173.857231538781; -6358.339979610903; 0.1948774649129316],4173.857231538781,-6358.339979610903,0.1948774649129316,3
168.86115,"Field2d",[4173.860208674892; -6358.341400523401; 0.19487919128894085],4173.860208674892,-6358.341400523401,0.19487919128894085,3
168.865384,"Field2d",[4173.838328982447; -6358.341458787182; 0.19486820525948675],4173.838328982447,-6358.341458787182,0.19486820525948675,3
168.869417,"Field2d",[4173.861983886164; -6358.356546648488; 0.18977056436725886],4173.861983886164,-6358.356546648488,0.18977056436725886,3
168.873828,"Field2d",[4173.835047208745; -6358.356048108937; 0.1898137879916048],4173.835047208745,-6358.356048108937,0.1898137879916048,3
168.87739,"Field2d",[4173.854488148351; -6358.376590392702; 0.18981705489340717],4173.854488148351,-6358.376590392702,0.18981705489340717,3
168.881226,"Field2d",[4173.85414665291; -6358.376392893819; 0.18976905656635645],4173.85414665291,-6358.376392893819,0.18976905656635645,3
168.885423,"Field2d",[4173.8347179621915; -6358.372821687113; 0.1898009716843915],4173.8347179621915,-6358.372821687113,0.1898009716843915,3
168.889019,"Field2d",[4173.8271874296515; -6358.371018806727; 0.19262915086009785],4173.8271874296515,-6358.371018806727,0.19262915086009785,3
168.893691,"Field2d",[4173.832693749757; -6358.373055512014; 0.1926346308530031],4173.832693749757,-6358.373055512014,0.1926346308530031,3
168.897262,"Field2d",[4173.839068995042; -6358.376570185786; 0.1926409539217783],4173.839068995042,-6358.376570185786,0.1926409539217783,3
168.901163,"Field2d",[4173.843539984139; -6358.379738029378; 0.19264587186431598],4173.843539984139,-6358.379738029378,0.19264587186431598,3
168.905727,"Field2d",[4173.837226780739; -6358.37652432648; 0.1926395487954124],4173.837226780739,-6358.37652432648,0.1926395487954124,3
168.909752,"Field2d",[4173.827204226732; -6358.373565697162; 0.1919343278535463],4173.827204226732,-6358.373565697162,0.1919343278535463,3
168.914166,"Field2d",[4173.830115882006; -6358.374631713288; 0.1919336542655245],4173.830115882006,-6358.374631713288,0.1919336542655245,3
168.917326,"Field2d",[4173.843836448333; -6358.38684449572; 0.19192968009624822],4173.843836448333,-6358.38684449572,0.19192968009624822,3
168.920838,"Field2d",[4173.836029870879; -6358.382157163664; 0.19193166718087076],4173.836029870879,-6358.382157163664,0.19193166718087076,3
168.925956,"Field2d",[4173.831814027105; -6358.380146582876; 0.19193264388347628],4173.831814027105,-6358.380146582876,0.19193264388347628,3
168.928718,"Field2d",[4173.827681804065; -6358.378333365684; 0.19247136805056894],4173.827681804065,-6358.378333365684,0.19247136805056894,3
168.933381,"Field2d",[4173.8324960302325; -6358.381136943179; 0.19247224139696456],4173.8324960302325,-6358.381136943179,0.19247224139696456,3
168.937012,"Field2d",[4173.839375174989; -6358.387096757502; 0.1924737136094583],4173.839375174989,-6358.387096757502,0.1924737136094583,3
168.941926,"Field2d",[4173.831751248475; -6358.389101971749; 0.19246779980672007],4173.831751248475,-6358.389101971749,0.19246779980672007,3
168.945007,"Field2d",[4173.823949040936; -6358.389996454321; 0.19246822400354838],4173.823949040936,-6358.389996454321,0.19246822400354838,3
168.949847,"Field2d",[4173.834066443765; -6358.398721338094; 0.19222396824267338],4173.834066443765,-6358.398721338094,0.19222396824267338,3
168.953994,"Field2d",[4173.830391375704; -6358.403264042234; 0.19222609536271346],4173.830391375704,-6358.403264042234,0.19222609536271346,3
168.957009,"Field2d",[4173.79825395757; -6358.402409709633; 0.19222623362550356],4173.79825395757,-6358.402409709633,0.19222623362550356,3
168.961864,"Field2d",[4173.746490378828; -6358.340723419659; 0.19221316247294998],4173.746490378828,-6358.340723419659,0.19221316247294998,3
168.965636,"Field2d",[4173.661602283087; -6358.302270555868; 0.19222491481108597],4173.661602283087,-6358.302270555868,0.19222491481108597,3
168.968787,"Field2d",[4173.667821408326; -6358.307509332918; 0.192080730775391],4173.667821408326,-6358.307509332918,0.192080730775391,3
168.973707,"Field2d",[4173.636874497502; -6358.305536360965; 0.19208245865134804],4173.636874497502,-6358.305536360965,0.19208245865134804,3
168.976701,"Field2d",[4173.653741567914; -6358.323048438319; 0.19208280771720604],4173.653741567914,-6358.323048438319,0.19208280771720604,3
168.981109,"Field2d",[4173.645525773423; -6358.32400303944; 0.1920826855441562],4173.645525773423,-6358.32400303944,0.1920826855441562,3
168.985761,"Field2d",[4173.659057233879; -6358.337507566098; 0.19208273790403574],4173.659057233879,-6358.337507566098,0.19208273790403574,3
168.989905,"Field2d",[4173.637886716409; -6358.330048087378; 0.19198666427822617],4173.637886716409,-6358.330048087378,0.19198666427822617,3
168.992942,"Field2d",[4173.633274350568; -6358.3289121225325; 0.19198677677015166],4173.633274350568,-6358.3289121225325,0.19198677677015166,3
168.997426,"Field2d",[4173.649713609771; -6358.341983835899; 0.19198627430622248],4173.649713609771,-6358.341983835899,0.19198627430622248,3
169.002554,"Field2d",[4173.643088149467; -6358.338227801913; 0.19198645429330108],4173.643088149467,-6358.338227801913,0.19198645429330108,3
169.005787,"Field2d",[4173.635413440405; -6358.33543963201; 0.19198664927930445],4173.635413440405,-6358.33543963201,0.19198664927930445,3
169.008916,"Field2d",[4173.646756741172; -6358.342335497052; 0.1917450268521396],4173.646756741172,-6358.342335497052,0.1917450268521396,3
169.013095,"Field2d",[4173.620220549751; -6358.342237722086; 0.19174690526274224],4173.620220549751,-6358.342237722086,0.19174690526274224,3
169.017432,"Field2d",[4173.646435852049; -6358.364872477633; 0.19174444543932836],4173.646435852049,-6358.364872477633,0.19174444543932836,3
169.021263,"Field2d",[4173.647195367257; -6358.365556485459; 0.19174724069319934],4173.647195367257,-6358.365556485459,0.19174724069319934,3
169.025212,"Field2d",[4173.624814847617; -6358.359616314511; 0.19174602196251145],4173.624814847617,-6358.359616314511,0.19174602196251145,3
169.029837,"Field2d",[4173.62787603729; -6358.360592581888; 0.19189228130378036],4173.62787603729,-6358.360592581888,0.19189228130378036,3
169.03404,"Field2d",[4173.641178776096; -6358.370742500058; 0.19189287948811487],4173.641178776096,-6358.370742500058,0.19189287948811487,3
169.037311,"Field2d",[4173.637102589497; -6358.368222958437; 0.1918927061823714],4173.637102589497,-6358.368222958437,0.1918927061823714,3
169.041511,"Field2d",[4173.6113843725825; -6358.367531920328; 0.1918917893390985],4173.6113843725825,-6358.367531920328,0.1918917893390985,3
169.044963,"Field2d",[4173.62698780244; -6358.373574582758; 0.19189238752342858],4173.62698780244,-6358.373574582758,0.19189238752342858,3
169.049597,"Field2d",[4173.633515124967; -6358.377093629882; 0.191843049178959],4173.633515124967,-6358.377093629882,0.191843049178959,3
169.05374,"Field2d",[4173.636624522292; -6358.379085769811; 0.1918430037049496],4173.636624522292,-6358.379085769811,0.1918430037049496,3
169.057757,"Field2d",[4173.627384333917; -6358.375532523375; 0.19184312628705716],4173.627384333917,-6358.375532523375,0.19184312628705716,3
169.061936,"Field2d",[4173.638464479288; -6358.384001642746; 0.19184295229954923],4173.638464479288,-6358.384001642746,0.19184295229954923,3
169.065088,"Field2d",[4173.616789891332; -6358.3852752862385; 0.1918433417943146],4173.616789891332,-6358.3852752862385,0.1918433417943146,3
169.069349,"Field2d",[4173.633081565064; -6358.397080015724; 0.19169790568940248],4173.633081565064,-6358.397080015724,0.19169790568940248,3
169.073894,"Field2d",[4173.62323032144; -6358.392846749247; 0.19169837392851802],4173.62323032144,-6358.392846749247,0.19169837392851802,3
169.077952,"Field2d",[4173.617888702712; -6358.391243176195; 0.1916986218198095],4173.617888702712,-6358.391243176195,0.1916986218198095,3
169.082417,"Field2d",[4173.629626478634; -6358.398912870785; 0.1916980089774459],4173.629626478634,-6358.398912870785,0.1916980089774459,3
169.085018,"Field2d",[4173.635254816086; -6358.403990411941; 0.19169767845571997],4173.635254816086,-6358.403990411941,0.19169767845571997,3
169.090039,"Field2d",[4173.62200005967; -6358.398003573451; 0.19160276676922589],4173.62200005967,-6358.398003573451,0.19160276676922589,3
169.094047,"Field2d",[4173.622270410686; -6358.407505695078; 0.19160325600683362],4173.622270410686,-6358.407505695078,0.19160325600683362,3
169.096948,"Field2d",[4173.6231675734; -6358.408087676694; 0.19160254342162503],4173.6231675734,-6358.408087676694,0.19160254342162503,3
169.101799,"Field2d",[4173.618173695272; -6358.405694059044; 0.19160272954462781],4173.618173695272,-6358.405694059044,0.19160272954462781,3
169.104914,"Field2d",[4173.623595548207; -6358.409243780935; 0.1916025115148238],4173.623595548207,-6358.409243780935,0.1916025115148238,3
169.110176,"Field2d",[4173.606365355424; -6358.405504784403; 0.19170021995509004],4173.606365355424,-6358.405504784403,0.19170021995509004,3
169.113789,"Field2d",[4173.607926761641; -6358.405897949544; 0.1917002687015911],4173.607926761641,-6358.405897949544,0.1917002687015911,3
169.117876,"Field2d",[4173.608719246749; -6358.412385545116; 0.19170010916759128],4173.608719246749,-6358.412385545116,0.19170010916759128,3
169.120858,"Field2d",[4173.602798318226; -6358.411211044183; 0.19169992747608766],4173.602798318226,-6358.411211044183,0.19169992747608766,3
169.125043,"Field2d",[4173.6151035891135; -6358.424426508337; 0.191700184503094],4173.6151035891135,-6358.424426508337,0.191700184503094,3
169.129213,"Field2d",[4173.609769503426; -6358.4217872660565; 0.19184496045084284],4173.609769503426,-6358.4217872660565,0.19184496045084284,3
169.133713,"Field2d",[4173.595880165636; -6358.419356147633; 0.19184430390706886],4173.595880165636,-6358.419356147633,0.19184430390706886,3
169.136787,"Field2d",[4173.597761387536; -6358.4197624457465; 0.19184439144623497],4173.597761387536,-6358.4197624457465,0.19184439144623497,3
169.141596,"Field2d",[4173.616156575945; -6358.435539039965; 0.19184552216051626],4173.616156575945,-6358.435539039965,0.19184552216051626,3
169.145843,"Field2d",[4173.606069871314; -6358.430332745991; 0.1918449896305686],4173.606069871314,-6358.430332745991,0.1918449896305686,3
169.148885,"Field2d",[4173.601088800685; -6358.4284552903655; 0.19169866483945017],4173.601088800685,-6358.4284552903655,0.19169866483945017,3
169.153846,"Field2d",[4173.610471815413; -6358.434771002068; 0.1916982475966832],4173.610471815413,-6358.434771002068,0.1916982475966832,3
169.157732,"Field2d",[4173.593333654157; -6358.436316740549; 0.1916992037780373],4173.593333654157,-6358.436316740549,0.1916992037780373,3
169.161969,"Field2d",[4173.601258962389; -6358.440149333318; 0.19169850837341543],4173.601258962389,-6358.440149333318,0.19169850837341543,3
169.165035,"Field2d",[4173.601961433853; -6358.440500671142; 0.19169847939822382],4173.601961433853,-6358.440500671142,0.19169847939822382,3
169.168735,"Field2d",[4173.587403567128; -6358.443981273784; 0.19165157006119884],4173.587403567128,-6358.443981273784,0.19165157006119884,3
169.173571,"Field2d",[4173.607128123463; -6358.461576647565; 0.1916516387835382],4173.607128123463,-6358.461576647565,0.1916516387835382,3
169.177325,"Field2d",[4173.59636374677; -6358.455974135495; 0.19165112622942213],4173.59636374677,-6358.455974135495,0.19165112622942213,3
169.181549,"Field2d",[4173.580320146186; -6358.459256434995; 0.19165158151492034],4173.580320146186,-6358.459256434995,0.19165158151492034,3
169.185977,"Field2d",[4173.584300072793; -6358.460343352695; 0.19165132094271786],4173.584300072793,-6358.460343352695,0.19165132094271786,3
169.188858,"Field2d",[4173.594948161245; -6358.466498772938; 0.19174837386186092],4173.594948161245,-6358.466498772938,0.19174837386186092,3
169.194423,"Field2d",[4173.5804654244885; -6358.46325987627; 0.19174804702168777],4173.5804654244885,-6358.46325987627,0.19174804702168777,3
169.197389,"Field2d",[4173.599337176502; -6358.480728557644; 0.19174772365853865],4173.599337176502,-6358.480728557644,0.19174772365853865,3
169.201876,"Field2d",[4173.581536800813; -6358.474078118118; 0.19174819305666077],4173.581536800813,-6358.474078118118,0.19174819305666077,3
169.205337,"Field2d",[4173.564374712557; -6358.473973548443; 0.19174781406114183],4173.564374712557,-6358.473973548443,0.19174781406114183,3
169.209872,"Field2d",[4173.586666606237; -6358.488253267974; 0.19213594106198903],4173.586666606237,-6358.488253267974,0.19213594106198903,3
169.214037,"Field2d",[4173.5872884993705; -6358.48866503955; 0.19213604332735368],4173.5872884993705,-6358.48866503955,0.19213604332735368,3
169.217142,"Field2d",[4173.585751355615; -6358.494766263679; 0.19213225950807883],4173.585751355615,-6358.494766263679,0.19213225950807883,3
169.222759,"Field2d",[4173.590251977993; -6358.498807452385; 0.1921369637158218],4173.590251977993,-6358.498807452385,0.1921369637158218,3
169.226625,"Field2d",[4173.55921399387; -6358.496051315264; 0.1920829647968357],4173.55921399387,-6358.496051315264,0.1920829647968357,3
169.230131,"Field2d",[4173.580645515096; -6358.511778609688; 0.19208259609603343],4173.580645515096,-6358.511778609688,0.19208259609603343,3
169.233592,"Field2d",[4173.5660223352725; -6358.506968154883; 0.19208280989886573],4173.5660223352725,-6358.506968154883,0.19208280989886573,3
169.236817,"Field2d",[4173.558871673025; -6358.511525996899; 0.1920830193383754],4173.558871673025,-6358.511525996899,0.1920830193383754,3
169.240846,"Field2d",[4173.573889899615; -6358.521419423374; 0.19208263100261636],4173.573889899615,-6358.521419423374,0.19208263100261636,3
169.245994,"Field2d",[4173.572584376627; -6358.520618610278; 0.1920826528192337],4173.572584376627,-6358.520618610278,0.1920826528192337,3
169.249053,"Field2d",[4173.564564260674; -6358.517356289706; 0.1919378035812847],4173.564564260674,-6358.517356289706,0.1919378035812847,3
169.253882,"Field2d",[4173.565430062093; -6358.517728091975; 0.19193776097070828],4173.565430062093,-6358.517728091975,0.19193776097070828,3
169.256884,"Field2d",[4173.560400791628; -6358.516184263487; 0.1919380422005135],4173.560400791628,-6358.516184263487,0.1919380422005135,3
169.261692,"Field2d",[4173.552144922218; -6358.515127167072; 0.19193849387263992],4173.552144922218,-6358.515127167072,0.19193849387263992,3
169.26523,"Field2d",[4173.573911091773; -6358.534251698793; 0.19193692580338634],4173.573911091773,-6358.534251698793,0.19193692580338634,3
169.269232,"Field2d",[4173.559415178856; -6358.527732898327; 0.19174608795777087],4173.559415178856,-6358.527732898327,0.19174608795777087,3
169.273748,"Field2d",[4173.549080412571; -6358.52556955513; 0.19174661782882993],4173.549080412571,-6358.52556955513,0.19174661782882993,3
169.276793,"Field2d",[4173.54459567095; -6358.525056670667; 0.19174683926748226],4173.54459567095,-6358.525056670667,0.19174683926748226,3
169.282121,"Field2d",[4173.56463202938; -6358.539280234572; 0.19174559762934104],4173.56463202938,-6358.539280234572,0.19174559762934104,3
169.284935,"Field2d",[4173.542825474009; -6358.541414003281; 0.1917471714254456],4173.542825474009,-6358.541414003281,0.1917471714254456,3
169.289308,"Field2d",[4173.536605169952; -6358.541265838378; 0.19169949932500416],4173.536605169952,-6358.541265838378,0.19169949932500416,3
169.293154,"Field2d",[4173.54151867599; -6358.548086513868; 0.1916995351178879],4173.54151867599,-6358.548086513868,0.1916995351178879,3
169.297744,"Field2d",[4173.542055557195; -6358.548196083551; 0.19169952557312023],4173.542055557195,-6358.548196083551,0.19169952557312023,3
169.301508,"Field2d",[4173.551049533846; -6358.551950292077; 0.19169922491288527],4173.551049533846,-6358.551950292077,0.19169922491288527,3
169.306605,"Field2d",[4173.552409573572; -6358.552566153024; 0.19169920343715435],4173.552409573572,-6358.552566153024,0.19169920343715435,3
169.309247,"Field2d",[4173.53794480562; -6358.555755571002; 0.19150747301925083],4173.53794480562,-6358.555755571002,0.19150747301925083,3
169.312866,"Field2d",[4173.545102166751; -6358.562730546774; 0.19150747301925083],4173.545102166751,-6358.562730546774,0.19150747301925083,3
169.3175,"Field2d",[4173.56034202995; -6358.579011059098; 0.19150733271114787],4173.56034202995,-6358.579011059098,0.19150733271114787,3
169.321895,"Field2d",[4173.525477861573; -6358.5755543201; 0.19150700198488765],4173.525477861573,-6358.5755543201,0.19150700198488765,3
169.325445,"Field2d",[4173.524381651792; -6358.575470508649; 0.19150707213893922],4173.524381651792,-6358.575470508649,0.19150707213893922,3
169.328972,"Field2d",[4173.548503694338; -6358.597340744916; 0.19165193392144372],4173.548503694338,-6358.597340744916,0.19165193392144372,3
169.333084,"Field2d",[4173.547459768226; -6358.596446582969; 0.19165350001356202],4173.547459768226,-6358.596446582969,0.19165350001356202,3
169.33809,"Field2d",[4173.52861015939; -6358.590538031711; 0.191652707456824],4173.52861015939,-6358.590538031711,0.191652707456824,3
169.34072,"Field2d",[4173.543824004602; -6358.603804986075; 0.1916535190349242],4173.543824004602,-6358.603804986075,0.1916535190349242,3
169.345327,"Field2d",[4173.540330016717; -6358.601264529176; 0.19165334784266785],4173.540330016717,-6358.601264529176,0.19165334784266785,3
169.349511,"Field2d",[4173.510364984934; -6358.599873733476; 0.19169996326897493],4173.510364984934,-6358.599873733476,0.19169996326897493,3
169.35359,"Field2d",[4173.510839990645; -6358.599900365608; 0.19169997131384717],4173.510839990645,-6358.599900365608,0.19169997131384717,3
169.357013,"Field2d",[4173.521714457124; -6358.603127028045; 0.19170026495186288],4173.521714457124,-6358.603127028045,0.19170026495186288,3
169.362078,"Field2d",[4173.525918725097; -6358.614437092964; 0.19170000349335914],4173.525918725097,-6358.614437092964,0.19170000349335914,3
169.364774,"Field2d",[4173.532770808465; -6358.6198823435325; 0.19170073959960704],4173.532770808465,-6358.6198823435325,0.19170073959960704,3
169.368909,"Field2d",[4173.525436893395; -6358.622373006519; 0.1916035963460365],4173.525436893395,-6358.622373006519,0.1916035963460365,3
169.373652,"Field2d",[4173.515616472815; -6358.619049462395; 0.19160292630322864],4173.515616472815,-6358.619049462395,0.19160292630322864,3
169.376772,"Field2d",[4173.525936983075; -6358.625794573465; 0.19160251151482366],4173.525936983075,-6358.625794573465,0.19160251151482366,3
169.382065,"Field2d",[4173.504665971883; -6358.622819992356; 0.1916032400534322],4173.504665971883,-6358.622819992356,0.1916032400534322,3
169.385256,"Field2d",[4173.522668226758; -6358.634606018298; 0.19160251151482366],4173.522668226758,-6358.634606018298,0.19160251151482366,3
169.389527,"Field2d",[4173.516058894522; -6358.631683090658; 0.19165185354084824],4173.516058894522,-6358.631683090658,0.19165185354084824,3
169.394197,"Field2d",[4173.5210271180395; -6358.634624840541; 0.19165187876631037],4173.5210271180395,-6358.634624840541,0.19165187876631037,3
169.397172,"Field2d",[4173.510751893368; -6358.631294662375; 0.1916518317242326],4173.510751893368,-6358.631294662375,0.1916518317242326,3
169.401594,"Field2d",[4173.519451243099; -6358.636258360306; 0.19165187535746384],4173.519451243099,-6358.636258360306,0.19165187535746384,3
169.405147,"Field2d",[4173.513370011977; -6358.63379984777; 0.1916518474049249],4173.513370011977,-6358.63379984777,0.1916518474049249,3
169.409686,"Field2d",[4173.501464281705; -6358.632097825903; 0.19170004446769062],4173.501464281705,-6358.632097825903,0.19170004446769062,3
169.412781,"Field2d",[4173.508567001132; -6358.634248854038; 0.1917002175007221],4173.508567001132,-6358.634248854038,0.1917002175007221,3
169.416816,"Field2d",[4173.49994783908; -6358.633241760281; 0.1917000150152599],4173.49994783908,-6358.633241760281,0.1917000150152599,3
169.421757,"Field2d",[4173.505077891237; -6358.634411086469; 0.19170014018809076],4173.505077891237,-6358.634411086469,0.19170014018809076,3
169.424754,"Field2d",[4173.497315012965; -6358.633906989994; 0.1916999561103972],4173.497315012965,-6358.633906989994,0.1916999561103972,3
169.428865,"Field2d",[4173.498543224829; -6358.63401841928; 0.19169963758780614],4173.498543224829,-6358.63401841928,0.19169963758780614,3
169.432754,"Field2d",[4173.505859161922; -6358.635841374496; 0.19169962449783712],4173.505859161922,-6358.635841374496,0.19169962449783712,3
169.436938,"Field2d",[4173.519763892327; -6358.645071225157; 0.19169959531811356],4173.519763892327,-6358.645071225157,0.19169959531811356,3
169.441221,"Field2d",[4173.505013496862; -6358.640951634521; 0.19169962204346752],4173.505013496862,-6358.640951634521,0.19169962204346752,3
169.446638,"Field2d",[4173.509830079019; -6358.642867133372; 0.19169961304411334],4173.509830079019,-6358.642867133372,0.19169961304411334,3
169.449221,"Field2d",[4173.516096930243; -6358.646606273982; 0.19150577827727555],4173.516096930243,-6358.646606273982,0.19150577827727555,3
169.453255,"Field2d",[4173.50190556865; -6358.643151957852; 0.19150665325991303],4173.50190556865,-6358.643151957852,0.19150665325991303,3
169.457714,"Field2d",[4173.51643219531; -6358.6530703293765; 0.19150559010896134],4173.51643219531,-6358.6530703293765,0.19150559010896134,3
169.461992,"Field2d",[4173.508938169822; -6358.649632008835; 0.19150608875498087],4173.508938169822,-6358.649632008835,0.19150608875498087,3
169.46566,"Field2d",[4173.516835290524; -6358.6553951023925; 0.19150550543322742],4173.516835290524,-6358.6553951023925,0.19150550543322742,3
169.469454,"Field2d",[4173.51316246759; -6358.65316385289; 0.19150783558413512],4173.51316246759,-6358.65316385289,0.19150783558413512,3
169.472943,"Field2d",[4173.496615022915; -6358.649806683988; 0.1915078723996742],4173.496615022915,-6358.649806683988,0.1915078723996742,3
169.477515,"Field2d",[4173.492322619357; -6358.649325310162; 0.19150788160355903],4173.492322619357,-6358.649325310162,0.19150788160355903,3
169.481293,"Field2d",[4173.512188132222; -6358.663124720471; 0.1915078291073276],4173.512188132222,-6358.663124720471,0.1915078291073276,3
169.485038,"Field2d",[4173.492549383093; -6358.65920613072; 0.19150787274055847],4173.492549383093,-6358.65920613072,0.19150787274055847,3
169.488827,"Field2d",[4173.490034351419; -6358.6588287255045; 0.19145986868666698],4173.490034351419,-6358.6588287255045,0.19145986868666698,3
169.493528,"Field2d",[4173.501479664222; -6358.663717639823; 0.19145978687435805],4173.501479664222,-6358.663717639823,0.19145978687435805,3
169.497031,"Field2d",[4173.497065384843; -6358.662309549255; 0.19145981755397465],4173.497065384843,-6358.662309549255,0.19145981755397465,3
169.501613,"Field2d",[4173.491239894655; -6358.661205280869; 0.19145985641482077],4173.491239894655,-6358.661205280869,0.19145985641482077,3
169.50599,"Field2d",[4173.49292493688; -6358.661586917854; 0.19145984414297457],4173.49292493688,-6358.661586917854,0.19145984414297457,3
169.508995,"Field2d",[4173.497672534358; -6358.672367663348; 0.1914599770879762],4173.497672534358,-6358.672367663348,0.1914599770879762,3
169.513175,"Field2d",[4173.492947074516; -6358.67089889879; 0.1914599770879762],4173.492947074516,-6358.67089889879,0.1914599770879762,3
169.517518,"Field2d",[4173.491094579197; -6358.670382636567; 0.19145997708797624],4173.491094579197,-6358.670382636567,0.19145997708797624,3
169.521371,"Field2d",[4173.494850969181; -6358.671770112352; 0.19145997708797624],4173.494850969181,-6358.671770112352,0.19145997708797624,3
169.525395,"Field2d",[4173.495550657743; -6358.681064462302; 0.19145997708797624],4173.495550657743,-6358.681064462302,0.19145997708797624,3
169.530581,"Field2d",[4173.486961594256; -6358.67865401627; 0.19145997708797624],4173.486961594256,-6358.67865401627,0.19145997708797624,3
169.534181,"Field2d",[4173.49303471719; -6358.681329281834; 0.19145997708797624],4173.49303471719,-6358.681329281834,0.19145997708797624,3
169.537929,"Field2d",[4173.483649348246; -6358.684942545771; 0.19145997708797627],4173.483649348246,-6358.684942545771,0.19145997708797627,3
169.541683,"Field2d",[4173.4980716464; -6358.695488784448; 0.19145997708797627],4173.4980716464,-6358.695488784448,0.19145997708797627,3
169.544811,"Field2d",[4173.502325892828; -6358.699448132147; 0.19145997708797627],4173.502325892828,-6358.699448132147,0.19145997708797627,3
169.549371,"Field2d",[4173.499254873961; -6358.697019740448; 0.19145997708797627],4173.499254873961,-6358.697019740448,0.19145997708797627,3
169.553431,"Field2d",[4173.495538791529; -6358.694594640344; 0.19145997708797627],4173.495538791529,-6358.694594640344,0.19145997708797627,3
169.557146,"Field2d",[4173.474966105642; -6358.691444320564; 0.1914599770879763],4173.474966105642,-6358.691444320564,0.1914599770879763,3
169.561575,"Field2d",[4173.4818689999; -6358.693579147639; 0.1914599770879763],4173.4818689999,-6358.693579147639,0.1914599770879763,3
169.566146,"Field2d",[4173.476782521974; -6358.692580992228; 0.1914599770879763],4173.476782521974,-6358.692580992228,0.1914599770879763,3
169.569417,"Field2d",[4173.490163189984; -6358.7096143417175; 0.1914599770879763],4173.490163189984,-6358.7096143417175,0.1914599770879763,3
169.573173,"Field2d",[4173.490696041254; -6358.710016615447; 0.1914599770879763],4173.490696041254,-6358.710016615447,0.1914599770879763,3
169.578167,"Field2d",[4173.48276192292; -6358.71465235978; 0.19145997708797632],4173.48276192292,-6358.71465235978,0.19145997708797632,3
169.58201,"Field2d",[4173.467324099758; -6358.711354805431; 0.19145997708797632],4173.467324099758,-6358.711354805431,0.19145997708797632,3
169.585044,"Field2d",[4173.462050877654; -6358.710810359418; 0.19145997708797632],4173.462050877654,-6358.710810359418,0.19145997708797632,3
169.589809,"Field2d",[4173.48295711917; -6358.726121043539; 0.19145997708797632],4173.48295711917,-6358.726121043539,0.19145997708797632,3
169.593825,"Field2d",[4173.469232801508; -6358.7213507332945; 0.19145997708797632],4173.469232801508,-6358.7213507332945,0.19145997708797632,3
169.596802,"Field2d",[4173.458182984717; -6358.7201648405635; 0.19145997708797635],4173.458182984717,-6358.7201648405635,0.19145997708797635,3
169.601558,"Field2d",[4173.477177554969; -6358.732301127127; 0.19145997708797635],4173.477177554969,-6358.732301127127,0.19145997708797635,3
169.605634,"Field2d",[4173.476476240113; -6358.74215755223; 0.19145997708797635],4173.476476240113,-6358.74215755223,0.19145997708797635,3
169.610599,"Field2d",[4173.477953897005; -6358.743530461054; 0.19145997708797635],4173.477953897005,-6358.743530461054,0.19145997708797635,3
169.613597,"Field2d",[4173.470651665836; -6358.738914312173; 0.19145997708797635],4173.470651665836,-6358.738914312173,0.19145997708797635,3
169.617235,"Field2d",[4173.459929266922; -6358.743306341847; 0.19145997708797638],4173.459929266922,-6358.743306341847,0.19145997708797638,3
169.622097,"Field2d",[4173.467853865686; -6358.748406786605; 0.19145997708797638],4173.467853865686,-6358.748406786605,0.19145997708797638,3
169.625253,"Field2d",[4173.452770374182; -6358.750145033731; 0.19145997708797638],4173.452770374182,-6358.750145033731,0.19145997708797638,3
169.629389,"Field2d",[4173.45354294789; -6358.750392843113; 0.19145997708797638],4173.45354294789,-6358.750392843113,0.19145997708797638,3
169.634133,"Field2d",[4173.467899738095; -6358.762300384424; 0.19145997708797638],4173.467899738095,-6358.762300384424,0.19145997708797638,3
169.637177,"Field2d",[4173.46465161299; -6358.760024579791; 0.1914599770879764],4173.46465161299,-6358.760024579791,0.1914599770879764,3
169.642284,"Field2d",[4173.461828615854; -6358.758318461031; 0.1914599770879764],4173.461828615854,-6358.758318461031,0.1914599770879764,3
169.645699,"Field2d",[4173.461892904664; -6358.765598797514; 0.1914599770879764],4173.461892904664,-6358.765598797514,0.1914599770879764,3
169.649346,"Field2d",[4173.435566276667; -6358.763805676615; 0.1914599770879764],4173.435566276667,-6358.763805676615,0.1914599770879764,3
169.654426,"Field2d",[4173.442169653613; -6358.771788006675; 0.1914599770879764],4173.442169653613,-6358.771788006675,0.1914599770879764,3
169.657422,"Field2d",[4173.459302125508; -6358.788529222496; 0.19145997708797644],4173.459302125508,-6358.788529222496,0.19145997708797644,3
169.662186,"Field2d",[4173.445857822882; -6358.7817875899245; 0.19145997708797644],4173.445857822882,-6358.7817875899245,0.19145997708797644,3
169.665445,"Field2d",[4173.432547162932; -6358.779264469963; 0.19145997708797644],4173.432547162932,-6358.779264469963,0.19145997708797644,3
169.670153,"Field2d",[4173.439229134195; -6358.7815693415; 0.19145997708797644],4173.439229134195,-6358.7815693415,0.19145997708797644,3
169.673597,"Field2d",[4173.433370733315; -6358.786158376652; 0.19145997708797644],4173.433370733315,-6358.786158376652,0.19145997708797644,3
169.677237,"Field2d",[4173.432908333844; -6358.786064522368; 0.19145997708797646],4173.432908333844,-6358.786064522368,0.19145997708797646,3
169.68208,"Field2d",[4173.45144171887; -6358.804849317092; 0.19145997708797646],4173.45144171887,-6358.804849317092,0.19145997708797646,3
169.685784,"Field2d",[4173.440082556072; -6358.79829257007; 0.19145997708797646],4173.440082556072,-6358.79829257007,0.19145997708797646,3
169.688797,"Field2d",[4173.433712642507; -6358.7957634938075; 0.19145997708797646],4173.433712642507,-6358.7957634938075,0.19145997708797646,3
169.693924,"Field2d",[4173.428054957202; -6358.794269942299; 0.19145997708797646],4173.428054957202,-6358.794269942299,0.19145997708797646,3
169.697488,"Field2d",[4173.434285812115; -6358.796878235266; 0.1914599770879765],4173.434285812115,-6358.796878235266,0.1914599770879765,3
169.701778,"Field2d",[4173.419383827646; -6358.7955330854165; 0.1914599770879765],4173.419383827646,-6358.7955330854165,0.1914599770879765,3
169.70489,"Field2d",[4173.427645403432; -6358.797778392978; 0.1914599770879765],4173.427645403432,-6358.797778392978,0.1914599770879765,3
169.708933,"Field2d",[4173.419356058087; -6358.796989763738; 0.1914599770879765],4173.419356058087,-6358.796989763738,0.1914599770879765,3
169.712995,"Field2d",[4173.41476162667; -6358.796986388635; 0.1914599770879765],4173.41476162667,-6358.796986388635,0.1914599770879765,3
169.717133,"Field2d",[4173.423600830506; -6358.79863989674; 0.19145997708797652],4173.423600830506,-6358.79863989674,0.19145997708797652,3
169.721377,"Field2d",[4173.440394586038; -6358.810186836017; 0.19145997708797652],4173.440394586038,-6358.810186836017,0.19145997708797652,3
169.725758,"Field2d",[4173.4440298247255; -6358.8132465592325; 0.19145997708797652],4173.4440298247255,-6358.8132465592325,0.19145997708797652,3
169.729137,"Field2d",[4173.415420277019; -6358.81008300022; 0.19145997708797652],4173.415420277019,-6358.81008300022,0.19145997708797652,3
169.734235,"Field2d",[4173.423565141673; -6358.821905438627; 0.19145997708797652],4173.423565141673,-6358.821905438627,0.19145997708797652,3
169.737065,"Field2d",[4173.409318567002; -6358.820744199675; 0.19145997708797655],4173.409318567002,-6358.820744199675,0.19145997708797655,3
169.742181,"Field2d",[4173.426005914219; -6358.838940314873; 0.19145997708797655],4173.426005914219,-6358.838940314873,0.19145997708797655,3
169.746108,"Field2d",[4173.405308229134; -6358.835829546215; 0.19145997708797655],4173.405308229134,-6358.835829546215,0.19145997708797655,3
169.74922,"Field2d",[4173.415002506803; -6358.839490430834; 0.19145997708797655],4173.415002506803,-6358.839490430834,0.19145997708797655,3
169.753692,"Field2d",[4173.404434286912; -6358.843673812668; 0.19145997708797655],4173.404434286912,-6358.843673812668,0.19145997708797655,3
169.758205,"Field2d",[4173.416987043691; -6358.850004698883; 0.19145997708797657],4173.416987043691,-6358.850004698883,0.19145997708797657,3
169.761831,"Field2d",[4173.419731521882; -6358.851612662114; 0.19145997708797657],4173.419731521882,-6358.851612662114,0.19145997708797657,3
169.765048,"Field2d",[4173.408074590676; -6358.8482425089005; 0.19145997708797657],4173.408074590676,-6358.8482425089005,0.19145997708797657,3
169.769072,"Field2d",[4173.424884468179; -6358.86401389689; 0.19145997708797657],4173.424884468179,-6358.86401389689,0.19145997708797657,3
169.772765,"Field2d",[4173.4062383500595; -6358.857262782673; 0.19145997708797657],4173.4062383500595,-6358.857262782673,0.19145997708797657,3
169.777179,"Field2d",[4173.413502403199; -6358.861409319907; 0.1914599770879766],4173.413502403199,-6358.861409319907,0.1914599770879766,3
169.782218,"Field2d",[4173.405716195082; -6358.858576001115; 0.1914599770879766],4173.405716195082,-6358.858576001115,0.1914599770879766,3
169.78539,"Field2d",[4173.417215288261; -6358.867197749038; 0.1914599770879766],4173.417215288261,-6358.867197749038,0.1914599770879766,3
169.789164,"Field2d",[4173.409230984365; -6358.863234162284; 0.1914599770879766],4173.409230984365,-6358.863234162284,0.1914599770879766,3
169.793704,"Field2d",[4173.390999459104; -6358.861662463588; 0.1914599770879766],4173.390999459104,-6358.861662463588,0.1914599770879766,3
169.797977,"Field2d",[4173.407789284223; -6358.880260169771; 0.19145997708797663],4173.407789284223,-6358.880260169771,0.19145997708797663,3
169.801149,"Field2d",[4173.3948906767455; -6358.876116997838; 0.19145997708797663],4173.3948906767455,-6358.876116997838,0.19145997708797663,3
169.805044,"Field2d",[4173.396914845184; -6358.876870240594; 0.19145997708797663],4173.396914845184,-6358.876870240594,0.19145997708797663,3
169.809023,"Field2d",[4173.41213110794; -6358.892746169678; 0.19145997708797663],4173.41213110794,-6358.892746169678,0.19145997708797663,3
169.814252,"Field2d",[4173.384326263847; -6358.886448849498; 0.19145997708797663],4173.384326263847,-6358.886448849498,0.19145997708797663,3
169.817557,"Field2d",[4173.404472086557; -6358.921204008911; 0.19145997708797666],4173.404472086557,-6358.921204008911,0.19145997708797666,3
169.82091,"Field2d",[4173.373024159802; -6358.909444398315; 0.19145997708797666],4173.373024159802,-6358.909444398315,0.19145997708797666,3
169.825481,"Field2d",[4173.368277163798; -6358.908195322498; 0.19145997708797666],4173.368277163798,-6358.908195322498,0.19145997708797666,3
169.830104,"Field2d",[4173.371148068977; -6358.9091443139205; 0.19145997708797666],4173.371148068977,-6358.9091443139205,0.19145997708797666,3
169.834121,"Field2d",[4173.36100007466; -6358.908022144997; 0.19145997708797666],4173.36100007466,-6358.908022144997,0.19145997708797666,3
169.837441,"Field2d",[4173.360452992288; -6358.90796793959; 0.19145997708797668],4173.360452992288,-6358.90796793959,0.19145997708797668,3
169.841496,"Field2d",[4173.383419336075; -6358.928529608662; 0.19145997708797668],4173.383419336075,-6358.928529608662,0.19145997708797668,3
169.845498,"Field2d",[4173.361815176826; -6358.922527788502; 0.19145997708797668],4173.361815176826,-6358.922527788502,0.19145997708797668,3
169.849992,"Field2d",[4173.371323553781; -6358.935899273906; 0.19145997708797668],4173.371323553781,-6358.935899273906,0.19145997708797668,3
169.853803,"Field2d",[4173.376668097872; -6358.940644185853; 0.19145997708797668],4173.376668097872,-6358.940644185853,0.19145997708797668,3
169.856768,"Field2d",[4173.3685778627505; -6358.935887060993; 0.1914599770879767],4173.3685778627505,-6358.935887060993,0.1914599770879767,3
169.861429,"Field2d",[4173.3731454915805; -6358.939352118052; 0.1914599770879767],4173.3731454915805,-6358.939352118052,0.1914599770879767,3
169.865533,"Field2d",[4173.3708316486645; -6358.937796648524; 0.1914599770879767],4173.3708316486645,-6358.937796648524,0.1914599770879767,3
169.869351,"Field2d",[4173.367657035304; -6358.9359914464985; 0.1914599770879767],4173.367657035304,-6358.9359914464985,0.1914599770879767,3
169.873528,"Field2d",[4173.352787457567; -6358.938516963599; 0.1914599770879767],4173.352787457567,-6358.938516963599,0.1914599770879767,3
169.877127,"Field2d",[4173.349809771301; -6358.937991300084; 0.19145997708797674],4173.349809771301,-6358.937991300084,0.19145997708797674,3
169.882198,"Field2d",[4173.354340891129; -6358.948250963279; 0.19145997708797674],4173.354340891129,-6358.948250963279,0.19145997708797674,3
169.885812,"Field2d",[4173.361658206805; -6358.952540741973; 0.19145997708797674],4173.361658206805,-6358.952540741973,0.19145997708797674,3
169.888772,"Field2d",[4173.359853176938; -6358.951586012163; 0.19145997708797674],4173.359853176938,-6358.951586012163,0.19145997708797674,3
169.893863,"Field2d",[4173.3441953494685; -6358.949033372025; 0.19145997708797674],4173.3441953494685,-6358.949033372025,0.19145997708797674,3
169.897303,"Field2d",[4173.358188361657; -6358.965748008059; 0.19145997708797677],4173.358188361657,-6358.965748008059,0.19145997708797677,3
169.90189,"Field2d",[4173.362506751314; -6358.969459177179; 0.19145997708797677],4173.362506751314,-6358.969459177179,0.19145997708797677,3
169.905287,"Field2d",[4173.330345118131; -6358.967881669261; 0.19145997708797677],4173.330345118131,-6358.967881669261,0.19145997708797677,3
169.908962,"Field2d",[4173.343109600133; -6358.972181076539; 0.19145997708797677],4173.343109600133,-6358.972181076539,0.19145997708797677,3
169.913246,"Field2d",[4173.336899287691; -6358.976699806504; 0.19145997708797677],4173.336899287691,-6358.976699806504,0.19145997708797677,3
169.91684,"Field2d",[4173.336402610663; -6358.9765818441265; 0.1914599770879768],4173.336402610663,-6358.9765818441265,0.1914599770879768,3
169.921251,"Field2d",[4173.340065108805; -6358.977763253904; 0.1914599770879768],4173.340065108805,-6358.977763253904,0.1914599770879768,3
169.925566,"Field2d",[4173.335774879868; -6358.9767952074; 0.1914599770879768],4173.335774879868,-6358.9767952074,0.1914599770879768,3
169.929382,"Field2d",[4173.335237272073; -6358.976680247184; 0.1914599770879768],4173.335237272073,-6358.976680247184,0.1914599770879768,3
169.933718,"Field2d",[4173.3263662619065; -6358.97642389535; 0.1914599770879768],4173.3263662619065,-6358.97642389535,0.1914599770879768,3
169.936941,"Field2d",[4173.351587570195; -6358.998106835543; 0.19145997708797682],4173.351587570195,-6358.998106835543,0.19145997708797682,3
169.940866,"Field2d",[4173.330214375727; -6358.998064418398; 0.19145997708797682],4173.330214375727,-6358.998064418398,0.19145997708797682,3
169.945909,"Field2d",[4173.339051058748; -6359.002857280998; 0.19145997708797682],4173.339051058748,-6359.002857280998,0.19145997708797682,3
169.949525,"Field2d",[4173.34491565473; -6359.007276519335; 0.19145997708797682],4173.34491565473,-6359.007276519335,0.19145997708797682,3
169.953298,"Field2d",[4173.340253143268; -6359.0045147528035; 0.19145997708797682],4173.340253143268,-6359.0045147528035,0.19145997708797682,3
169.957732,"Field2d",[4173.331770029398; -6359.009582173031; 0.19145997708797685],4173.331770029398,-6359.009582173031,0.19145997708797685,3
169.962037,"Field2d",[4173.338909903598; -6359.014305129828; 0.19145997708797685],4173.338909903598,-6359.014305129828,0.19145997708797685,3
169.965117,"Field2d",[4173.343001233524; -6359.0176762523115; 0.19145997708797685],4173.343001233524,-6359.0176762523115,0.19145997708797685,3
169.969333,"Field2d",[4173.319391312455; -6359.01298399028; 0.19145997708797685],4173.319391312455,-6359.01298399028,0.19145997708797685,3
169.973331,"Field2d",[4173.330794020705; -6359.026833967567; 0.19145997708797685],4173.330794020705,-6359.026833967567,0.19145997708797685,3
169.977853,"Field2d",[4173.330692710768; -6359.026773846477; 0.19145997708797688],4173.330692710768,-6359.026773846477,0.19145997708797688,3
169.98238,"Field2d",[4173.566954439087; -6358.918902015395; 0.19145997708797688],4173.566954439087,-6358.918902015395,0.19145997708797688,3
169.984918,"Field2d",[4173.350084671731; -6358.814610697665; 0.19145997708797688],4173.350084671731,-6358.814610697665,0.19145997708797688,3
169.989782,"Field2d",[4173.34052746892; -6358.813943916299; 0.19145997708797688],4173.34052746892,-6358.813943916299,0.19145997708797688,3
169.993046,"Field2d",[4173.35778754239; -6358.831281596279; 0.19145997708797688],4173.35778754239,-6358.831281596279,0.19145997708797688,3
169.996907,"Field2d",[4173.320933304556; -6358.830097461317; 0.1914599770879769],4173.320933304556,-6358.830097461317,0.1914599770879769,3
170.001289,"Field2d",[4173.323554577119; -6358.8303234943505; 0.1914599770879769],4173.323554577119,-6358.8303234943505,0.1914599770879769,3
170.005105,"Field2d",[4173.327066486545; -6358.837066634478; 0.1914599770879769],4173.327066486545,-6358.837066634478,0.1914599770879769,3
170.010118,"Field2d",[4173.2929905049805; -6358.628368884889; 0.1914599770879769],4173.2929905049805,-6358.628368884889,0.1914599770879769,3
170.013206,"Field2d",[4173.121579786689; -6358.531253290647; 0.1914599770879769],4173.121579786689,-6358.531253290647,0.1914599770879769,3
170.016927,"Field2d",[4173.106453023017; -6358.528196257749; 0.19145997708797693],4173.106453023017,-6358.528196257749,0.19145997708797693,3
170.02169,"Field2d",[4173.122499518201; -6358.539096758042; 0.19145997708797693],4173.122499518201,-6358.539096758042,0.19145997708797693,3
170.025053,"Field2d",[4173.128444851084; -6358.544811334139; 0.19145997708797693],4173.128444851084,-6358.544811334139,0.19145997708797693,3
170.029295,"Field2d",[4173.111985672231; -6358.537859094022; 0.19145997708797693],4173.111985672231,-6358.537859094022,0.19145997708797693,3
170.033641,"Field2d",[4173.108829328638; -6358.536773444271; 0.19145997708797693],4173.108829328638,-6358.536773444271,0.19145997708797693,3
170.037507,"Field2d",[4173.119226091849; -6358.54369035028; 0.19145997708797696],4173.119226091849,-6358.54369035028,0.19145997708797696,3
170.041309,"Field2d",[4173.106972532636; -6358.539596346436; 0.19145997708797696],4173.106972532636,-6358.539596346436,0.19145997708797696,3
170.046001,"Field2d",[4173.112726096244; -6358.54240105637; 0.19145997708797696],4173.112726096244,-6358.54240105637,0.19145997708797696,3
170.0503,"Field2d",[4173.109332935427; -6358.54105072789; 0.19145997708797696],4173.109332935427,-6358.54105072789,0.19145997708797696,3
170.053387,"Field2d",[4173.114536076196; -6358.543894521109; 0.19145997708797696],4173.114536076196,-6358.543894521109,0.19145997708797696,3
170.058612,"Field2d",[4173.121734460796; -6358.549855209083; 0.191459977087977],4173.121734460796,-6358.549855209083,0.191459977087977,3
170.061645,"Field2d",[4173.123025449536; -6358.551003560455; 0.191459977087977],4173.123025449536,-6358.551003560455,0.191459977087977,3
170.066077,"Field2d",[4173.09292219107; -6358.547772754468; 0.191459977087977],4173.09292219107,-6358.547772754468,0.191459977087977,3
170.070255,"Field2d",[4173.229638710088; -6358.335164565948; 0.191459977087977],4173.229638710088,-6358.335164565948,0.191459977087977,3
170.073509,"Field2d",[4172.986068073839; -6358.286552708354; 0.191459977087977],4172.986068073839,-6358.286552708354,0.191459977087977,3
170.077401,"Field2d",[4172.99609788859; -6358.291058011786; 0.19145997708797702],4172.99609788859,-6358.291058011786,0.19145997708797702,3
170.082182,"Field2d",[4173.008519799235; -6358.3033484597; 0.19145997708797702],4173.008519799235,-6358.3033484597,0.19145997708797702,3
170.085036,"Field2d",[4172.981633876309; -6358.29744075919; 0.19145997708797702],4172.981633876309,-6358.29744075919,0.19145997708797702,3
170.08916,"Field2d",[4172.985498915772; -6358.298632743532; 0.19145997708797702],4172.985498915772,-6358.298632743532,0.19145997708797702,3
170.093285,"Field2d",[4172.991349945212; -6358.301323430344; 0.19145997708797702],4172.991349945212,-6358.301323430344,0.19145997708797702,3
170.097787,"Field2d",[4172.973801573161; -6358.300080252103; 0.19145997708797705],4172.973801573161,-6358.300080252103,0.19145997708797705,3
170.102034,"Field2d",[4172.989814612256; -6358.307459739488; 0.19145997708797705],4172.989814612256,-6358.307459739488,0.19145997708797705,3
170.10592,"Field2d",[4172.996901736181; -6358.312400063009; 0.19145997708797705],4172.996901736181,-6358.312400063009,0.19145997708797705,3
170.109624,"Field2d",[4172.978518377487; -6358.308236504823; 0.19145997708797705],4172.978518377487,-6358.308236504823,0.19145997708797705,3
170.113527,"Field2d",[4172.985903392261; -6358.311237657771; 0.19145997708797705],4172.985903392261,-6358.311237657771,0.19145997708797705,3
170.117592,"Field2d",[4172.985501783097; -6358.3110786127845; 0.19145997708797707],4172.985501783097,-6358.3110786127845,0.19145997708797707,3
170.121754,"Field2d",[4172.992246088123; -6358.315102968945; 0.19145997708797707],4172.992246088123,-6358.315102968945,0.19145997708797707,3
170.126549,"Field2d",[4172.98033374443; -6358.311627807389; 0.19145997708797707],4172.98033374443,-6358.311627807389,0.19145997708797707,3
170.12912,"Field2d",[4172.985404958806; -6358.313750664117; 0.19145997708797707],4172.985404958806,-6358.313750664117,0.19145997708797707,3
170.133322,"Field2d",[4172.988878835114; -6358.322733626447; 0.19145997708797707],4172.988878835114,-6358.322733626447,0.19145997708797707,3
170.136984,"Field2d",[4172.968840379287; -6358.320313716406; 0.1914599770879771],4172.968840379287,-6358.320313716406,0.1914599770879771,3
170.141187,"Field2d",[4172.985740216372; -6358.329996634511; 0.1914599770879771],4172.985740216372,-6358.329996634511,0.1914599770879771,3
170.145145,"Field2d",[4172.995298105016; -6358.339873127695; 0.1914599770879771],4172.995298105016,-6358.339873127695,0.1914599770879771,3
170.149462,"Field2d",[4172.989458394437; -6358.335421076035; 0.1914599770879771],4172.989458394437,-6358.335421076035,0.1914599770879771,3
170.15314,"Field2d",[4172.968330880146; -6358.330938765757; 0.1914599770879771],4172.968330880146,-6358.330938765757,0.1914599770879771,3
170.157218,"Field2d",[4172.968943769924; -6358.331077058097; 0.19145997708797713],4172.968943769924,-6358.331077058097,0.19145997708797713,3
170.161087,"Field2d",[4172.971438076606; -6358.331780964503; 0.19145997708797713],4172.971438076606,-6358.331780964503,0.19145997708797713,3
170.165788,"Field2d",[4172.981888620089; -6358.337791012304; 0.19145997708797713],4172.981888620089,-6358.337791012304,0.19145997708797713,3
170.169588,"Field2d",[4172.9774842139805; -6358.335808472357; 0.19145997708797713],4172.9774842139805,-6358.335808472357,0.19145997708797713,3
170.172935,"Field2d",[4172.978721126229; -6358.336407664825; 0.19145997708797713],4172.978721126229,-6358.336407664825,0.19145997708797713,3
170.177877,"Field2d",[4172.96567616846; -6358.339657848139; 0.19145997708797713],4172.96567616846,-6358.339657848139,0.19145997708797713,3
170.182267,"Field2d",[4173.012749230035; -6358.11485107887; 0.19145997708797713],4173.012749230035,-6358.11485107887,0.19145997708797713,3
170.184997,"Field2d",[4172.845200551821; -6357.9900693221925; 0.19145997708797713],4172.845200551821,-6357.9900693221925,0.19145997708797713,3
170.190065,"Field2d",[4172.835963610834; -6357.985812602971; 0.19145997708797713],4172.835963610834,-6357.985812602971,0.19145997708797713,3
170.193648,"Field2d",[4172.835820744781; -6357.9857473209295; 0.19145997708797713],4172.835820744781,-6357.9857473209295,0.19145997708797713,3
170.197216,"Field2d",[4172.83524596808; -6357.985493567888; 0.19145997708797718],4172.83524596808,-6357.985493567888,0.19145997708797718,3
170.201676,"Field2d",[4172.83837329684; -6357.994401326692; 0.19145997708797718],4172.83837329684,-6357.994401326692,0.19145997708797718,3
170.204848,"Field2d",[4172.824380587132; -6357.990791342232; 0.19145997708797718],4172.824380587132,-6357.990791342232,0.19145997708797718,3
170.20926,"Field2d",[4172.826334762136; -6357.991383668139; 0.19145997708797718],4172.826334762136,-6357.991383668139,0.19145997708797718,3
170.213081,"Field2d",[4172.830024468161; -6357.992838415223; 0.19145997708797718],4172.830024468161,-6357.992838415223,0.19145997708797718,3
170.218223,"Field2d",[4172.831961492672; -6357.993701238869; 0.1914599770879772],4172.831961492672,-6357.993701238869,0.1914599770879772,3
170.221897,"Field2d",[4172.835485864289; -6358.003024090215; 0.1914599770879772],4172.835485864289,-6358.003024090215,0.1914599770879772,3
170.226071,"Field2d",[4172.8310319169195; -6358.005152818607; 0.1914599770879772],4172.8310319169195,-6358.005152818607,0.1914599770879772,3
170.229629,"Field2d",[4172.80967257371; -6358.00381119693; 0.1914599770879772],4172.80967257371,-6358.00381119693,0.1914599770879772,3
170.232969,"Field2d",[4172.811236139135; -6358.003961219919; 0.1914599770879772],4172.811236139135,-6358.003961219919,0.1914599770879772,3
170.237275,"Field2d",[4172.809629284603; -6358.003860366454; 0.19145997708797724],4172.809629284603,-6358.003860366454,0.19145997708797724,3
170.241564,"Field2d",[4172.8281632766475; -6358.013835850648; 0.19145997708797724],4172.8281632766475,-6358.013835850648,0.19145997708797724,3
170.245431,"Field2d",[4172.832139044831; -6358.016508824265; 0.19145997708797724],4172.832139044831,-6358.016508824265,0.19145997708797724,3
170.250191,"Field2d",[4172.819336881303; -6358.012322825394; 0.19145997708797724],4172.819336881303,-6358.012322825394,0.19145997708797724,3
170.253279,"Field2d",[4172.822360288134; -6358.013540212471; 0.19145997708797724],4172.822360288134,-6358.013540212471,0.19145997708797724,3
170.256791,"Field2d",[4172.814540310711; -6358.0118021326725; 0.19145997708797727],4172.814540310711,-6358.0118021326725,0.19145997708797727,3
170.261345,"Field2d",[4172.804764078667; -6358.011621785238; 0.19145997708797727],4172.804764078667,-6358.011621785238,0.19145997708797727,3
170.264978,"Field2d",[4172.819232447212; -6358.0280637216565; 0.19145997708797727],4172.819232447212,-6358.0280637216565,0.19145997708797727,3
170.268982,"Field2d",[4172.825096795381; -6358.032284710747; 0.19145997708797727],4172.825096795381,-6358.032284710747,0.19145997708797727,3
170.273614,"Field2d",[4172.821518855111; -6358.030157608471; 0.19145997708797727],4172.821518855111,-6358.030157608471,0.19145997708797727,3
170.277123,"Field2d",[4172.8185036656605; -6358.028636600181; 0.1914599770879773],4172.8185036656605,-6358.028636600181,0.1914599770879773,3
170.281261,"Field2d",[4172.8214711597975; -6358.030407316838; 0.1914599770879773],4172.8214711597975,-6358.030407316838,0.1914599770879773,3
170.285579,"Field2d",[4172.817210735274; -6358.028393868103; 0.1914599770879773],4172.817210735274,-6358.028393868103,0.1914599770879773,3
170.289804,"Field2d",[4172.820183205466; -6358.037432759065; 0.1914599770879773],4172.820183205466,-6358.037432759065,0.1914599770879773,3
170.293489,"Field2d",[4172.815518568014; -6358.03508364734; 0.1914599770879773],4172.815518568014,-6358.03508364734,0.1914599770879773,3
170.297577,"Field2d",[4172.813660628703; -6358.0342364753615; 0.19145997708797732],4172.813660628703,-6358.0342364753615,0.19145997708797732,3
170.300931,"Field2d",[4172.818059088167; -6358.036827588467; 0.19145997708797732],4172.818059088167,-6358.036827588467,0.19145997708797732,3
170.305124,"Field2d",[4172.826203252477; -6358.0446178282655; 0.19145997708797732],4172.826203252477,-6358.0446178282655,0.19145997708797732,3
170.309875,"Field2d",[4172.808468370415; -6358.037675415024; 0.19145997708797732],4172.808468370415,-6358.037675415024,0.19145997708797732,3
170.313957,"Field2d",[4172.802372165121; -6358.036154837462; 0.19145997708797732],4172.802372165121,-6358.036154837462,0.19145997708797732,3
170.317431,"Field2d",[4172.801003009096; -6358.041879129049; 0.19145997708797735],4172.801003009096,-6358.041879129049,0.19145997708797735,3
170.321317,"Field2d",[4172.794863004522; -6358.040986872623; 0.19145997708797735],4172.794863004522,-6358.040986872623,0.19145997708797735,3
170.325568,"Field2d",[4172.8096341486025; -6358.0489220292775; 0.19145997708797735],4172.8096341486025,-6358.0489220292775,0.19145997708797735,3
170.329966,"Field2d",[4172.802535700067; -6358.054692021357; 0.19145997708797735],4172.802535700067,-6358.054692021357,0.19145997708797735,3
170.333052,"Field2d",[4172.809831816456; -6358.0623705534845; 0.19145997708797735],4172.809831816456,-6358.0623705534845,0.19145997708797735,3
170.337532,"Field2d",[4172.796994484228; -6358.057919777032; 0.19145997708797735],4172.796994484228,-6358.057919777032,0.19145997708797735,3
170.340891,"Field2d",[4172.806698138305; -6358.064174829949; 0.19145997708797735],4172.806698138305,-6358.064174829949,0.19145997708797735,3
170.345572,"Field2d",[4172.812076075851; -6358.068881817956; 0.19145997708797735],4172.812076075851,-6358.068881817956,0.19145997708797735,3
170.349923,"Field2d",[4172.809721958705; -6358.074840133233; 0.19145997708797735],4172.809721958705,-6358.074840133233,0.19145997708797735,3
170.353733,"Field2d",[4172.800189598637; -6358.068754414547; 0.19145997708797735],4172.800189598637,-6358.068754414547,0.19145997708797735,3
170.356946,"Field2d",[4172.790881349864; -6358.065170849083; 0.19145997708797738],4172.790881349864,-6358.065170849083,0.19145997708797738,3
170.361558,"Field2d",[4172.781359929732; -6358.063540082045; 0.19145997708797738],4172.781359929732,-6358.063540082045,0.19145997708797738,3
170.366588,"Field2d",[4172.794609331769; -6358.079263329649; 0.19145997708797738],4172.794609331769,-6358.079263329649,0.19145997708797738,3
170.370119,"Field2d",[4172.796915249508; -6358.08096640502; 0.19145997708797738],4172.796915249508,-6358.08096640502,0.19145997708797738,3
170.374201,"Field2d",[4172.7931793484; -6358.078720884457; 0.19145997708797738],4172.7931793484,-6358.078720884457,0.19145997708797738,3
170.377693,"Field2d",[4172.789552188862; -6358.076931160496; 0.1914599770879774],4172.789552188862,-6358.076931160496,0.1914599770879774,3
170.381507,"Field2d",[4172.779898178183; -6358.07442408027; 0.1914599770879774],4172.779898178183,-6358.07442408027,0.1914599770879774,3
170.384785,"Field2d",[4172.7711657165055; -6358.073770176885; 0.1914599770879774],4172.7711657165055,-6358.073770176885,0.1914599770879774,3
170.389427,"Field2d",[4172.778505077399; -6358.075496159289; 0.18784092589180923],4172.778505077399,-6358.075496159289,0.18784092589180923,3
170.392927,"Field2d",[4172.79659186565; -6358.091676559172; 0.18781278484386446],4172.79659186565,-6358.091676559172,0.18781278484386446,3
170.398475,"Field2d",[4172.785005769453; -6358.085872323411; 0.1878276723661159],4172.785005769453,-6358.085872323411,0.1878276723661159,3
170.401002,"Field2d",[4172.785390217512; -6358.0860692621945; 0.1878273092556955],4172.785390217512,-6358.0860692621945,0.1878273092556955,3
170.405431,"Field2d",[4172.791966461476; -6358.090979487377; 0.1878176868328779],4172.791966461476,-6358.090979487377,0.1878176868328779,3
170.409827,"Field2d",[4172.795505211865; -6358.094208831363; 0.18742760301803707],4172.795505211865,-6358.094208831363,0.18742760301803707,3
170.412921,"Field2d",[4172.763244133562; -6358.091714359189; 0.18743164781859073],4172.763244133562,-6358.091714359189,0.18743164781859073,3
170.417699,"Field2d",[4172.782688001562; -6358.103423330102; 0.1874288007502315],4172.782688001562,-6358.103423330102,0.1874288007502315,3
170.421819,"Field2d",[4172.783288147227; -6358.103796746099; 0.18742872221042434],4172.783288147227,-6358.103796746099,0.18742872221042434,3
170.425056,"Field2d",[4172.770015184234; -6358.100102169883; 0.1874302733718041],4172.770015184234,-6358.100102169883,0.1874302733718041,3
170.430148,"Field2d",[4172.7815030216925; -6358.118100133963; 0.1809348041446775],4172.7815030216925,-6358.118100133963,0.1809348041446775,3
170.433102,"Field2d",[4172.775782075688; -6358.114547223255; 0.18095008872939405],4172.775782075688,-6358.114547223255,0.18095008872939405,3
170.437333,"Field2d",[4172.766991934709; -6358.111261298767; 0.18090683660724538],4172.766991934709,-6358.111261298767,0.18090683660724538,3
170.442184,"Field2d",[4172.757609728191; -6358.1096922254255; 0.18092634884296543],4172.757609728191,-6358.1096922254255,0.18092634884296543,3
170.44495,"Field2d",[4172.758276395951; -6358.109813109688; 0.18092537323085386],4172.758276395951,-6358.109813109688,0.18092537323085386,3
170.449634,"Field2d",[4172.754875539784; -6358.108749991096; 0.17767752370539147],4172.754875539784,-6358.108749991096,0.17767752370539147,3
170.453478,"Field2d",[4172.756170523852; -6358.109197897084; 0.1776762223442717],4172.756170523852,-6358.109197897084,0.1776762223442717,3
170.458026,"Field2d",[4172.751529920681; -6358.113921617898; 0.17768858527498776],4172.751529920681,-6358.113921617898,0.17768858527498776,3
170.462564,"Field2d",[4172.760698925838; -6358.124682085592; 0.17769541742083192],4172.760698925838,-6358.124682085592,0.17769541742083192,3
170.465325,"Field2d",[4172.762596125363; -6358.126052221604; 0.17766158203170546],4172.762596125363,-6358.126052221604,0.17766158203170546,3
170.470925,"Field2d",[4172.750097367252; -6358.120550220049; 0.18099221756884437],4172.750097367252,-6358.120550220049,0.18099221756884437,3
170.473985,"Field2d",[4172.754972640192; -6358.123401058093; 0.18099794204426387],4172.754972640192,-6358.123401058093,0.18099794204426387,3
170.47774,"Field2d",[4172.739005941823; -6358.120240867182; 0.18098093217450006],4172.739005941823,-6358.120240867182,0.18098093217450006,3
170.482232,"Field2d",[4172.75169314152; -6358.13761225317; 0.18099499802837987],4172.75169314152,-6358.13761225317,0.18099499802837987,3
170.485004,"Field2d",[4172.742195790087; -6358.132952836302; 0.18099434380254595],4172.742195790087,-6358.132952836302,0.18099434380254595,3
170.489856,"Field2d",[4172.738844274773; -6358.1316613089475; 0.1773842473046193],4172.738844274773,-6358.1316613089475,0.1773842473046193,3
170.494493,"Field2d",[4172.743616145622; -6358.134148652492; 0.17737823900856398],4172.743616145622,-6358.134148652492,0.17737823900856398,3
170.497894,"Field2d",[4172.721847958464; -6358.133405503141; 0.17740280233608213],4172.721847958464,-6358.133405503141,0.17740280233608213,3
170.501437,"Field2d",[4172.745681049252; -6358.15134963123; 0.17736904985015603],4172.745681049252,-6358.15134963123,0.17736904985015603,3
170.504963,"Field2d",[4172.73372408481; -6358.146552024648; 0.17738371716084023],4172.73372408481,-6358.146552024648,0.17738371716084023,3
170.508932,"Field2d",[4172.726919579379; -6358.14983991642; 0.18078124428230363],4172.726919579379,-6358.14983991642,0.18078124428230363,3
170.513008,"Field2d",[4172.744804297097; -6358.165839277315; 0.1808175053382558],4172.744804297097,-6358.165839277315,0.1808175053382558,3
170.518599,"Field2d",[4172.7398624414; -6358.162416774287; 0.18081115547604737],4172.7398624414,-6358.162416774287,0.18081115547604737,3
170.520906,"Field2d",[4172.74463094704; -6358.166750221175; 0.1808178395416501],4172.74463094704,-6358.166750221175,0.1808178395416501,3
170.525712,"Field2d",[4172.730950428963; -6358.160482445996; 0.18080179778420366],4172.730950428963,-6358.160482445996,0.18080179778420366,3
170.529773,"Field2d",[4172.731147601668; -6358.160568037948; 0.17751678201750062],4172.731147601668,-6358.160568037948,0.17751678201750062,3
170.532927,"Field2d",[4172.741328264533; -6358.168782915196; 0.17766112960953867],4172.741328264533,-6358.168782915196,0.17766112960953867,3
170.538045,"Field2d",[4172.735424888508; -6358.165259748372; 0.17766787912491816],4172.735424888508,-6358.165259748372,0.17766787912491816,3
170.542036,"Field2d",[4172.729124176861; -6358.162609430282; 0.17767462864057743],4172.729124176861,-6358.162609430282,0.17767462864057743,3
170.545894,"Field2d",[4172.729232640191; -6358.162655464868; 0.17767447524230692],4172.729232640191,-6358.162655464868,0.17767447524230692,3
170.550133,"Field2d",[4172.734872605883; -6358.16619843222; 0.17813823888165634],4172.734872605883,-6358.16619843222,0.17813823888165634,3
170.553572,"Field2d",[4172.727906576263; -6358.163219207564; 0.17813725386146198],4172.727906576263,-6358.163219207564,0.17813725386146198,3
170.556955,"Field2d",[4172.73417754248; -6358.167110162921; 0.1781382183604138],4172.73417754248,-6358.167110162921,0.1781382183604138,3
170.561514,"Field2d",[4172.7198053379125; -6358.163420053065; 0.1781362893625292],4172.7198053379125,-6358.163420053065,0.1781362893625292,3
170.565593,"Field2d",[4172.721573656593; -6358.163946104789; 0.1781365150963258],4172.721573656593,-6358.163946104789,0.1781365150963258,3
170.569111,"Field2d",[4172.740857304988; -6358.181434859096; 0.1775019743986292],4172.740857304988,-6358.181434859096,0.1775019743986292,3
170.573323,"Field2d",[4172.723554507631; -6358.174943234796; 0.17750545489875239],4172.723554507631,-6358.174943234796,0.17750545489875239,3
170.576917,"Field2d",[4172.733978781118; -6358.182402838436; 0.17750305657093604],4172.733978781118,-6358.182402838436,0.17750305657093604,3
170.582507,"Field2d",[4172.71804786165; -6358.177792175263; 0.17750612760047557],4172.71804786165,-6358.177792175263,0.17750612760047557,3
170.585387,"Field2d",[4172.726746850045; -6358.182352034787; 0.17750431423067822],4172.726746850045,-6358.182352034787,0.17750431423067822,3
170.589513,"Field2d",[4172.731298561049; -6358.185917845063; 0.17780122950667054],4172.731298561049,-6358.185917845063,0.17780122950667054,3
170.593507,"Field2d",[4172.716701013411; -6358.186245311626; 0.17779942043198368],4172.716701013411,-6358.186245311626,0.17779942043198368,3
170.597244,"Field2d",[4172.730314862571; -6358.200335827051; 0.1777985720383505],4172.730314862571,-6358.200335827051,0.1777985720383505,3
170.601977,"Field2d",[4172.710245173543; -6358.19273912653; 0.17780006920359606],4172.710245173543,-6358.19273912653,0.17780006920359606,3
170.605911,"Field2d",[4172.720778196358; -6358.200400535431; 0.1778011047428917],4172.720778196358,-6358.200400535431,0.1778011047428917,3
170.610225,"Field2d",[4172.717176205326; -6358.198256969544; 0.17779841679949274],4172.717176205326,-6358.198256969544,0.17779841679949274,3
170.61306,"Field2d",[4172.719077713248; -6358.199510999096; 0.17779844543380102],4172.719077713248,-6358.199510999096,0.17779844543380102,3
170.617453,"Field2d",[4172.722402544811; -6358.202144449971; 0.17779850065710917],4172.722402544811,-6358.202144449971,0.17779850065710917,3
170.621029,"Field2d",[4172.725976164575; -6358.20562373916; 0.1777980425081815],4172.725976164575,-6358.20562373916,0.1777980425081815,3
170.625149,"Field2d",[4172.722265319263; -6358.202655451425; 0.17779850474772457],4172.722265319263,-6358.202655451425,0.17779850474772457,3
170.630089,"Field2d",[4172.704861393439; -6358.203117918373; 0.17803868134687695],4172.704861393439,-6358.203117918373,0.17803868134687695,3
170.633056,"Field2d",[4172.712942851914; -6358.213798198921; 0.17803820390387406],4172.712942851914,-6358.213798198921,0.17803820390387406,3
170.637795,"Field2d",[4172.700831318614; -6358.209418070583; 0.17803932132365657],4172.700831318614,-6358.209418070583,0.17803932132365657,3
170.641029,"Field2d",[4172.716211000194; -6358.225353468049; 0.17803815311205803],4172.716211000194,-6358.225353468049,0.17803815311205803,3
170.645213,"Field2d",[4172.696475753462; -6358.217706730173; 0.17803938227382862],4172.696475753462,-6358.217706730173,0.17803938227382862,3
170.650009,"Field2d",[4172.7129794742095; -6358.236299012772; 0.17798918633182828],4172.7129794742095,-6358.236299012772,0.17798918633182828,3
170.652996,"Field2d",[4172.704173198566; -6358.229971626252; 0.17798929923281195],4172.704173198566,-6358.229971626252,0.17798929923281195,3
170.657119,"Field2d",[4172.702363031418; -6358.235989286943; 0.17798960357460195],4172.702363031418,-6358.235989286943,0.17798960357460195,3
170.660939,"Field2d",[4172.702835491112; -6358.2363835532815; 0.1779892828703508],4172.702835491112,-6358.2363835532815,0.1779892828703508,3
170.666363,"Field2d",[4172.69924696634; -6358.2410770269; 0.17798961339207814],4172.69924696634,-6358.2410770269,0.17798961339207814,3
170.669875,"Field2d",[4172.7006280218475; -6358.2421752276905; 0.17745499293041114],4172.7006280218475,-6358.2421752276905,0.17745499293041114,3
170.673892,"Field2d",[4172.685626544143; -6358.237009456357; 0.17745787122380013],4172.685626544143,-6358.237009456357,0.17745787122380013,3
170.67693,"Field2d",[4172.682647873965; -6358.236191456745; 0.17745844118286946],4172.682647873965,-6358.236191456745,0.17745844118286946,3
170.682379,"Field2d",[4172.836019086842; -6358.039673695255; 0.17741318643163503],4172.836019086842,-6358.039673695255,0.17741318643163503,3
170.685423,"Field2d",[4172.614489231099; -6357.941991627061; 0.17745713027699925],4172.614489231099,-6357.941991627061,0.17745713027699925,3
170.689977,"Field2d",[4172.606353124513; -6357.940137933033; 0.17095080701080115],4172.606353124513,-6357.940137933033,0.17095080701080115,3
170.693652,"Field2d",[4172.620262200673; -6357.948938868393; 0.17091683956315765],4172.620262200673,-6357.948938868393,0.17091683956315765,3
170.697049,"Field2d",[4172.6288243909885; -6357.958142636164; 0.17097377547570586],4172.6288243909885,-6357.958142636164,0.17097377547570586,3
170.701289,"Field2d",[4172.603418029741; -6357.950830986184; 0.1709453075194317],4172.603418029741,-6357.950830986184,0.1709453075194317,3
170.705885,"Field2d",[4172.6074488469085; -6357.952388340064; 0.17093657303310555],4172.6074488469085,-6357.952388340064,0.17093657303310555,3
170.709604,"Field2d",[4172.620017601465; -6357.963504256407; 0.16826913574980956],4172.620017601465,-6357.963504256407,0.16826913574980956,3
170.712918,"Field2d",[4172.614785336496; -6357.959957329871; 0.16827450536444416],4172.614785336496,-6357.959957329871,0.16827450536444416,3
170.717434,"Field2d",[4172.6083111649095; -6357.956841161799; 0.16828068042116484],4172.6083111649095,-6357.956841161799,0.16828068042116484,3
170.721594,"Field2d",[4172.616493907698; -6357.963203693738; 0.1682718205571268],4172.616493907698,-6357.963203693738,0.1682718205571268,3
170.724887,"Field2d",[4172.605299145803; -6357.958327801557; 0.16828215706504937],4172.605299145803,-6357.958327801557,0.16828215706504937,3
170.729344,"Field2d",[4172.589407599904; -6357.9567650077715; 0.16325232255514513],4172.589407599904,-6357.9567650077715,0.16325232255514513,3
170.733067,"Field2d",[4172.606367107187; -6357.96593001682; 0.16322118622222334],4172.606367107187,-6357.96593001682,0.16322118622222334,3
170.738192,"Field2d",[4172.6065900454505; -6357.975970364291; 0.16324270320021025],4172.6065900454505,-6357.975970364291,0.16324270320021025,3
170.74102,"Field2d",[4172.605534078652; -6357.975239172079; 0.16321257943107562],4172.605534078652,-6357.975239172079,0.16321257943107562,3
170.745612,"Field2d",[4172.596706796656; -6357.971417348415; 0.16322802102703393],4172.596706796656,-6357.971417348415,0.16322802102703393,3
170.750272,"Field2d",[4172.598853798253; -6357.97245146546; 0.15588037999841153],4172.598853798253,-6357.97245146546,0.15588037999841153,3
170.752936,"Field2d",[4172.611852229186; -6357.987588209396; 0.15635813770123427],4172.611852229186,-6357.987588209396,0.15635813770123427,3
170.757375,"Field2d",[4172.595253943788; -6357.978985481413; 0.15639885568716483],4172.595253943788,-6357.978985481413,0.15639885568716483,3
170.760767,"Field2d",[4172.604438059158; -6357.987216166522; 0.15637238899654168],4172.604438059158,-6357.987216166522,0.15637238899654168,3
170.766251,"Field2d",[4172.578989607601; -6357.982082024017; 0.15642837622715774],4172.578989607601,-6357.982082024017,0.15642837622715774,3
170.769481,"Field2d",[4172.594319114114; -6357.99120383426; 0.149973135339644],4172.594319114114,-6357.99120383426,0.149973135339644,3
170.773586,"Field2d",[4172.600088745527; -6357.996001656148; 0.14995804301385393],4172.600088745527,-6357.996001656148,0.14995804301385393,3
170.777118,"Field2d",[4172.597213708404; -6357.9939435167225; 0.1499651075067646],4172.597213708404,-6357.9939435167225,0.1499651075067646,3
170.781962,"Field2d",[4172.587815188105; -6357.989843167841; 0.14998630098549567],4172.587815188105,-6357.989843167841,0.14998630098549567,3
170.785811,"Field2d",[4172.581266604024; -6357.9880151860125; 0.15000010885789583],4172.581266604024,-6357.9880151860125,0.15000010885789583,3
170.790037,"Field2d",[4172.5735838910305; -6357.987388180821; 0.14646016184677035],4172.5735838910305,-6357.987388180821,0.14646016184677035,3
170.793101,"Field2d",[4172.57845006004; -6357.988297753327; 0.14666947045739753],4172.57845006004,-6357.988297753327,0.14666947045739753,3
170.796953,"Field2d",[4172.583089643456; -6357.9896501157145; 0.14666443900038784],4172.583089643456,-6357.9896501157145,0.14666443900038784,3
170.801427,"Field2d",[4172.58715109667; -6357.991238956573; 0.14665974297380469],4172.58715109667,-6357.991238956573,0.14665974297380469,3
170.806044,"Field2d",[4172.585560159244; -6357.990679638954; 0.14666142012609015],4172.585560159244,-6357.990679638954,0.14666142012609015,3
170.809645,"Field2d",[4172.588284331472; -6357.991813348824; 0.14040231102218076],4172.588284331472,-6357.991813348824,0.14040231102218076,3
170.813123,"Field2d",[4172.583243798643; -6357.990301042219; 0.14041293448700412],4172.583243798643,-6357.990301042219,0.14041293448700412,3
170.817623,"Field2d",[4172.600460836905; -6358.007850319616; 0.14036419153159266],4172.600460836905,-6358.007850319616,0.14036419153159266,3
170.821069,"Field2d",[4172.583332441356; -6358.000362256197; 0.14040137365762048],4172.583332441356,-6358.000362256197,0.14040137365762048,3
170.825133,"Field2d",[4172.585472739323; -6358.01140761934; 0.14042418286143912],4172.585472739323,-6358.01140761934,0.14042418286143912,3
170.829095,"Field2d",[4172.586694010908; -6358.0122814986535; 0.13667287756856167],4172.586694010908,-6358.0122814986535,0.13667287756856167,3
170.833729,"Field2d",[4172.588676800997; -6358.013826548188; 0.13666991378133217],4172.588676800997,-6358.013826548188,0.13666991378133217,3
170.836813,"Field2d",[4172.593382172374; -6358.018673898563; 0.13670936919896082],4172.593382172374,-6358.018673898563,0.13670936919896082,3
170.842002,"Field2d",[4172.594541087599; -6358.019955881352; 0.13670714635862324],4172.594541087599,-6358.019955881352,0.13670714635862324,3
170.84508,"Field2d",[4172.563959151634; -6358.013850069298; 0.13669658786655814],4172.563959151634,-6358.013850069298,0.13669658786655814,3
170.849556,"Field2d",[4172.579489916895; -6358.046823521068; 0.13251643431436555],4172.579489916895,-6358.046823521068,0.13251643431436555,3
170.853433,"Field2d",[4172.5605756985215; -6358.036753574658; 0.13250492264086447],4172.5605756985215,-6358.036753574658,0.13250492264086447,3
170.857457,"Field2d",[4172.563534770387; -6358.038615251487; 0.13250031797138814],4172.563534770387,-6358.038615251487,0.13250031797138814,3
170.860838,"Field2d",[4172.566020589089; -6358.040406153985; 0.1324961319081756],4172.566020589089,-6358.040406153985,0.1324961319081756,3
170.865902,"Field2d",[4172.553520108564; -6358.035819785014; 0.13251392267659057],4172.553520108564,-6358.035819785014,0.13251392267659057,3
170.868911,"Field2d",[4172.5502571240195; -6358.034786353318; 0.1279603864060553],4172.5502571240195,-6358.034786353318,0.1279603864060553,3
170.873438,"Field2d",[4172.5660045274235; -6358.049441563436; 0.1279290218849209],4172.5660045274235,-6358.049441563436,0.1279290218849209,3
170.877047,"Field2d",[4172.552772845413; -6358.051195142443; 0.1279752673832765],4172.552772845413,-6358.051195142443,0.1279752673832765,3
170.881577,"Field2d",[4172.556597926256; -6358.053867363413; 0.12793909516186056],4172.556597926256,-6358.053867363413,0.12793909516186056,3
170.886102,"Field2d",[4172.540453422651; -6358.0495083230435; 0.1279635915396459],4172.540453422651,-6358.0495083230435,0.1279635915396459,3
170.888944,"Field2d",[4172.549830032416; -6358.054219686364; 0.12547610029325043],4172.549830032416,-6358.054219686364,0.12547610029325043,3
170.894073,"Field2d",[4172.55204720538; -6358.0554853771555; 0.12547413679784636],4172.55204720538,-6358.0554853771555,0.12547413679784636,3
170.897132,"Field2d",[4172.552521642134; -6358.055763423531; 0.12547364592393953],4172.552521642134,-6358.055763423531,0.12547364592393953,3
170.901964,"Field2d",[4172.523547244431; -6357.961558123949; 0.12532405211742226],4172.523547244431,-6357.961558123949,0.12532405211742226,3
170.904947,"Field2d",[4172.414419991146; -6357.946195824662; 0.12548861757636354],4172.414419991146,-6357.946195824662,0.12548861757636354,3
170.909682,"Field2d",[4172.425200450123; -6357.963961176667; 0.12457428219185195],4172.425200450123,-6357.963961176667,0.12457428219185195,3
170.913733,"Field2d",[4172.408379015653; -6357.960179815184; 0.12457153820706057],4172.408379015653,-6357.960179815184,0.12457153820706057,3
170.918238,"Field2d",[4172.428492829152; -6357.982534258948; 0.12458129459755428],4172.428492829152,-6357.982534258948,0.12458129459755428,3
170.921269,"Field2d",[4172.425885234479; -6357.980035290913; 0.1245457752383595],4172.425885234479,-6357.980035290913,0.1245457752383595,3
170.925343,"Field2d",[4172.411118502754; -6357.973241904234; 0.124561476929398],4172.411118502754,-6357.973241904234,0.124561476929398,3
170.930265,"Field2d",[4172.535083752862; -6357.855113035267; 0.1214844170749839],4172.535083752862,-6357.855113035267,0.1214844170749839,3
170.933329,"Field2d",[4172.418469802912; -6357.731494164732; 0.12170670316279777],4172.418469802912,-6357.731494164732,0.12170670316279777,3
170.938544,"Field2d",[4172.393541132455; -6357.7242493072035; 0.12169348222568557],4172.393541132455,-6357.7242493072035,0.12169348222568557,3
170.942049,"Field2d",[4172.389581359766; -6357.729321261702; 0.12170408803238954],4172.389581359766,-6357.729321261702,0.12170408803238954,3
170.945998,"Field2d",[4172.39554624612; -6357.731770008712; 0.12168883310477022],4172.39554624612,-6357.731770008712,0.12168883310477022,3
170.949833,"Field2d",[4172.390018776947; -6357.730367890916; 0.11978334350956021],4172.390018776947,-6357.730367890916,0.11978334350956021,3
170.953054,"Field2d",[4172.404491884313; -6357.778520442692; 0.11975282206425619],4172.404491884313,-6357.778520442692,0.11975282206425619,3
170.957605,"Field2d",[4172.380220426725; -6357.759949613583; 0.11977132569039682],4172.380220426725,-6357.759949613583,0.11977132569039682,3
170.962483,"Field2d",[4172.375969939959; -6357.75733786525; 0.11977437783500541],4172.375969939959,-6357.75733786525,0.11977437783500541,3
170.965334,"Field2d",[4172.351652220826; -6357.7560642014305; 0.11978916166004383],4172.351652220826,-6357.7560642014305,0.11978916166004383,3
170.970038,"Field2d",[4172.361638622144; -6357.758747626604; 0.11767265937193093],4172.361638622144,-6357.758747626604,0.11767265937193093,3
170.974035,"Field2d",[4172.374962594226; -6357.767716794375; 0.11766200577309671],4172.374962594226,-6357.767716794375,0.11766200577309671,3
170.977477,"Field2d",[4172.366240599051; -6357.764043010938; 0.11766827259597423],4172.366240599051,-6357.764043010938,0.11766827259597423,3
170.981281,"Field2d",[4172.380463985943; -6357.779612440954; 0.11765427669153614],4172.380463985943,-6357.779612440954,0.11765427669153614,3
170.986061,"Field2d",[4172.376965143534; -6357.77645570574; 0.1176574101029749],4172.376965143534,-6357.77645570574,0.1176574101029749,3
170.990211,"Field2d",[4172.3766535564955; -6357.723443207141; 0.11555842362570155],4172.3766535564955,-6357.723443207141,0.11555842362570155,3
170.993455,"Field2d",[4172.345732927809; -6357.701618443437; 0.11569698095170616],4172.345732927809,-6357.701618443437,0.11569698095170616,3
170.997804,"Field2d",[4172.344252633165; -6357.700652161983; 0.11569817541136536],4172.344252633165,-6357.700652161983,0.11569817541136536,3
171.001234,"Field2d",[4172.328641420235; -6357.69668895033; 0.1157083283188699],4172.328641420235,-6357.69668895033,0.1157083283188699,3
171.006086,"Field2d",[4172.34760251804; -6357.716767588597; 0.11569080957645711],4172.34760251804,-6357.716767588597,0.11569080957645711,3
171.009553,"Field2d",[4172.339766815949; -6357.711400006051; 0.11441107294604337],4172.339766815949,-6357.711400006051,0.11441107294604337,3
171.014477,"Field2d",[4172.337484899661; -6357.710011649599; 0.114412099417866],4172.337484899661,-6357.710011649599,0.114412099417866,3
171.017591,"Field2d",[4172.32350389006; -6357.71208318676; 0.11442127350923259],4172.32350389006,-6357.71208318676,0.11442127350923259,3
171.021158,"Field2d",[4172.314204624101; -6357.711141437231; 0.11442101689132078],4172.314204624101,-6357.711141437231,0.11442101689132078,3
171.02625,"Field2d",[4172.337815262049; -6357.73502626462; 0.11440728783146599],4172.337815262049,-6357.73502626462,0.11440728783146599,3
171.029201,"Field2d",[4172.316322188134; -6357.727694628195; 0.11447349505586177],4172.316322188134,-6357.727694628195,0.11447349505586177,3
171.033725,"Field2d",[4172.305829088705; -6357.726511071769; 0.11447340826663795],4172.305829088705,-6357.726511071769,0.11447340826663795,3
171.037338,"Field2d",[4172.313871622426; -6357.735949550054; 0.11447343287850832],4172.313871622426,-6357.735949550054,0.11447343287850832,3
171.04147,"Field2d",[4172.310373811181; -6357.7348872499215; 0.11447348598833194],4172.310373811181,-6357.7348872499215,0.11447348598833194,3
171.045468,"Field2d",[4172.314194925575; -6357.746093447655; 0.11447339790374476],4172.314194925575,-6357.746093447655,0.11447339790374476,3
171.049548,"Field2d",[4172.32436498852; -6357.756386790136; 0.11447334111236784],4172.32436498852,-6357.756386790136,0.11447334111236784,3
171.053295,"Field2d",[4172.31095883412; -6357.7493959819885; 0.11447349287419936],4172.31095883412,-6357.7493959819885,0.11447349287419936,3
171.057887,"Field2d",[4172.311340032333; -6357.749599179218; 0.11447349573763105],4172.311340032333,-6357.749599179218,0.11447349573763105,3
171.060784,"Field2d",[4172.317425546969; -6357.754182816383; 0.11447354250700124],4172.317425546969,-6357.754182816383,0.11447354250700124,3
171.065874,"Field2d",[4172.311038438057; -6357.750720534617; 0.11447349860106144],4172.311038438057,-6357.750720534617,0.11447349860106144,3
171.069102,"Field2d",[4172.3034066574255; -6357.748097315449; 0.11447331629596735],4172.3034066574255,-6357.748097315449,0.11447331629596735,3
171.073177,"Field2d",[4172.318648507844; -6357.762670135612; 0.11447331629596735],4172.318648507844,-6357.762670135612,0.11447331629596735,3
171.077664,"Field2d",[4172.315405834094; -6357.760060246472; 0.11447331629596734],4172.315405834094,-6357.760060246472,0.11447331629596734,3
171.08175,"Field2d",[4172.313402474707; -6357.758608698981; 0.11447331629596734],4172.313402474707,-6357.758608698981,0.11447331629596734,3
171.084889,"Field2d",[4172.31959491346; -6357.765129478877; 0.11447331629596734],4172.31959491346,-6357.765129478877,0.11447331629596734,3
171.089078,"Field2d",[4172.295231555066; -6357.7578576288515; 0.11447335065713722],4172.295231555066,-6357.7578576288515,0.11447335065713722,3
171.093567,"Field2d",[4172.312162713494; -6357.774467811911; 0.1144733918359989],4172.312162713494,-6357.774467811911,0.1144733918359989,3
171.09695,"Field2d",[4172.315259640644; -6357.778174363561; 0.114473330476767],4172.315259640644,-6357.778174363561,0.114473330476767,3
171.101116,"Field2d",[4172.288478229792; -6357.769874685534; 0.11447335174796776],4172.288478229792,-6357.769874685534,0.11447335174796776,3
171.105665,"Field2d",[4172.280263283686; -6357.768793911646; 0.11447333729446005],4172.280263283686,-6357.768793911646,0.11447333729446005,3
171.109177,"Field2d",[4172.303916376808; -6357.786203735317; 0.29255889838956584],4172.303916376808,-6357.786203735317,0.29255889838956584,3
171.11347,"Field2d",[4172.291947615981; -6357.7826359315195; 0.29255889838956584],4172.291947615981,-6357.7826359315195,0.29255889838956584,3
171.117336,"Field2d",[4172.302878150603; -6357.7893782180145; 0.2925588983895659],4172.302878150603,-6357.7893782180145,0.2925588983895659,3
171.121544,"Field2d",[4172.276963315846; -6357.788810541584; 0.2925588983895659],4172.276963315846,-6357.788810541584,0.2925588983895659,3
171.125615,"Field2d",[4172.301681993569; -6357.808205624149; 0.2925588983895659],4172.301681993569,-6357.808205624149,0.2925588983895659,3
171.130203,"Field2d",[4172.291374144803; -6357.710218336478; 0.2925588983895659],4172.291374144803,-6357.710218336478,0.2925588983895659,3
171.134356,"Field2d",[4172.181927128421; -6357.724626358713; 0.2925588983895659],4172.181927128421,-6357.724626358713,0.2925588983895659,3
171.137472,"Field2d",[4172.161359075914; -6357.73082149091; 0.29255889838956595],4172.161359075914,-6357.73082149091,0.29255889838956595,3
171.140904,"Field2d",[4172.161360001038; -6357.730821212262; 0.29255889838956595],4172.161360001038,-6357.730821212262,0.29255889838956595,3
171.14587,"Field2d",[4172.161360467939; -6357.73082107163; 0.29255889838956595],4172.161360467939,-6357.73082107163,0.29255889838956595,3
171.149105,"Field2d",[4172.388489225211; -6357.662409505849; 0.29255889838956595],4172.388489225211,-6357.662409505849,0.29255889838956595,3
171.158131,"Field2d",[4172.388489225211; -6357.662409505849; 0.292558898389566],4172.388489225211,-6357.662409505849,0.292558898389566,3
171.178393,"Field2d",[4172.388489225211; -6357.662409505849; 0.29255889838956606],4172.388489225211,-6357.662409505849,0.29255889838956606,3
171.198131,"Field2d",[4172.388489225211; -6357.662409505849; 0.2925588983895661],4172.388489225211,-6357.662409505849,0.2925588983895661,3
171.216937,"Field2d",[4172.388489225211; -6357.662409505849; 0.29255889838956617],4172.388489225211,-6357.662409505849,0.29255889838956617,3
171.237546,"Field2d",[4172.388489225211; -6357.662409505849; 0.2925588983895662],4172.388489225211,-6357.662409505849,0.2925588983895662,3
171.257412,"Field2d",[4172.388489225211; -6357.662409505849; 0.2925588983895663],4172.388489225211,-6357.662409505849,0.2925588983895663,3
171.277618,"Field2d",[4172.388489225211; -6357.662409505849; 0.29255889838956634],4172.388489225211,-6357.662409505849,0.29255889838956634,3
171.297557,"Field2d",[4172.388489225211; -6357.662409505849; 0.2925588983895664],4172.388489225211,-6357.662409505849,0.2925588983895664,3
171.318206,"Field2d",[4172.388489225211; -6357.662409505849; 0.29255889838956645],4172.388489225211,-6357.662409505849,0.29255889838956645,3
171.336785,"Field2d",[4172.388489225211; -6357.662409505849; 0.2925588983895665],4172.388489225211,-6357.662409505849,0.2925588983895665,3
171.357663,"Field2d",[4172.388489225211; -6357.662409505849; 0.29255889838956656],4172.388489225211,-6357.662409505849,0.29255889838956656,3
171.377761,"Field2d",[4172.388489225211; -6357.662409505849; 0.29255889838956667],4172.388489225211,-6357.662409505849,0.29255889838956667,3
171.398263,"Field2d",[4172.388489225211; -6357.662409505849; 0.2925588983895667],4172.388489225211,-6357.662409505849,0.2925588983895667,3
171.417547,"Field2d",[4172.388489225211; -6357.662409505849; 0.2925588983895668],4172.388489225211,-6357.662409505849,0.2925588983895668,3
171.437542,"Field2d",[4172.388489225211; -6357.662409505849; 0.29255889838956683],4172.388489225211,-6357.662409505849,0.29255889838956683,3
171.457051,"Field2d",[4172.388489225211; -6357.662409505849; 0.2925588983895669],4172.388489225211,-6357.662409505849,0.2925588983895669,3
171.477295,"Field2d",[4172.388489225211; -6357.662409505849; 0.29255889838956695],4172.388489225211,-6357.662409505849,0.29255889838956695,3
171.498151,"Field2d",[4172.388489225211; -6357.662409505849; 0.292558898389567],4172.388489225211,-6357.662409505849,0.292558898389567,3
171.518241,"Field2d",[4172.388489225211; -6357.662409505849; 0.29255889838956706],4172.388489225211,-6357.662409505849,0.29255889838956706,3
171.537239,"Field2d",[4172.388489225211; -6357.662409505849; 0.2925588983895671],4172.388489225211,-6357.662409505849,0.2925588983895671,3
171.558139,"Field2d",[4172.388489225211; -6357.662409505849; 0.29255889838956717],4172.388489225211,-6357.662409505849,0.29255889838956717,3
171.578312,"Field2d",[4172.388489225211; -6357.662409505849; 0.2925588983895672],4172.388489225211,-6357.662409505849,0.2925588983895672,3
171.59702,"Field2d",[4172.388489225211; -6357.662409505849; 0.2925588983895673],4172.388489225211,-6357.662409505849,0.2925588983895673,3
171.617719,"Field2d",[4172.388489225211; -6357.662409505849; 0.29255889838956733],4172.388489225211,-6357.662409505849,0.29255889838956733,3
171.637339,"Field2d",[4172.388489225211; -6357.662409505849; 0.2925588983895674],4172.388489225211,-6357.662409505849,0.2925588983895674,3
171.656906,"Field2d",[4172.388489225211; -6357.662409505849; 0.29255889838956745],4172.388489225211,-6357.662409505849,0.29255889838956745,3
171.677308,"Field2d",[4172.388507455978; -6357.662404022463; 0.2925588983895675],4172.388507455978,-6357.662404022463,0.2925588983895675,3
171.682646,"Field2d",[4172.388535097952; -6357.662395726222; 0.2925588983895675],4172.388535097952,-6357.662395726222,0.2925588983895675,3
171.684785,"Field2d",[4172.3885117755; -6357.66240273872; 0.2925588983895675],4172.3885117755,-6357.66240273872,0.2925588983895675,3
171.689837,"Field2d",[4172.388548440623; -6357.662391745738; 0.2925588983895675],4172.388548440623,-6357.662391745738,0.2925588983895675,3
171.69337,"Field2d",[4172.388544318331; -6357.662392982084; 0.2925588983895675],4172.388544318331,-6357.662392982084,0.2925588983895675,3
171.697007,"Field2d",[4172.388475829066; -6357.6624136326145; 0.29255889838956756],4172.388475829066,-6357.6624136326145,0.29255889838956756,3
171.701866,"Field2d",[4172.3884407749465; -6357.66242423064; 0.29255889838956756],4172.3884407749465,-6357.66242423064,0.29255889838956756,3
171.704925,"Field2d",[4172.388446053391; -6357.6624226354415; 0.29255889838956756],4172.388446053391,-6357.6624226354415,0.29255889838956756,3
171.709957,"Field2d",[4172.388456449804; -6357.662419496065; 0.29255889838956756],4172.388456449804,-6357.662419496065,0.29255889838956756,3
171.714156,"Field2d",[4172.388449358003; -6357.662421638731; 0.29255889838956756],4172.388449358003,-6357.662421638731,0.29255889838956756,3
171.716774,"Field2d",[4172.388632356102; -6357.662367129054; 0.2925588983895676],4172.388632356102,-6357.662367129054,0.2925588983895676,3
171.722173,"Field2d",[4172.388626023729; -6357.662369016216; 0.2925588983895676],4172.388626023729,-6357.662369016216,0.2925588983895676,3
171.725724,"Field2d",[4172.38868112192; -6357.662353044844; 0.2925588983895676],4172.38868112192,-6357.662353044844,0.2925588983895676,3
171.729957,"Field2d",[4172.3887793693375; -6357.662324116597; 0.2925588983895676],4172.3887793693375,-6357.662324116597,0.2925588983895676,3
171.733538,"Field2d",[4172.388751715169; -6357.662332277335; 0.2925588983895676],4172.388751715169,-6357.662332277335,0.2925588983895676,3
171.737087,"Field2d",[4172.387950921155; -6357.662583633436; 0.29255889838956767],4172.387950921155,-6357.662583633436,0.29255889838956767,3
171.740916,"Field2d",[4172.387995390783; -6357.662569721765; 0.29255889838956767],4172.387995390783,-6357.662569721765,0.29255889838956767,3
171.746007,"Field2d",[4172.388121389605; -6357.66253067827; 0.29255889838956767],4172.388121389605,-6357.66253067827,0.29255889838956767,3
171.748977,"Field2d",[4172.388294600597; -6357.662477708468; 0.29255889838956767],4172.388294600597,-6357.662477708468,0.29255889838956767,3
171.753881,"Field2d",[4172.388228733619; -6357.662497953008; 0.29255889838956767],4172.388228733619,-6357.662497953008,0.29255889838956767,3
171.758087,"Field2d",[4172.390047321691; -6357.66201484642; 0.2925588983895677],4172.390047321691,-6357.66201484642,0.2925588983895677,3
171.761591,"Field2d",[4172.3896543000665; -6357.662122772473; 0.2925588983895677],4172.3896543000665,-6357.662122772473,0.2925588983895677,3
171.766159,"Field2d",[4172.391086512586; -6357.661775596636; 0.2925588983895677],4172.391086512586,-6357.661775596636,0.2925588983895677,3
171.768832,"Field2d",[4172.389975782659; -6357.662072700326; 0.2925588983895677],4172.389975782659,-6357.662072700326,0.2925588983895677,3
171.773975,"Field2d",[4172.390351647193; -6357.661975358224; 0.2925588983895677],4172.390351647193,-6357.661975358224,0.2925588983895677,3
171.776743,"Field2d",[4172.384818432084; -6357.664154732982; 0.2925588983895678],4172.384818432084,-6357.664154732982,0.2925588983895678,3
171.781469,"Field2d",[4172.383939944558; -6357.664520680076; 0.2925588983895678],4172.383939944558,-6357.664520680076,0.2925588983895678,3
171.785171,"Field2d",[4172.386063728819; -6357.663749226717; 0.2925588983895678],4172.386063728819,-6357.663749226717,0.2925588983895678,3
171.789617,"Field2d",[4172.384347850125; -6357.664447264779; 0.2925588983895678],4172.384347850125,-6357.664447264779,0.2925588983895678,3
171.794497,"Field2d",[4172.383659299175; -6357.66473974783; 0.2925588983895678],4172.383659299175,-6357.66473974783,0.2925588983895678,3
171.797046,"Field2d",[4172.40104011856; -6357.663951005415; 0.29255889838956783],4172.40104011856,-6357.663951005415,0.29255889838956783,3
171.801614,"Field2d",[4172.398802803567; -6357.664155982676; 0.29255889838956783],4172.398802803567,-6357.664155982676,0.29255889838956783,3
171.806533,"Field2d",[4172.400947960449; -6357.66405427875; 0.29255889838956783],4172.400947960449,-6357.66405427875,0.29255889838956783,3
171.809105,"Field2d",[4172.392026722686; -6357.666192763396; 0.29255889838956783],4172.392026722686,-6357.666192763396,0.29255889838956783,3
171.814316,"Field2d",[4172.395668005639; -6357.666094544977; 0.29255889838956783],4172.395668005639,-6357.666094544977,0.29255889838956783,3
171.817261,"Field2d",[4172.374257101719; -6357.686970008818; 0.2925588983895679],4172.374257101719,-6357.686970008818,0.2925588983895679,3
171.820822,"Field2d",[4172.375390973806; -6357.685931911202; 0.2925588983895679],4172.375390973806,-6357.685931911202,0.2925588983895679,3
171.826127,"Field2d",[4172.383857095397; -6357.680865490095; 0.2925588983895679],4172.383857095397,-6357.680865490095,0.2925588983895679,3
171.829132,"Field2d",[4172.387289245033; -6357.679161671565; 0.2925588983895679],4172.387289245033,-6357.679161671565,0.2925588983895679,3
171.833801,"Field2d",[4172.3823971546035; -6357.682371188494; 0.2925588983895679],4172.3823971546035,-6357.682371188494,0.2925588983895679,3
171.837623,"Field2d",[4172.415054051369; -6357.694503803253; 0.29255889838956795],4172.415054051369,-6357.694503803253,0.29255889838956795,3
171.841095,"Field2d",[4172.429209613209; -6357.702890766669; 0.29255889838956795],4172.429209613209,-6357.702890766669,0.29255889838956795,3
171.845349,"Field2d",[4172.418371104721; -6357.699526496096; 0.29255889838956795],4172.418371104721,-6357.699526496096,0.29255889838956795,3
171.849377,"Field2d",[4172.409599213707; -6357.698468639489; 0.29255889838956795],4172.409599213707,-6357.698468639489,0.29255889838956795,3
171.852908,"Field2d",[4172.431240483567; -6357.716663097155; 0.29255889838956795],4172.431240483567,-6357.716663097155,0.29255889838956795,3
171.858098,"Field2d",[4172.3796900040625; -6357.766277398873; 0.29255889838956795],4172.3796900040625,-6357.766277398873,0.29255889838956795,3
171.861549,"Field2d",[4172.3720239537915; -6357.783625817942; 0.29255889838956795],4172.3720239537915,-6357.783625817942,0.29255889838956795,3
171.866101,"Field2d",[4172.378878612666; -6357.77458124318; 0.29255889838956795],4172.378878612666,-6357.77458124318,0.29255889838956795,3
171.868939,"Field2d",[4172.375198648658; -6357.781519433657; 0.29255889838956795],4172.375198648658,-6357.781519433657,0.29255889838956795,3
171.874071,"Field2d",[4172.376755473796; -6357.778973264472; 0.29255889838956795],4172.376755473796,-6357.778973264472,0.29255889838956795,3
171.877061,"Field2d",[4172.438470514373; -6357.798184604319; 0.29255889838956806],4172.438470514373,-6357.798184604319,0.29255889838956806,3
171.881391,"Field2d",[4172.427188962287; -6357.797391825354; 0.29255889838956806],4172.427188962287,-6357.797391825354,0.29255889838956806,3
171.885031,"Field2d",[4172.434243166795; -6357.798955499451; 0.29255889838956806],4172.434243166795,-6357.798955499451,0.29255889838956806,3
171.88914,"Field2d",[4172.443046650627; -6357.802836098035; 0.29255889838956806],4172.443046650627,-6357.802836098035,0.29255889838956806,3
171.893226,"Field2d",[4172.43568289418; -6357.800883971815; 0.29255889838956806],4172.43568289418,-6357.800883971815,0.29255889838956806,3
171.897287,"Field2d",[4172.400042052051; -6357.842380287439; 0.2925588983895681],4172.400042052051,-6357.842380287439,0.2925588983895681,3
171.901818,"Field2d",[4172.405020454634; -6357.849067041472; 0.2925588983895681],4172.405020454634,-6357.849067041472,0.2925588983895681,3
171.905347,"Field2d",[4172.400004783499; -6357.861440398271; 0.2925588983895681],4172.400004783499,-6357.861440398271,0.2925588983895681,3
171.90998,"Field2d",[4172.423003528846; -6357.850835240054; 0.2925588983895681],4172.423003528846,-6357.850835240054,0.2925588983895681,3
171.913945,"Field2d",[4172.421896327321; -6357.85177605262; 0.2925588983895681],4172.421896327321,-6357.85177605262,0.2925588983895681,3
171.918106,"Field2d",[4172.473272644476; -6357.878860346818; 0.29255889838956817],4172.473272644476,-6357.878860346818,0.29255889838956817,3
171.92184,"Field2d",[4172.454151252656; -6357.8770987398775; 0.29255889838956817],4172.454151252656,-6357.8770987398775,0.29255889838956817,3
171.924811,"Field2d",[4172.459622488009; -6357.886947019044; 0.29255889838956817],4172.459622488009,-6357.886947019044,0.29255889838956817,3
171.930154,"Field2d",[4172.469299705952; -6357.892166824723; 0.29255889838956817],4172.469299705952,-6357.892166824723,0.29255889838956817,3
171.93321,"Field2d",[4172.47115502004; -6357.893272470274; 0.29255889838956817],4172.47115502004,-6357.893272470274,0.29255889838956817,3
171.937921,"Field2d",[4172.438336877461; -6357.950684957695; 0.2925588983895682],4172.438336877461,-6357.950684957695,0.2925588983895682,3
171.941062,"Field2d",[4172.441943740982; -6357.946853508551; 0.2925588983895682],4172.441943740982,-6357.946853508551,0.2925588983895682,3
171.945842,"Field2d",[4172.441327032848; -6357.960017469617; 0.2925588983895682],4172.441327032848,-6357.960017469617,0.2925588983895682,3
171.949029,"Field2d",[4172.44557835739; -6357.954568461508; 0.2925588983895682],4172.44557835739,-6357.954568461508,0.2925588983895682,3
171.952764,"Field2d",[4172.458426559261; -6357.951855507721; 0.2925588983895682],4172.458426559261,-6357.951855507721,0.2925588983895682,3
171.957214,"Field2d",[4172.504355148393; -6357.966289521336; 0.2925588983895683],4172.504355148393,-6357.966289521336,0.2925588983895683,3
171.961118,"Field2d",[4172.513425453196; -6357.971469989927; 0.2925588983895683],4172.513425453196,-6357.971469989927,0.2925588983895683,3
171.966304,"Field2d",[4172.514599193696; -6357.9721850501455; 0.2925588983895683],4172.514599193696,-6357.9721850501455,0.2925588983895683,3
171.969479,"Field2d",[4172.49817803092; -6357.968793632262; 0.2925588983895683],4172.49817803092,-6357.968793632262,0.2925588983895683,3
171.973985,"Field2d",[4172.484322556492; -6357.969919032204; 0.2925588983895683],4172.484322556492,-6357.969919032204,0.2925588983895683,3
171.977063,"Field2d",[4172.464948292044; -6357.981667267766; 0.29255889838956833],4172.464948292044,-6357.981667267766,0.29255889838956833,3
171.981632,"Field2d",[4172.453237423883; -6358.010859977518; 0.29255889838956833],4172.453237423883,-6358.010859977518,0.29255889838956833,3
171.985957,"Field2d",[4172.456616775054; -6358.004966681349; 0.29255889838956833],4172.456616775054,-6358.004966681349,0.29255889838956833,3
171.989794,"Field2d",[4172.455810868342; -6358.006495031732; 0.29255889838956833],4172.455810868342,-6358.006495031732,0.29255889838956833,3
171.993877,"Field2d",[4172.458675512158; -6358.002222287152; 0.29255889838956833],4172.458675512158,-6358.002222287152,0.29255889838956833,3
171.996822,"Field2d",[4172.511219740436; -6358.00757530113; 0.2925588983895684],4172.511219740436,-6358.00757530113,0.2925588983895684,3
172.000904,"Field2d",[4172.5125756257585; -6358.013783750653; 0.2925588983895684],4172.5125756257585,-6358.013783750653,0.2925588983895684,3
172.004822,"Field2d",[4172.513035147547; -6358.013889358894; 0.2925588983895684],4172.513035147547,-6358.013889358894,0.2925588983895684,3
172.009174,"Field2d",[4172.517002247706; -6358.0150131772525; 0.2925588983895684],4172.517002247706,-6358.0150131772525,0.2925588983895684,3
172.012797,"Field2d",[4172.520682250396; -6358.01638352537; 0.2925588983895684],4172.520682250396,-6358.01638352537,0.2925588983895684,3
172.017637,"Field2d",[4172.482125889383; -6358.062460915236; 0.29255889838956844],4172.482125889383,-6358.062460915236,0.29255889838956844,3
172.021582,"Field2d",[4172.4763265623915; -6358.078068131393; 0.29255889838956844],4172.4763265623915,-6358.078068131393,0.29255889838956844,3
172.024766,"Field2d",[4172.4958887382; -6358.061794847112; 0.29255889838956844],4172.4958887382,-6358.061794847112,0.29255889838956844,3
172.029298,"Field2d",[4172.499601792223; -6358.066352879719; 0.29255889838956844],4172.499601792223,-6358.066352879719,0.29255889838956844,3
172.033644,"Field2d",[4172.509447934678; -6358.061032740873; 0.29255889838956844],4172.509447934678,-6358.061032740873,0.29255889838956844,3
172.03786,"Field2d",[4172.547665394334; -6358.074154649684; 0.2925588983895685],4172.547665394334,-6358.074154649684,0.2925588983895685,3
172.041627,"Field2d",[4172.53027508813; -6358.074599171683; 0.2925588983895685],4172.53027508813,-6358.074599171683,0.2925588983895685,3
172.046165,"Field2d",[4172.556070107614; -6358.093276450264; 0.2925588983895685],4172.556070107614,-6358.093276450264,0.2925588983895685,3
172.049068,"Field2d",[4172.526071105845; -6358.092908914427; 0.2925588983895685],4172.526071105845,-6358.092908914427,0.2925588983895685,3
172.052826,"Field2d",[4172.519792256995; -6358.093648456448; 0.2925588983895685],4172.519792256995,-6358.093648456448,0.2925588983895685,3
172.057855,"Field2d",[4172.496581494837; -6358.1304033852975; 0.29255889838956856],4172.496581494837,-6358.1304033852975,0.29255889838956856,3
172.061989,"Field2d",[4172.495128376964; -6358.133054998586; 0.29255889838956856],4172.495128376964,-6358.133054998586,0.29255889838956856,3
172.065637,"Field2d",[4172.519210402266; -6358.119720827339; 0.29255889838956856],4172.519210402266,-6358.119720827339,0.29255889838956856,3
172.069215,"Field2d",[4172.508113655589; -6358.155254904103; 0.29255889838956856],4172.508113655589,-6358.155254904103,0.29255889838956856,3
172.07278,"Field2d",[4172.526331028783; -6358.146626656485; 0.29255889838956856],4172.526331028783,-6358.146626656485,0.29255889838956856,3
172.077348,"Field2d",[4172.584568809399; -6358.179498330947; 0.2925588983895686],4172.584568809399,-6358.179498330947,0.2925588983895686,3
172.080926,"Field2d",[4172.580634634649; -6358.177714851551; 0.2925588983895686],4172.580634634649,-6358.177714851551,0.2925588983895686,3
172.085323,"Field2d",[4172.5849749080135; -6358.180249900515; 0.2925588983895686],4172.5849749080135,-6358.180249900515,0.2925588983895686,3
172.089755,"Field2d",[4172.567631176489; -6358.182970240417; 0.2925588983895686],4172.567631176489,-6358.182970240417,0.2925588983895686,3
172.092989,"Field2d",[4172.583561449061; -6358.193621639811; 0.2925588983895686],4172.583561449061,-6358.193621639811,0.2925588983895686,3
172.098326,"Field2d",[4172.724577272843; -6358.008015710928; 0.29255889838956867],4172.724577272843,-6358.008015710928,0.29255889838956867,3
172.102307,"Field2d",[4172.513823219877; -6357.933890279602; 0.29255889838956867],4172.513823219877,-6357.933890279602,0.29255889838956867,3
172.105239,"Field2d",[4172.517614262033; -6357.935791425807; 0.29255889838956867],4172.517614262033,-6357.935791425807,0.29255889838956867,3
172.108769,"Field2d",[4172.507245108189; -6357.933229005013; 0.29255889838956867],4172.507245108189,-6357.933229005013,0.29255889838956867,3
172.114331,"Field2d",[4172.509428157918; -6357.933878330892; 0.29255889838956867],4172.509428157918,-6357.933878330892,0.29255889838956867,3
172.116883,"Field2d",[4172.499887734945; -6357.932991498045; 0.2925588983895687],4172.499887734945,-6357.932991498045,0.2925588983895687,3
172.121456,"Field2d",[4172.5054889179355; -6357.94289938334; 0.2925588983895687],4172.5054889179355,-6357.94289938334,0.2925588983895687,3
172.124935,"Field2d",[4172.5115382861; -6357.945531446571; 0.2925588983895687],4172.5115382861,-6357.945531446571,0.2925588983895687,3
172.129123,"Field2d",[4172.495643183952; -6357.94999491876; 0.2925588983895687],4172.495643183952,-6357.94999491876,0.2925588983895687,3
172.133373,"Field2d",[4172.504377416771; -6357.952585710018; 0.2925588983895687],4172.504377416771,-6357.952585710018,0.2925588983895687,3
172.137073,"Field2d",[4172.491618878557; -6357.952275491977; 0.2925588983895688],4172.491618878557,-6357.952275491977,0.2925588983895688,3
172.142181,"Field2d",[4172.493245355765; -6357.958359691121; 0.2925588983895688],4172.493245355765,-6357.958359691121,0.2925588983895688,3
172.145377,"Field2d",[4172.502268367852; -6357.96108112413; 0.2925588983895688],4172.502268367852,-6357.96108112413,0.2925588983895688,3
172.148852,"Field2d",[4172.486917883007; -6357.961411726245; 0.2925588983895688],4172.486917883007,-6357.961411726245,0.2925588983895688,3
172.154242,"Field2d",[4172.513703169603; -6357.983492825294; 0.2925588983895688],4172.513703169603,-6357.983492825294,0.2925588983895688,3
172.156954,"Field2d",[4172.507069434902; -6357.979589994893; 0.29255889838956883],4172.507069434902,-6357.979589994893,0.29255889838956883,3
172.162326,"Field2d",[4172.6518426404855; -6357.792808623235; 0.29255889838956883],4172.6518426404855,-6357.792808623235,0.29255889838956883,3
172.165973,"Field2d",[4172.444553722987; -6357.6770569093405; 0.29255889838956883],4172.444553722987,-6357.6770569093405,0.29255889838956883,3
172.16897,"Field2d",[4172.43841301761; -6357.674645702514; 0.29255889838956883],4172.43841301761,-6357.674645702514,0.29255889838956883,3
172.173508,"Field2d",[4172.429182720014; -6357.672947558312; 0.29255889838956883],4172.429182720014,-6357.672947558312,0.29255889838956883,3
172.178128,"Field2d",[4172.425276075; -6357.672549577766; 0.29255889838956894],4172.425276075,-6357.672549577766,0.29255889838956894,3
172.182424,"Field2d",[4172.448111120402; -6357.69290446147; 0.29255889838956894],4172.448111120402,-6357.69290446147,0.29255889838956894,3
172.185385,"Field2d",[4172.435392650041; -6357.686915062208; 0.29255889838956894],4172.435392650041,-6357.686915062208,0.29255889838956894,3
172.190444,"Field2d",[4172.426214466236; -6357.684607817824; 0.29255889838956894],4172.426214466236,-6357.684607817824,0.29255889838956894,3
172.193202,"Field2d",[4172.44259549253; -6357.697761770791; 0.29255889838956894],4172.44259549253,-6357.697761770791,0.29255889838956894,3
172.198062,"Field2d",[4172.414994194421; -6357.694770338527; 0.292558898389569],4172.414994194421,-6357.694770338527,0.292558898389569,3
172.200793,"Field2d",[4172.435328554486; -6357.709270589906; 0.292558898389569],4172.435328554486,-6357.709270589906,0.292558898389569,3
172.205248,"Field2d",[4172.411324924721; -6357.706277780402; 0.292558898389569],4172.411324924721,-6357.706277780402,0.292558898389569,3
172.208857,"Field2d",[4172.417187440844; -6357.707761591936; 0.292558898389569],4172.417187440844,-6357.707761591936,0.292558898389569,3
172.213765,"Field2d",[4172.422856509114; -6357.709977189711; 0.292558898389569],4172.422856509114,-6357.709977189711,0.292558898389569,3
172.21682,"Field2d",[4172.425182082383; -6357.71102922889; 0.292558898389569],4172.425182082383,-6357.71102922889,0.292558898389569,3
172.222072,"Field2d",[4172.40991227148; -6357.715056091308; 0.292558898389569],4172.40991227148,-6357.715056091308,0.292558898389569,3
172.224822,"Field2d",[4172.428922949007; -6357.728299027328; 0.292558898389569],4172.428922949007,-6357.728299027328,0.292558898389569,3
172.229878,"Field2d",[4172.418003192124; -6357.724092234494; 0.292558898389569],4172.418003192124,-6357.724092234494,0.292558898389569,3
172.233604,"Field2d",[4172.402073647032; -6357.723435566544; 0.292558898389569],4172.402073647032,-6357.723435566544,0.292558898389569,3
172.237951,"Field2d",[4172.4186665716625; -6357.739358826704; 0.29255889838956906],4172.4186665716625,-6357.739358826704,0.29255889838956906,3
172.242349,"Field2d",[4172.400384659732; -6357.737132304931; 0.29255889838956906],4172.400384659732,-6357.737132304931,0.29255889838956906,3
172.245032,"Field2d",[4172.419037513923; -6357.749290246281; 0.29255889838956906],4172.419037513923,-6357.749290246281,0.29255889838956906,3
172.249726,"Field2d",[4172.387279230187; -6357.751664098622; 0.29255889838956906],4172.387279230187,-6357.751664098622,0.29255889838956906,3
172.254267,"Field2d",[4172.409162067744; -6357.761310248346; 0.29255889838956906],4172.409162067744,-6357.761310248346,0.29255889838956906,3
172.257183,"Field2d",[4172.39586382674; -6357.759434521036; 0.2925588983895691],4172.39586382674,-6357.759434521036,0.2925588983895691,3
172.262205,"Field2d",[4172.413108524038; -6357.770148407351; 0.2925588983895691],4172.413108524038,-6357.770148407351,0.2925588983895691,3
172.266135,"Field2d",[4172.385660314162; -6357.770319996896; 0.2925588983895691],4172.385660314162,-6357.770319996896,0.2925588983895691,3
172.269253,"Field2d",[4172.399606515519; -6357.785113688593; 0.2925588983895691],4172.399606515519,-6357.785113688593,0.2925588983895691,3
172.273366,"Field2d",[4172.390641533843; -6357.783097541551; 0.2925588983895691],4172.390641533843,-6357.783097541551,0.2925588983895691,3
172.27767,"Field2d",[4172.38157674474; -6357.782760396307; 0.29255889838956917],4172.38157674474,-6357.782760396307,0.29255889838956917,3
172.281736,"Field2d",[4172.389954240751; -6357.79352691552; 0.29255889838956917],4172.389954240751,-6357.79352691552,0.29255889838956917,3
172.285871,"Field2d",[4172.3750367047705; -6357.793896621868; 0.29255889838956917],4172.3750367047705,-6357.793896621868,0.29255889838956917,3
172.28885,"Field2d",[4172.399723797008; -6357.810243324569; 0.29255889838956917],4172.399723797008,-6357.810243324569,0.29255889838956917,3
172.293953,"Field2d",[4172.396927646964; -6357.808646409731; 0.29255889838956917],4172.396927646964,-6357.808646409731,0.29255889838956917,3
172.296924,"Field2d",[4172.388394797063; -6357.805686052244; 0.2925588983895692],4172.388394797063,-6357.805686052244,0.2925588983895692,3
172.302243,"Field2d",[4172.379296760141; -6357.8100547066115; 0.2925588983895692],4172.379296760141,-6357.8100547066115,0.2925588983895692,3
172.305356,"Field2d",[4172.379754669988; -6357.810168623847; 0.2925588983895692],4172.379754669988,-6357.810168623847,0.2925588983895692,3
172.310736,"Field2d",[4172.372852321602; -6357.809817302848; 0.2925588983895692],4172.372852321602,-6357.809817302848,0.2925588983895692,3
172.314418,"Field2d",[4172.3891024036675; -6357.831591316028; 0.2925588983895692],4172.3891024036675,-6357.831591316028,0.2925588983895692,3
172.317194,"Field2d",[4172.381093137613; -6357.827768589404; 0.29255889838956933],4172.381093137613,-6357.827768589404,0.29255889838956933,3
172.321255,"Field2d",[4172.366851646211; -6357.825560865184; 0.29255889838956933],4172.366851646211,-6357.825560865184,0.29255889838956933,3
172.326364,"Field2d",[4172.377692880851; -6357.841500201825; 0.29255889838956933],4172.377692880851,-6357.841500201825,0.29255889838956933,3
172.329255,"Field2d",[4172.359077836587; -6357.838539789108; 0.29255889838956933],4172.359077836587,-6357.838539789108,0.29255889838956933,3
172.334051,"Field2d",[4172.359194098027; -6357.838558803001; 0.29255889838956933],4172.359194098027,-6357.838558803001,0.29255889838956933,3
172.336731,"Field2d",[4172.347220524152; -6357.83957013893; 0.2925588983895694],4172.347220524152,-6357.83957013893,0.2925588983895694,3
172.341278,"Field2d",[4172.370276471137; -6357.850337067821; 0.2925588983895694],4172.370276471137,-6357.850337067821,0.2925588983895694,3
172.344851,"Field2d",[4172.363938352924; -6357.848369877052; 0.2925588983895694],4172.363938352924,-6357.848369877052,0.2925588983895694,3
172.349896,"Field2d",[4172.357114719208; -6357.847272684867; 0.2925588983895694],4172.357114719208,-6357.847272684867,0.2925588983895694,3
172.352856,"Field2d",[4172.343812282799; -6357.848806852206; 0.2925588983895694],4172.343812282799,-6357.848806852206,0.2925588983895694,3
172.357511,"Field2d",[4172.349074152353; -6357.848769813538; 0.29255889838956944],4172.349074152353,-6357.848769813538,0.29255889838956944,3
172.361162,"Field2d",[4172.357888597322; -6357.850340262442; 0.29255889838956944],4172.357888597322,-6357.850340262442,0.29255889838956944,3
172.365848,"Field2d",[4172.363158357187; -6357.851906585298; 0.29255889838956944],4172.363158357187,-6357.851906585298,0.29255889838956944,3
172.368938,"Field2d",[4172.370844881174; -6357.855763329206; 0.29255889838956944],4172.370844881174,-6357.855763329206,0.29255889838956944,3
172.372999,"Field2d",[4172.368800359922; -6357.854852297005; 0.29255889838956944],4172.368800359922,-6357.854852297005,0.29255889838956944,3
172.378027,"Field2d",[4172.354701504523; -6357.85303688831; 0.2925588983895695],4172.354701504523,-6357.85303688831,0.2925588983895695,3
172.38192,"Field2d",[4172.361689584634; -6357.855022518449; 0.2925588983895695],4172.361689584634,-6357.855022518449,0.2925588983895695,3
172.385374,"Field2d",[4172.3598102320075; -6357.862825691022; 0.2925588983895695],4172.3598102320075,-6357.862825691022,0.2925588983895695,3
172.38955,"Field2d",[4172.350306785444; -6357.861965544004; 0.2925588983895695],4172.350306785444,-6357.861965544004,0.2925588983895695,3
172.394041,"Field2d",[4172.368711491343; -6357.872654726586; 0.2925588983895695],4172.368711491343,-6357.872654726586,0.2925588983895695,3
172.396911,"Field2d",[4172.343818435471; -6357.87224962535; 0.29255889838956955],4172.343818435471,-6357.87224962535,0.29255889838956955,3
172.402054,"Field2d",[4172.343896957971; -6357.872251155886; 0.29255889838956955],4172.343896957971,-6357.872251155886,0.29255889838956955,3
172.405101,"Field2d",[4172.35476035157; -6357.884567350139; 0.29255889838956955],4172.35476035157,-6357.884567350139,0.29255889838956955,3
172.410175,"Field2d",[4172.365692926283; -6357.89223139073; 0.29255889838956955],4172.365692926283,-6357.89223139073,0.29255889838956955,3
172.413861,"Field2d",[4172.340555317446; -6357.889854357139; 0.29255889838956955],4172.340555317446,-6357.889854357139,0.29255889838956955,3
172.417966,"Field2d",[4172.338909048234; -6357.8897546897615; 0.2925588983895696],4172.338909048234,-6357.8897546897615,0.2925588983895696,3
172.421504,"Field2d",[4172.337967400371; -6357.8897158682175; 0.2925588983895696],4172.337967400371,-6357.8897158682175,0.2925588983895696,3
172.426049,"Field2d",[4172.35993141793; -6357.904057121378; 0.2925588983895696],4172.35993141793,-6357.904057121378,0.2925588983895696,3
172.429607,"Field2d",[4172.35775917614; -6357.90279319513; 0.2925588983895696],4172.35775917614,-6357.90279319513,0.2925588983895696,3
172.433896,"Field2d",[4172.347100254239; -6357.8995127772105; 0.2925588983895696],4172.347100254239,-6357.8995127772105,0.2925588983895696,3
172.436866,"Field2d",[4172.338086815624; -6357.89849189186; 0.29255889838956967],4172.338086815624,-6357.89849189186,0.29255889838956967,3
172.441987,"Field2d",[4172.33380788022; -6357.898384481645; 0.29255889838956967],4172.33380788022,-6357.898384481645,0.29255889838956967,3
172.445862,"Field2d",[4172.340623395661; -6357.899531036033; 0.29255889838956967],4172.340623395661,-6357.899531036033,0.29255889838956967,3
172.449969,"Field2d",[4172.34379429032; -6357.900284990115; 0.29255889838956967],4172.34379429032,-6357.900284990115,0.29255889838956967,3
172.45308,"Field2d",[4172.33307497635; -6357.90013644804; 0.29255889838956967],4172.33307497635,-6357.90013644804,0.29255889838956967,3
172.458537,"Field2d",[4172.357113687732; -6357.917219978309; 0.2925588983895697],4172.357113687732,-6357.917219978309,0.2925588983895697,3
172.461756,"Field2d",[4172.22580460275; -6357.859369982533; 0.2925588983895697],4172.22580460275,-6357.859369982533,0.2925588983895697,3
172.464785,"Field2d",[4172.056586533535; -6357.845836347034; 0.2925588983895697],4172.056586533535,-6357.845836347034,0.2925588983895697,3
172.468902,"Field2d",[4172.061073622729; -6357.846620916484; 0.2925588983895697],4172.061073622729,-6357.846620916484,0.2925588983895697,3
172.473453,"Field2d",[4172.053535356869; -6357.846480047822; 0.2925588983895697],4172.053535356869,-6357.846480047822,0.2925588983895697,3
172.478004,"Field2d",[4172.077704295896; -6357.864188303552; 0.2925588983895698],4172.077704295896,-6357.864188303552,0.2925588983895698,3
172.481129,"Field2d",[4172.044711479105; -6357.86564261531; 0.2925588983895698],4172.044711479105,-6357.86564261531,0.2925588983895698,3
172.485439,"Field2d",[4172.06988254209; -6357.881676578507; 0.2925588983895698],4172.06988254209,-6357.881676578507,0.2925588983895698,3
172.489536,"Field2d",[4172.055369366596; -6357.885839485686; 0.2925588983895698],4172.055369366596,-6357.885839485686,0.2925588983895698,3
172.493843,"Field2d",[4172.065750544163; -6357.891890989867; 0.2925588983895698],4172.065750544163,-6357.891890989867,0.2925588983895698,3
172.49736,"Field2d",[4172.056174229088; -6357.888706095568; 0.29255889838956983],4172.056174229088,-6357.888706095568,0.29255889838956983,3
172.501566,"Field2d",[4172.034624519058; -6357.891384813835; 0.29255889838956983],4172.034624519058,-6357.891384813835,0.29255889838956983,3
172.504793,"Field2d",[4172.056594123931; -6357.899565821577; 0.29255889838956983],4172.056594123931,-6357.899565821577,0.29255889838956983,3
172.509218,"Field2d",[4172.065271505181; -6357.905093386936; 0.29255889838956983],4172.065271505181,-6357.905093386936,0.29255889838956983,3
172.513828,"Field2d",[4172.0578555878255; -6357.908178308067; 0.29255889838956983],4172.0578555878255,-6357.908178308067,0.29255889838956983,3
172.517819,"Field2d",[4172.051363059801; -6357.906316414096; 0.2925588983895699],4172.051363059801,-6357.906316414096,0.2925588983895699,3
172.522668,"Field2d",[4172.046770657027; -6357.905452420382; 0.2925588983895699],4172.046770657027,-6357.905452420382,0.2925588983895699,3
172.525507,"Field2d",[4172.052458222353; -6357.907263111024; 0.2925588983895699],4172.052458222353,-6357.907263111024,0.2925588983895699,3
172.529919,"Field2d",[4172.06013191008; -6357.9113163589955; 0.2925588983895699],4172.06013191008,-6357.9113163589955,0.2925588983895699,3
172.533476,"Field2d",[4172.057815697169; -6357.910243874531; 0.2925588983895699],4172.057815697169,-6357.910243874531,0.2925588983895699,3
172.537067,"Field2d",[4172.059356899461; -6357.911024938213; 0.29255889838956994],4172.059356899461,-6357.911024938213,0.29255889838956994,3
172.54161,"Field2d",[4172.045935230429; -6357.908455019726; 0.29255889838956994],4172.045935230429,-6357.908455019726,0.29255889838956994,3
172.545155,"Field2d",[4172.066864153688; -6357.930549357224; 0.29255889838956994],4172.066864153688,-6357.930549357224,0.29255889838956994,3
172.550053,"Field2d",[4172.0347409536835; -6357.925780999089; 0.29255889838956994],4172.0347409536835,-6357.925780999089,0.29255889838956994,3
172.553977,"Field2d",[4172.044002389987; -6357.929153683417; 0.29255889838956994],4172.044002389987,-6357.929153683417,0.29255889838956994,3
172.55699,"Field2d",[4172.041102631256; -6357.92829689928; 0.29255889838957],4172.041102631256,-6357.92829689928,0.29255889838957,3
172.561928,"Field2d",[4172.048859352029; -6357.932188864058; 0.29255889838957],4172.048859352029,-6357.932188864058,0.29255889838957,3
172.565529,"Field2d",[4172.0487890985905; -6357.932153756099; 0.29255889838957],4172.0487890985905,-6357.932153756099,0.29255889838957,3
172.570251,"Field2d",[4172.052676110594; -6357.877976601445; 0.29255889838957],4172.052676110594,-6357.877976601445,0.29255889838957,3
172.57331,"Field2d",[4171.991835138495; -6357.873259653854; 0.29255889838957],4171.991835138495,-6357.873259653854,0.29255889838957,3
172.576854,"Field2d",[4171.986732320246; -6357.873406480212; 0.29255889838957005],4171.986732320246,-6357.873406480212,0.29255889838957005,3
172.582081,"Field2d",[4171.991355881787; -6357.8737128353705; 0.29255889838957005],4171.991355881787,-6357.8737128353705,0.29255889838957005,3
172.58477,"Field2d",[4172.006000591699; -6357.887803319906; 0.29255889838957005],4172.006000591699,-6357.887803319906,0.29255889838957005,3
172.588939,"Field2d",[4171.984605112531; -6357.8872992304205; 0.29255889838957005],4171.984605112531,-6357.8872992304205,0.29255889838957005,3
172.594199,"Field2d",[4171.999996426263; -6357.89311535652; 0.29255889838957005],4171.999996426263,-6357.89311535652,0.29255889838957005,3
172.59693,"Field2d",[4171.998359556959; -6357.892562162286; 0.2925588983895701],4171.998359556959,-6357.892562162286,0.2925588983895701,3
172.601508,"Field2d",[4171.990970287245; -6357.891276333083; 0.2925588983895701],4171.990970287245,-6357.891276333083,0.2925588983895701,3
172.605026,"Field2d",[4171.982684628766; -6357.891254821775; 0.2925588983895701],4171.982684628766,-6357.891254821775,0.2925588983895701,3
172.609207,"Field2d",[4171.987837464289; -6357.891817468098; 0.2925588983895701],4171.987837464289,-6357.891817468098,0.2925588983895701,3
172.614049,"Field2d",[4171.995305380505; -6357.90304819433; 0.2925588983895701],4171.995305380505,-6357.90304819433,0.2925588983895701,3
172.616987,"Field2d",[4172.0042670628045; -6357.908787227217; 0.29255889838957017],4172.0042670628045,-6357.908787227217,0.29255889838957017,3
172.621764,"Field2d",[4171.989533334709; -6357.904906419687; 0.29255889838957017],4171.989533334709,-6357.904906419687,0.29255889838957017,3
172.624894,"Field2d",[4171.99413054347; -6357.9066268403385; 0.29255889838957017],4171.99413054347,-6357.9066268403385,0.29255889838957017,3
172.629935,"Field2d",[4171.984033765945; -6357.905111720699; 0.29255889838957017],4171.984033765945,-6357.905111720699,0.29255889838957017,3
172.633234,"Field2d",[4171.982708502742; -6357.904949667465; 0.29255889838957017],4171.982708502742,-6357.904949667465,0.29255889838957017,3
172.638549,"Field2d",[4171.974276833747; -6357.90538246159; 0.2925588983895702],4171.974276833747,-6357.90538246159,0.2925588983895702,3
172.641203,"Field2d",[4171.9892754247785; -6357.9094882257905; 0.2925588983895702],4171.9892754247785,-6357.9094882257905,0.2925588983895702,3
172.646508,"Field2d",[4171.996170317188; -6357.919751336058; 0.2925588983895702],4171.996170317188,-6357.919751336058,0.2925588983895702,3
172.649529,"Field2d",[4171.994775003981; -6357.919090194539; 0.2925588983895702],4171.994775003981,-6357.919090194539,0.2925588983895702,3
172.653082,"Field2d",[4171.9989396176325; -6357.921613354123; 0.2925588983895702],4171.9989396176325,-6357.921613354123,0.2925588983895702,3
172.657703,"Field2d",[4171.993353904845; -6357.925420814726; 0.2925588983895703],4171.993353904845,-6357.925420814726,0.2925588983895703,3
172.662386,"Field2d",[4171.973177694055; -6357.924857101054; 0.2925588983895703],4171.973177694055,-6357.924857101054,0.2925588983895703,3
172.666106,"Field2d",[4171.990757428878; -6357.9327758242; 0.2925588983895703],4171.990757428878,-6357.9327758242,0.2925588983895703,3
172.669629,"Field2d",[4171.980820833199; -6357.930606768438; 0.2925588983895703],4171.980820833199,-6357.930606768438,0.2925588983895703,3
172.673412,"Field2d",[4171.973215919551; -6357.930158403788; 0.2925588983895703],4171.973215919551,-6357.930158403788,0.2925588983895703,3
172.676826,"Field2d",[4171.98931509893; -6357.937348012973; 0.29255889838957033],4171.98931509893,-6357.937348012973,0.29255889838957033,3
172.681789,"Field2d",[4171.99525566318; -6357.941105378393; 0.29255889838957033],4171.99525566318,-6357.941105378393,0.29255889838957033,3
172.685481,"Field2d",[4171.978026895443; -6357.937547201897; 0.29255889838957033],4171.978026895443,-6357.937547201897,0.29255889838957033,3
172.689241,"Field2d",[4171.987747860343; -6357.949454318707; 0.29255889838957033],4171.987747860343,-6357.949454318707,0.29255889838957033,3
172.69329,"Field2d",[4171.9916127339275; -6357.952010524701; 0.29255889838957033],4171.9916127339275,-6357.952010524701,0.29255889838957033,3
172.696947,"Field2d",[4171.965607149567; -6357.950770767204; 0.2925588983895704],4171.965607149567,-6357.950770767204,0.2925588983895704,3
172.702068,"Field2d",[4171.976460518256; -6357.963764524113; 0.2925588983895704],4171.976460518256,-6357.963764524113,0.2925588983895704,3
172.705184,"Field2d",[4171.966841181807; -6357.962010731235; 0.2925588983895704],4171.966841181807,-6357.962010731235,0.2925588983895704,3
172.710298,"Field2d",[4171.961948216168; -6357.961619498297; 0.2925588983895704],4171.961948216168,-6357.961619498297,0.2925588983895704,3
172.713733,"Field2d",[4171.980046710734; -6357.971573716154; 0.2925588983895704],4171.980046710734,-6357.971573716154,0.2925588983895704,3
172.71683,"Field2d",[4171.98363281737; -6357.973981696601; 0.2925588983895705],4171.98363281737,-6357.973981696601,0.2925588983895705,3
172.72134,"Field2d",[4171.966922227196; -6357.969909243437; 0.2925588983895705],4171.966922227196,-6357.969909243437,0.2925588983895705,3
172.725004,"Field2d",[4171.978354570863; -6357.976257099864; 0.2925588983895705],4171.978354570863,-6357.976257099864,0.2925588983895705,3
172.729255,"Field2d",[4171.961523758435; -6357.973578589006; 0.2925588983895705],4171.961523758435,-6357.973578589006,0.2925588983895705,3
172.734124,"Field2d",[4171.95496770297; -6357.973424519516; 0.2925588983895705],4171.95496770297,-6357.973424519516,0.2925588983895705,3
172.73732,"Field2d",[4171.970807743624; -6357.9876178022105; 0.29255889838957055],4171.970807743624,-6357.9876178022105,0.29255889838957055,3
172.742181,"Field2d",[4171.97264857508; -6357.778677459741; 0.29255889838957055],4171.97264857508,-6357.778677459741,0.29255889838957055,3
172.745124,"Field2d",[4171.753351612816; -6357.7417858000745; 0.29255889838957055],4171.753351612816,-6357.7417858000745,0.29255889838957055,3
172.750289,"Field2d",[4171.759109334557; -6357.743502200038; 0.29255889838957055],4171.759109334557,-6357.743502200038,0.29255889838957055,3
172.752944,"Field2d",[4171.772266798445; -6357.7529166327095; 0.29255889838957055],4171.772266798445,-6357.7529166327095,0.29255889838957055,3
172.757272,"Field2d",[4171.770184479773; -6357.751580872279; 0.2925588983895706],4171.770184479773,-6357.751580872279,0.2925588983895706,3
172.761254,"Field2d",[4171.754177104112; -6357.7477751384195; 0.2925588983895706],4171.754177104112,-6357.7477751384195,0.2925588983895706,3
172.766013,"Field2d",[4171.769454055408; -6357.758613528388; 0.2925588983895706],4171.769454055408,-6357.758613528388,0.2925588983895706,3
172.768974,"Field2d",[4171.7564765571915; -6357.754087725254; 0.2925588983895706],4171.7564765571915,-6357.754087725254,0.2925588983895706,3
172.772766,"Field2d",[4171.7472275376285; -6357.752745253419; 0.2925588983895706],4171.7472275376285,-6357.752745253419,0.2925588983895706,3
172.776853,"Field2d",[4171.745509925788; -6357.7525577046445; 0.29255889838957067],4171.745509925788,-6357.7525577046445,0.29255889838957067,3
172.780929,"Field2d",[4171.740247928401; -6357.752552550427; 0.29255889838957067],4171.740247928401,-6357.752552550427,0.29255889838957067,3
172.785066,"Field2d",[4171.745247191961; -6357.753074029149; 0.29255889838957067],4171.745247191961,-6357.753074029149,0.29255889838957067,3
172.789857,"Field2d",[4171.751000798352; -6357.7631918979005; 0.29255889838957067],4171.751000798352,-6357.7631918979005,0.29255889838957067,3
172.792835,"Field2d",[4171.760903530682; -6357.76897254408; 0.29255889838957067],4171.760903530682,-6357.76897254408,0.29255889838957067,3
172.797409,"Field2d",[4171.75564441725; -6357.766689655244; 0.2925588983895707],4171.75564441725,-6357.766689655244,0.2925588983895707,3
172.801529,"Field2d",[4171.758574625183; -6357.768204391671; 0.2925588983895707],4171.758574625183,-6357.768204391671,0.2925588983895707,3
172.805098,"Field2d",[4171.756795590294; -6357.767373667394; 0.2925588983895707],4171.756795590294,-6357.767373667394,0.2925588983895707,3
172.809188,"Field2d",[4171.753681845342; -6357.766171281173; 0.2925588983895707],4171.753681845342,-6357.766171281173,0.2925588983895707,3
172.813113,"Field2d",[4171.763509078998; -6357.773149322917; 0.2925588983895707],4171.763509078998,-6357.773149322917,0.2925588983895707,3
172.817263,"Field2d",[4171.734814605381; -6357.77235816797; 0.2925588983895707],4171.734814605381,-6357.77235816797,0.2925588983895707,3
172.821983,"Field2d",[4171.749606454915; -6357.777758235386; 0.2925588983895707],4171.749606454915,-6357.777758235386,0.2925588983895707,3
172.825885,"Field2d",[4171.750303301946; -6357.778024835811; 0.2925588983895707],4171.750303301946,-6357.778024835811,0.2925588983895707,3
172.830485,"Field2d",[4171.752355058708; -6357.778919453613; 0.2925588983895707],4171.752355058708,-6357.778919453613,0.2925588983895707,3
172.833921,"Field2d",[4171.732760928758; -6357.778726675503; 0.2925588983895707],4171.732760928758,-6357.778726675503,0.2925588983895707,3
172.837007,"Field2d",[4171.740123482432; -6357.779934960515; 0.29255889838957083],4171.740123482432,-6357.779934960515,0.29255889838957083,3
172.842997,"Field2d",[4171.818122623616; -6358.03929126596; 0.29255889838957083],4171.818122623616,-6358.03929126596,0.29255889838957083,3
172.846485,"Field2d",[4171.54287816318; -6358.022693390739; 0.29255889838957083],4171.54287816318,-6358.022693390739,0.29255889838957083,3
172.849172,"Field2d",[4171.563458395155; -6358.035479590361; 0.29255889838957083],4171.563458395155,-6358.035479590361,0.29255889838957083,3
172.854247,"Field2d",[4171.547150316267; -6358.031933455787; 0.29255889838957083],4171.547150316267,-6358.031933455787,0.29255889838957083,3
172.856722,"Field2d",[4171.543887113389; -6358.031451745619; 0.2925588983895709],4171.543887113389,-6358.031451745619,0.2925588983895709,3
172.861489,"Field2d",[4171.562707958648; -6358.044895608566; 0.2925588983895709],4171.562707958648,-6358.044895608566,0.2925588983895709,3
172.86498,"Field2d",[4171.550718328974; -6358.040409041892; 0.2925588983895709],4171.550718328974,-6358.040409041892,0.2925588983895709,3
172.870114,"Field2d",[4171.547902759479; -6358.039545059152; 0.2925588983895709],4171.547902759479,-6358.039545059152,0.2925588983895709,3
172.873472,"Field2d",[4171.555363565265; -6358.043326145539; 0.2925588983895709],4171.555363565265,-6358.043326145539,0.2925588983895709,3
172.87712,"Field2d",[4171.544593616437; -6358.048659044863; 0.29255889838957094],4171.544593616437,-6358.048659044863,0.29255889838957094,3
172.880811,"Field2d",[4171.54002980249; -6358.0478572768625; 0.29255889838957094],4171.54002980249,-6358.0478572768625,0.29255889838957094,3
172.884914,"Field2d",[4171.540300247905; -6358.047906455934; 0.29255889838957094],4171.540300247905,-6358.047906455934,0.29255889838957094,3
172.889596,"Field2d",[4171.551307817676; -6358.052918071613; 0.29255889838957094],4171.551307817676,-6358.052918071613,0.29255889838957094,3
172.894852,"Field2d",[4171.6830065214735; -6358.370065134793; 0.29255889838957094],4171.6830065214735,-6358.370065134793,0.29255889838957094,3
172.897277,"Field2d",[4171.375989467721; -6358.219405968048; 0.292558898389571],4171.375989467721,-6358.219405968048,0.292558898389571,3
172.900973,"Field2d",[4171.35431479636; -6358.219140418596; 0.292558898389571],4171.35431479636,-6358.219140418596,0.292558898389571,3
172.905543,"Field2d",[4171.3793854970345; -6358.238779234209; 0.292558898389571],4171.3793854970345,-6358.238779234209,0.292558898389571,3
172.908852,"Field2d",[4171.378440838641; -6358.238075353476; 0.292558898389571],4171.378440838641,-6358.238075353476,0.292558898389571,3
172.912924,"Field2d",[4171.376686981235; -6358.236883492433; 0.292558898389571],4171.376686981235,-6358.236883492433,0.292558898389571,3
172.916768,"Field2d",[4171.376063554295; -6358.2364736013; 0.29255889838957105],4171.376063554295,-6358.2364736013,0.29255889838957105,3
172.921947,"Field2d",[4171.361938063486; -6358.240384366368; 0.29255889838957105],4171.361938063486,-6358.240384366368,0.29255889838957105,3
172.924737,"Field2d",[4171.342016668232; -6358.242438653322; 0.29255889838957105],4171.342016668232,-6358.242438653322,0.29255889838957105,3
172.929385,"Field2d",[4171.346532326619; -6358.242392379904; 0.29255889838957105],4171.346532326619,-6358.242392379904,0.29255889838957105,3
172.933481,"Field2d",[4171.346218221081; -6358.242397626561; 0.29255889838957105],4171.346218221081,-6358.242397626561,0.29255889838957105,3
172.937976,"Field2d",[4171.367610666226; -6358.253434405413; 0.2925588983895711],4171.367610666226,-6358.253434405413,0.2925588983895711,3
172.940831,"Field2d",[4171.373215369738; -6358.257410821827; 0.2925588983895711],4171.373215369738,-6358.257410821827,0.2925588983895711,3
172.944926,"Field2d",[4171.366657263553; -6358.254107111361; 0.2925588983895711],4171.366657263553,-6358.254107111361,0.2925588983895711,3
172.949077,"Field2d",[4171.3406798096175; -6358.255838961577; 0.2925588983895711],4171.3406798096175,-6358.255838961577,0.2925588983895711,3
172.952817,"Field2d",[4171.361629592849; -6358.264674026537; 0.2925588983895711],4171.361629592849,-6358.264674026537,0.2925588983895711,3
172.957252,"Field2d",[4171.363180950544; -6358.272113363544; 0.29255889838957116],4171.363180950544,-6358.272113363544,0.29255889838957116,3
172.961345,"Field2d",[4171.333608023391; -6358.276128176934; 0.29255889838957116],4171.333608023391,-6358.276128176934,0.29255889838957116,3
172.965723,"Field2d",[4171.362844469957; -6358.295419777241; 0.29255889838957116],4171.362844469957,-6358.295419777241,0.29255889838957116,3
172.970156,"Field2d",[4171.337852693948; -6358.293663614554; 0.29255889838957116],4171.337852693948,-6358.293663614554,0.29255889838957116,3
172.973345,"Field2d",[4171.358935810479; -6358.307770877588; 0.29255889838957116],4171.358935810479,-6358.307770877588,0.29255889838957116,3
172.977444,"Field2d",[4171.359517479194; -6358.308172472629; 0.2925588983895712],4171.359517479194,-6358.308172472629,0.2925588983895712,3
172.982146,"Field2d",[4171.328012129252; -6358.309485038911; 0.2925588983895712],4171.328012129252,-6358.309485038911,0.2925588983895712,3
172.985701,"Field2d",[4171.334387325848; -6358.316289445285; 0.2925588983895712],4171.334387325848,-6358.316289445285,0.2925588983895712,3
172.989336,"Field2d",[4171.335201298766; -6358.316421669859; 0.2925588983895712],4171.335201298766,-6358.316421669859,0.2925588983895712,3
172.993996,"Field2d",[4171.339387063607; -6358.317488390533; 0.2925588983895712],4171.339387063607,-6358.317488390533,0.2925588983895712,3
172.997045,"Field2d",[4171.337891872062; -6358.317156990431; 0.2925588983895713],4171.337891872062,-6358.317156990431,0.2925588983895713,3
173.001794,"Field2d",[4171.35418290303; -6358.3290732675305; 0.2925588983895713],4171.35418290303,-6358.3290732675305,0.2925588983895713,3
173.005094,"Field2d",[4171.353215589518; -6358.328400861913; 0.2925588983895713],4171.353215589518,-6358.328400861913,0.2925588983895713,3
173.009115,"Field2d",[4171.341572910886; -6358.324107994065; 0.2925588983895713],4171.341572910886,-6358.324107994065,0.2925588983895713,3
173.01447,"Field2d",[4171.341645715476; -6358.332946353446; 0.2925588983895713],4171.341645715476,-6358.332946353446,0.2925588983895713,3
173.016847,"Field2d",[4171.346936202025; -6358.336335564314; 0.29255889838957133],4171.346936202025,-6358.336335564314,0.29255889838957133,3
173.02159,"Field2d",[4171.321637606791; -6358.335109086807; 0.29255889838957133],4171.321637606791,-6358.335109086807,0.29255889838957133,3
173.025133,"Field2d",[4171.323554794846; -6358.341250135393; 0.29255889838957133],4171.323554794846,-6358.341250135393,0.29255889838957133,3
173.029897,"Field2d",[4171.3352592033825; -6358.3461373790005; 0.29255889838957133],4171.3352592033825,-6358.3461373790005,0.29255889838957133,3
173.033917,"Field2d",[4171.320958564269; -6358.344703898386; 0.29255889838957133],4171.320958564269,-6358.344703898386,0.29255889838957133,3
173.037123,"Field2d",[4171.3429451850825; -6358.3624170713765; 0.2925588983895714],4171.3429451850825,-6358.3624170713765,0.2925588983895714,3
173.0409,"Field2d",[4171.33656422487; -6358.358704288047; 0.2925588983895714],4171.33656422487,-6358.358704288047,0.2925588983895714,3
173.044883,"Field2d",[4171.3144762940865; -6358.357080697594; 0.2925588983895714],4171.3144762940865,-6358.357080697594,0.2925588983895714,3
173.049013,"Field2d",[4171.320781150418; -6358.358393387386; 0.2925588983895714],4171.320781150418,-6358.358393387386,0.2925588983895714,3
173.053535,"Field2d",[4171.309280746932; -6358.358742872919; 0.2925588983895714],4171.309280746932,-6358.358742872919,0.2925588983895714,3
173.058469,"Field2d",[4171.318091694066; -6358.360094293405; 0.29255889838957144],4171.318091694066,-6358.360094293405,0.29255889838957144,3
173.061855,"Field2d",[4171.328079738496; -6358.36398847471; 0.29255889838957144],4171.328079738496,-6358.36398847471,0.29255889838957144,3
173.065371,"Field2d",[4171.317723981859; -6358.362348995942; 0.29255889838957144],4171.317723981859,-6358.362348995942,0.29255889838957144,3
173.068876,"Field2d",[4171.3212023625765; -6358.371782569306; 0.29255889838957144],4171.3212023625765,-6358.371782569306,0.29255889838957144,3
173.073544,"Field2d",[4171.304766823937; -6358.372552706412; 0.29255889838957144],4171.304766823937,-6358.372552706412,0.29255889838957144,3
173.078202,"Field2d",[4171.318305463859; -6358.375875239209; 0.2925588983895715],4171.318305463859,-6358.375875239209,0.2925588983895715,3
173.08135,"Field2d",[4171.325803085236; -6358.379115600777; 0.2925588983895715],4171.325803085236,-6358.379115600777,0.2925588983895715,3
173.085834,"Field2d",[4171.305462738381; -6358.379291930942; 0.2925588983895715],4171.305462738381,-6358.379291930942,0.2925588983895715,3
173.090115,"Field2d",[4171.331788874907; -6358.4010656543; 0.2925588983895715],4171.331788874907,-6358.4010656543,0.2925588983895715,3
173.093108,"Field2d",[4171.319785846874; -6358.395682191653; 0.2925588983895715],4171.319785846874,-6358.395682191653,0.2925588983895715,3
173.098157,"Field2d",[4171.308317254976; -6358.393562736536; 0.29255889838957155],4171.308317254976,-6358.393562736536,0.29255889838957155,3
173.101336,"Field2d",[4171.324347192306; -6358.403919463741; 0.29255889838957155],4171.324347192306,-6358.403919463741,0.29255889838957155,3
173.105635,"Field2d",[4171.3098756715; -6358.399970555053; 0.29255889838957155],4171.3098756715,-6358.399970555053,0.29255889838957155,3
173.110212,"Field2d",[4171.302621461393; -6358.399119429313; 0.29255889838957155],4171.302621461393,-6358.399119429313,0.29255889838957155,3
173.113147,"Field2d",[4171.298729050947; -6358.4047639335995; 0.29255889838957155],4171.298729050947,-6358.4047639335995,0.29255889838957155,3
173.116806,"Field2d",[4171.299822029291; -6358.404886323928; 0.2925588983895716],4171.299822029291,-6358.404886323928,0.2925588983895716,3
173.12184,"Field2d",[4171.3164957937815; -6358.413420981131; 0.2925588983895716],4171.3164957937815,-6358.413420981131,0.2925588983895716,3
173.126152,"Field2d",[4171.317154694067; -6358.413771012917; 0.2925588983895716],4171.317154694067,-6358.413771012917,0.2925588983895716,3
173.129429,"Field2d",[4171.303540878221; -6358.410959479956; 0.2925588983895716],4171.303540878221,-6358.410959479956,0.2925588983895716,3
173.133441,"Field2d",[4171.306861903049; -6358.420635691484; 0.2925588983895716],4171.306861903049,-6358.420635691484,0.2925588983895716,3
173.138037,"Field2d",[4171.2927067090695; -6358.41986761748; 0.2925588983895717],4171.2927067090695,-6358.41986761748,0.2925588983895717,3
173.142212,"Field2d",[4171.40022194635; -6358.195142487532; 0.2925588983895717],4171.40022194635,-6358.195142487532,0.2925588983895717,3
173.145328,"Field2d",[4171.187406612062; -6358.102963636535; 0.2925588983895717],4171.187406612062,-6358.102963636535,0.2925588983895717,3
173.148912,"Field2d",[4171.180346514442; -6358.101092015406; 0.2925588983895717],4171.180346514442,-6358.101092015406,0.2925588983895717,3
173.153644,"Field2d",[4171.164746581317; -6358.102043784311; 0.2925588983895717],4171.164746581317,-6358.102043784311,0.2925588983895717,3
173.157163,"Field2d",[4171.192174359363; -6358.12241230747; 0.2925588983895718],4171.192174359363,-6358.12241230747,0.2925588983895718,3
173.161269,"Field2d",[4171.192456544343; -6358.122625088824; 0.2925588983895718],4171.192456544343,-6358.122625088824,0.2925588983895718,3
173.165609,"Field2d",[4171.180425128073; -6358.117811469353; 0.2925588983895718],4171.180425128073,-6358.117811469353,0.2925588983895718,3
173.170069,"Field2d",[4171.169270278455; -6358.121848170063; 0.2925588983895718],4171.169270278455,-6358.121848170063,0.2925588983895718,3
173.173169,"Field2d",[4171.165283362449; -6358.121463217868; 0.2925588983895718],4171.165283362449,-6358.121463217868,0.2925588983895718,3
173.176884,"Field2d",[4171.185678440741; -6358.1358097978255; 0.2925588983895718],4171.185678440741,-6358.1358097978255,0.2925588983895718,3
173.182238,"Field2d",[4171.172682848743; -6358.131336283739; 0.2925588983895718],4171.172682848743,-6358.131336283739,0.2925588983895718,3
173.185207,"Field2d",[4171.162549441071; -6358.130089384476; 0.2925588983895718],4171.162549441071,-6358.130089384476,0.2925588983895718,3
173.189339,"Field2d",[4171.168598586473; -6358.131635939068; 0.2925588983895718],4171.168598586473,-6358.131635939068,0.2925588983895718,3
173.193725,"Field2d",[4171.168484350812; -6358.131607156162; 0.2925588983895718],4171.168484350812,-6358.131607156162,0.2925588983895718,3
173.19722,"Field2d",[4171.163076490752; -6358.130866507899; 0.29255889838957183],4171.163076490752,-6358.130866507899,0.29255889838957183,3
173.201843,"Field2d",[4171.180159233474; -6358.154255326638; 0.29255889838957183],4171.180159233474,-6358.154255326638,0.29255889838957183,3
173.206182,"Field2d",[4171.165202728986; -6358.152263639105; 0.29255889838957183],4171.165202728986,-6358.152263639105,0.29255889838957183,3
173.210221,"Field2d",[4171.161261970589; -6358.150985666356; 0.29255889838957183],4171.161261970589,-6358.150985666356,0.29255889838957183,3
173.212773,"Field2d",[4171.152151645328; -6358.15195160174; 0.29255889838957183],4171.152151645328,-6358.15195160174,0.29255889838957183,3
173.216756,"Field2d",[4171.167550859897; -6358.159959185904; 0.2925588983895719],4171.167550859897,-6358.159959185904,0.2925588983895719,3
173.221931,"Field2d",[4171.0404827158; -6358.057798672506; 0.2925588983895719],4171.0404827158,-6358.057798672506,0.2925588983895719,3
173.225333,"Field2d",[4170.921286316325; -6357.961453304318; 0.2925588983895719],4170.921286316325,-6357.961453304318,0.2925588983895719,3
173.229867,"Field2d",[4170.917388045572; -6357.958876461231; 0.2925588983895719],4170.917388045572,-6357.958876461231,0.2925588983895719,3
173.233833,"Field2d",[4170.90191084677; -6357.96041597382; 0.2925588983895719],4170.90191084677,-6357.96041597382,0.2925588983895719,3
173.23684,"Field2d",[4170.902473498443; -6357.964915154156; 0.29255889838957194],4170.902473498443,-6357.964915154156,0.29255889838957194,3
173.240979,"Field2d",[4170.890672818877; -6357.963738890911; 0.29255889838957194],4170.890672818877,-6357.963738890911,0.29255889838957194,3
173.245222,"Field2d",[4170.906828947262; -6357.9719921325395; 0.29255889838957194],4170.906828947262,-6357.9719921325395,0.29255889838957194,3
173.249819,"Field2d",[4170.902407519362; -6357.970252114625; 0.29255889838957194],4170.902407519362,-6357.970252114625,0.29255889838957194,3
173.253805,"Field2d",[4170.891414952355; -6357.968620274588; 0.29255889838957194],4170.891414952355,-6357.968620274588,0.29255889838957194,3
173.256864,"Field2d",[4170.892729751218; -6357.968852411988; 0.292558898389572],4170.892729751218,-6357.968852411988,0.292558898389572,3
173.262448,"Field2d",[4170.910388370519; -6357.9814235153035; 0.292558898389572],4170.910388370519,-6357.9814235153035,0.292558898389572,3
173.265403,"Field2d",[4170.90234727978; -6357.977668325416; 0.292558898389572],4170.90234727978,-6357.977668325416,0.292558898389572,3
173.268812,"Field2d",[4170.908954536407; -6357.98219791385; 0.292558898389572],4170.908954536407,-6357.98219791385,0.292558898389572,3
173.273751,"Field2d",[4170.906735702619; -6357.987838093638; 0.292558898389572],4170.906735702619,-6357.987838093638,0.292558898389572,3
173.2769,"Field2d",[4170.897581380952; -6357.983977753833; 0.29255889838957205],4170.897581380952,-6357.983977753833,0.29255889838957205,3
173.282137,"Field2d",[4170.904920799512; -6357.999101057057; 0.29255889838957205],4170.904920799512,-6357.999101057057,0.29255889838957205,3
173.285576,"Field2d",[4170.885924277315; -6357.992683482779; 0.29255889838957205],4170.885924277315,-6357.992683482779,0.29255889838957205,3
173.29035,"Field2d",[4170.884792757022; -6357.996535204945; 0.29255889838957205],4170.884792757022,-6357.996535204945,0.29255889838957205,3
173.293575,"Field2d",[4170.884972177875; -6357.99661660782; 0.29255889838957205],4170.884972177875,-6357.99661660782,0.29255889838957205,3
173.298111,"Field2d",[4170.87975266456; -6358.001211612226; 0.2925588983895721],4170.87975266456,-6358.001211612226,0.2925588983895721,3
173.300781,"Field2d",[4170.89204690176; -6358.009529237248; 0.2925588983895721],4170.89204690176,-6358.009529237248,0.2925588983895721,3
173.30506,"Field2d",[4170.8968902589195; -6358.013833091173; 0.2925588983895721],4170.8968902589195,-6358.013833091173,0.2925588983895721,3
173.310119,"Field2d",[4170.891626072702; -6358.010261382853; 0.2925588983895721],4170.891626072702,-6358.010261382853,0.2925588983895721,3
173.313043,"Field2d",[4170.8806195984935; -6358.006172834769; 0.2925588983895721],4170.8806195984935,-6358.006172834769,0.2925588983895721,3
173.317006,"Field2d",[4170.881203494046; -6358.0154023527075; 0.29255889838957216],4170.881203494046,-6358.0154023527075,0.29255889838957216,3
173.321582,"Field2d",[4170.887427813112; -6358.019862813471; 0.29255889838957216],4170.887427813112,-6358.019862813471,0.29255889838957216,3
173.32607,"Field2d",[4170.870820367843; -6358.015388279085; 0.29255889838957216],4170.870820367843,-6358.015388279085,0.29255889838957216,3
173.329638,"Field2d",[4170.871047518188; -6358.0154508528985; 0.29255889838957216],4170.871047518188,-6358.0154508528985,0.29255889838957216,3
173.333735,"Field2d",[4170.867815003116; -6358.014794092086; 0.29255889838957216],4170.867815003116,-6358.014794092086,0.29255889838957216,3
173.337571,"Field2d",[4170.872248090198; -6358.01614276803; 0.2925588983895722],4170.872248090198,-6358.01614276803,0.2925588983895722,3
173.341308,"Field2d",[4170.879594499636; -6358.027361551812; 0.2925588983895722],4170.879594499636,-6358.027361551812,0.2925588983895722,3
173.345329,"Field2d",[4170.8799608936615; -6358.027590486764; 0.2925588983895722],4170.8799608936615,-6358.027590486764,0.2925588983895722,3
173.349624,"Field2d",[4170.866468941987; -6358.024083264472; 0.2925588983895722],4170.866468941987,-6358.024083264472,0.2925588983895722,3
173.354745,"Field2d",[4170.866354830959; -6358.024053991872; 0.2925588983895722],4170.866354830959,-6358.024053991872,0.2925588983895722,3
173.357128,"Field2d",[4170.87392182278; -6358.034780625354; 0.2925588983895723],4170.87392182278,-6358.034780625354,0.2925588983895723,3
173.361733,"Field2d",[4170.878084335151; -6358.037527438485; 0.2925588983895723],4170.878084335151,-6358.037527438485,0.2925588983895723,3
173.364903,"Field2d",[4170.8754264302725; -6358.042807296449; 0.2925588983895723],4170.8754264302725,-6358.042807296449,0.2925588983895723,3
173.369028,"Field2d",[4170.852480857869; -6358.040608367133; 0.2925588983895723],4170.852480857869,-6358.040608367133,0.2925588983895723,3
173.373222,"Field2d",[4170.864701851161; -6358.0452603166505; 0.2925588983895723],4170.864701851161,-6358.0452603166505,0.2925588983895723,3
173.378006,"Field2d",[4170.856213006629; -6358.043656134879; 0.29255889838957233],4170.856213006629,-6358.043656134879,0.29255889838957233,3
173.381451,"Field2d",[4170.867869218023; -6358.049318160943; 0.29255889838957233],4170.867869218023,-6358.049318160943,0.29255889838957233,3
173.385772,"Field2d",[4170.86249283795; -6358.047443195276; 0.29255889838957233],4170.86249283795,-6358.047443195276,0.29255889838957233,3
173.389067,"Field2d",[4170.867077519796; -6358.049597621682; 0.29255889838957233],4170.867077519796,-6358.049597621682,0.29255889838957233,3
173.393612,"Field2d",[4170.857257277518; -6358.047271206587; 0.29255889838957233],4170.857257277518,-6358.047271206587,0.29255889838957233,3
173.397947,"Field2d",[4170.853650664493; -6358.0466973662415; 0.2925588983895724],4170.853650664493,-6358.0466973662415,0.2925588983895724,3
173.401418,"Field2d",[4170.872604106172; -6358.060891099635; 0.2925588983895724],4170.872604106172,-6358.060891099635,0.2925588983895724,3
173.405561,"Field2d",[4170.839636163048; -6358.061972403238; 0.2925588983895724],4170.839636163048,-6358.061972403238,0.2925588983895724,3
173.40964,"Field2d",[4170.837638925915; -6358.062120201252; 0.2925588983895724],4170.837638925915,-6358.062120201252,0.2925588983895724,3
173.413528,"Field2d",[4170.864093667449; -6358.079062184199; 0.2925588983895724],4170.864093667449,-6358.079062184199,0.2925588983895724,3
173.417929,"Field2d",[4170.846967934798; -6358.075395714892; 0.29255889838957244],4170.846967934798,-6358.075395714892,0.29255889838957244,3
173.421534,"Field2d",[4170.8480376391335; -6358.075650040118; 0.29255889838957244],4170.8480376391335,-6358.075650040118,0.29255889838957244,3
173.425087,"Field2d",[4170.841195111526; -6358.075014113631; 0.29255889838957244],4170.841195111526,-6358.075014113631,0.29255889838957244,3
173.428976,"Field2d",[4170.8508031537585; -6358.077971110044; 0.29255889838957244],4170.8508031537585,-6358.077971110044,0.29255889838957244,3
173.433238,"Field2d",[4170.837653756359; -6358.0775879519915; 0.29255889838957244],4170.837653756359,-6358.0775879519915,0.29255889838957244,3
173.437163,"Field2d",[4170.8509097409515; -6358.081902214922; 0.2925588983895725],4170.8509097409515,-6358.081902214922,0.2925588983895725,3
173.44213,"Field2d",[4170.855598163266; -6358.090941256757; 0.2925588983895725],4170.855598163266,-6358.090941256757,0.2925588983895725,3
173.444912,"Field2d",[4170.854845523182; -6358.0906034066675; 0.2925588983895725],4170.854845523182,-6358.0906034066675,0.2925588983895725,3
173.449027,"Field2d",[4170.854526286575; -6358.090451781488; 0.2925588983895725],4170.854526286575,-6358.090451781488,0.2925588983895725,3
173.45365,"Field2d",[4170.861271200278; -6358.095196199306; 0.2925588983895725],4170.861271200278,-6358.095196199306,0.2925588983895725,3
173.456775,"Field2d",[4170.834992826526; -6358.093264618766; 0.29255889838957255],4170.834992826526,-6358.093264618766,0.29255889838957255,3
173.461851,"Field2d",[4170.855463809849; -6358.106443926398; 0.29255889838957255],4170.855463809849,-6358.106443926398,0.29255889838957255,3
173.464873,"Field2d",[4170.850573325438; -6358.10401976123; 0.29255889838957255],4170.850573325438,-6358.10401976123,0.29255889838957255,3
173.469837,"Field2d",[4170.827368192834; -6358.104370001364; 0.29255889838957255],4170.827368192834,-6358.104370001364,0.29255889838957255,3
173.472898,"Field2d",[4170.854210305237; -6358.1274202309005; 0.29255889838957255],4170.854210305237,-6358.1274202309005,0.29255889838957255,3
173.477377,"Field2d",[4170.8412212551275; -6358.121644647887; 0.2925588983895726],4170.8412212551275,-6358.121644647887,0.2925588983895726,3
173.481983,"Field2d",[4170.8350828126895; -6358.119830967415; 0.2925588983895726],4170.8350828126895,-6358.119830967415,0.2925588983895726,3
173.486064,"Field2d",[4170.834212053791; -6358.119591162259; 0.2925588983895726],4170.834212053791,-6358.119591162259,0.2925588983895726,3
173.48897,"Field2d",[4170.8493572789175; -6358.131395961039; 0.2925588983895726],4170.8493572789175,-6358.131395961039,0.2925588983895726,3
173.497913,"Field2d",[4170.846179633658; -6358.129295604757; 0.2925588983895727],4170.846179633658,-6358.129295604757,0.2925588983895727,3
173.501626,"Field2d",[4170.826040182579; -6358.125924512677; 0.2925588983895727],4170.826040182579,-6358.125924512677,0.2925588983895727,3
173.506156,"Field2d",[4170.842566955521; -6358.136452101858; 0.2925588983895727],4170.842566955521,-6358.136452101858,0.2925588983895727,3
173.509018,"Field2d",[4170.82299284311; -6358.13327241535; 0.2925588983895727],4170.82299284311,-6358.13327241535,0.2925588983895727,3
173.513122,"Field2d",[4170.81884230532; -6358.132957383463; 0.2925588983895727],4170.81884230532,-6358.132957383463,0.2925588983895727,3
173.516937,"Field2d",[4170.82307938604; -6358.139872346258; 0.2925588983895728],4170.82307938604,-6358.139872346258,0.2925588983895728,3
173.521679,"Field2d",[4170.828590288657; -6358.141861556772; 0.2925588983895728],4170.828590288657,-6358.141861556772,0.2925588983895728,3
173.526143,"Field2d",[4170.828003368187; -6358.1459801252695; 0.2925588983895728],4170.828003368187,-6358.1459801252695,0.2925588983895728,3
173.529177,"Field2d",[4170.8374596211315; -6358.152671550513; 0.2925588983895728],4170.8374596211315,-6358.152671550513,0.2925588983895728,3
173.53309,"Field2d",[4170.808445149498; -6358.15212938446; 0.2925588983895728],4170.808445149498,-6358.15212938446,0.2925588983895728,3
173.538054,"Field2d",[4170.827594957851; -6358.161507537858; 0.2925588983895728],4170.827594957851,-6358.161507537858,0.2925588983895728,3
173.54196,"Field2d",[4170.830745556088; -6358.163354353049; 0.2925588983895728],4170.830745556088,-6358.163354353049,0.2925588983895728,3
173.545865,"Field2d",[4170.830541623587; -6358.1632363519275; 0.2925588983895728],4170.830541623587,-6358.1632363519275,0.2925588983895728,3
173.549143,"Field2d",[4170.834783605552; -6358.166349862385; 0.2925588983895728],4170.834783605552,-6358.166349862385,0.2925588983895728,3
173.553899,"Field2d",[4170.8412960408305; -6358.1734846382915; 0.2925588983895728],4170.8412960408305,-6358.1734846382915,0.2925588983895728,3
173.55694,"Field2d",[4170.816450262607; -6358.165837969983; 0.29255889838957283],4170.816450262607,-6358.165837969983,0.29255889838957283,3
173.561568,"Field2d",[4170.813549577876; -6358.165135988448; 0.29255889838957283],4170.813549577876,-6358.165135988448,0.29255889838957283,3
173.565835,"Field2d",[4170.815356193272; -6358.174284952614; 0.29255889838957283],4170.815356193272,-6358.174284952614,0.29255889838957283,3
173.5689,"Field2d",[4170.822526980716; -6358.181084161373; 0.29255889838957283],4170.822526980716,-6358.181084161373,0.29255889838957283,3
173.573933,"Field2d",[4170.818575106483; -6358.179153905311; 0.29255889838957283],4170.818575106483,-6358.179153905311,0.29255889838957283,3
173.57683,"Field2d",[4170.805756833749; -6358.18237319308; 0.2925588983895729],4170.805756833749,-6358.18237319308,0.2925588983895729,3
173.5826,"Field2d",[4170.807565432648; -6358.182905743431; 0.2925588983895729],4170.807565432648,-6358.182905743431,0.2925588983895729,3
173.585914,"Field2d",[4170.806075502005; -6358.182551443288; 0.2925588983895729],4170.806075502005,-6358.182551443288,0.2925588983895729,3
173.589523,"Field2d",[4170.81212539104; -6358.184871041662; 0.2925588983895729],4170.81212539104,-6358.184871041662,0.2925588983895729,3
173.593902,"Field2d",[4170.8210310669465; -6358.190768014483; 0.2925588983895729],4170.8210310669465,-6358.190768014483,0.2925588983895729,3
173.596872,"Field2d",[4170.809939073679; -6358.186799369041; 0.29255889838957294],4170.809939073679,-6358.186799369041,0.29255889838957294,3
173.601983,"Field2d",[4170.799661353824; -6358.185442308576; 0.29255889838957294],4170.799661353824,-6358.185442308576,0.29255889838957294,3
173.605628,"Field2d",[4170.812905837667; -6358.1915110561295; 0.29255889838957294],4170.812905837667,-6358.1915110561295,0.29255889838957294,3
173.608997,"Field2d",[4170.818719960672; -6358.195247602994; 0.29255889838957294],4170.818719960672,-6358.195247602994,0.29255889838957294,3
173.614159,"Field2d",[4170.811518249886; -6358.192114486653; 0.29255889838957294],4170.811518249886,-6358.192114486653,0.29255889838957294,3
173.616982,"Field2d",[4170.788131920957; -6358.1937491237795; 0.292558898389573],4170.788131920957,-6358.1937491237795,0.292558898389573,3
173.62149,"Field2d",[4170.808248068609; -6358.2016106678175; 0.292558898389573],4170.808248068609,-6358.2016106678175,0.292558898389573,3
173.62648,"Field2d",[4170.787849644917; -6358.202542602305; 0.292558898389573],4170.787849644917,-6358.202542602305,0.292558898389573,3
173.630251,"Field2d",[4170.81237184997; -6358.217236522061; 0.292558898389573],4170.81237184997,-6358.217236522061,0.292558898389573,3
173.633961,"Field2d",[4170.79390991049; -6358.214313650336; 0.292558898389573],4170.79390991049,-6358.214313650336,0.292558898389573,3
173.637235,"Field2d",[4170.786842082879; -6358.214227058124; 0.2925588983895731],4170.786842082879,-6358.214227058124,0.2925588983895731,3
173.64077,"Field2d",[4170.803769629912; -6358.229553023647; 0.2925588983895731],4170.803769629912,-6358.229553023647,0.2925588983895731,3
173.645876,"Field2d",[4170.800982887695; -6358.228379564616; 0.2925588983895731],4170.800982887695,-6358.228379564616,0.2925588983895731,3
173.650137,"Field2d",[4170.840974765067; -6358.121710182918; 0.2925588983895731],4170.840974765067,-6358.121710182918,0.2925588983895731,3
173.65361,"Field2d",[4170.7103428620285; -6358.125477018919; 0.2925588983895731],4170.7103428620285,-6358.125477018919,0.2925588983895731,3
173.658346,"Field2d",[4170.728814599611; -6358.132798864033; 0.29255889838957316],4170.728814599611,-6358.132798864033,0.29255889838957316,3
173.661485,"Field2d",[4170.737514356169; -6358.138650656248; 0.29255889838957316],4170.737514356169,-6358.138650656248,0.29255889838957316,3
173.665842,"Field2d",[4170.736285183957; -6358.137875949039; 0.29255889838957316],4170.736285183957,-6358.137875949039,0.29255889838957316,3
173.669854,"Field2d",[4170.7235685588985; -6358.134073999183; 0.29255889838957316],4170.7235685588985,-6358.134073999183,0.29255889838957316,3
173.673971,"Field2d",[4170.728831287489; -6358.136348541805; 0.29255889838957316],4170.728831287489,-6358.136348541805,0.29255889838957316,3
173.677358,"Field2d",[4170.7291770522115; -6358.143080812193; 0.2925588983895732],4170.7291770522115,-6358.143080812193,0.2925588983895732,3
173.68099,"Field2d",[4170.737972553575; -6358.1503143243; 0.2925588983895732],4170.737972553575,-6358.1503143243,0.2925588983895732,3
173.686214,"Field2d",[4170.713585259508; -6358.145928910075; 0.2925588983895732],4170.713585259508,-6358.145928910075,0.2925588983895732,3
173.688894,"Field2d",[4170.723778171408; -6358.157839455373; 0.2925588983895732],4170.723778171408,-6358.157839455373,0.2925588983895732,3
173.694082,"Field2d",[4170.731549502544; -6358.164028982305; 0.2925588983895732],4170.731549502544,-6358.164028982305,0.2925588983895732,3
173.697539,"Field2d",[4170.724729751171; -6358.1602136480615; 0.2925588983895733],4170.724729751171,-6358.1602136480615,0.2925588983895733,3
173.701788,"Field2d",[4170.588001998593; -6358.118404622267; 0.2925588983895733],4170.588001998593,-6358.118404622267,0.2925588983895733,3
173.704925,"Field2d",[4170.443727136109; -6358.0701623252635; 0.2925588983895733],4170.443727136109,-6358.0701623252635,0.2925588983895733,3
173.710099,"Field2d",[4170.4460663542295; -6358.071081113121; 0.2925588983895733],4170.4460663542295,-6358.071081113121,0.2925588983895733,3
173.713533,"Field2d",[4170.425128950236; -6358.072240192221; 0.2925588983895733],4170.425128950236,-6358.072240192221,0.2925588983895733,3
173.71783,"Field2d",[4170.452290049579; -6358.092309026439; 0.29255889838957333],4170.452290049579,-6358.092309026439,0.29255889838957333,3
173.72077,"Field2d",[4170.435696617511; -6358.087492958908; 0.29255889838957333],4170.435696617511,-6358.087492958908,0.29255889838957333,3
173.724969,"Field2d",[4170.44545476487; -6358.092972920188; 0.29255889838957333],4170.44545476487,-6358.092972920188,0.29255889838957333,3
173.729065,"Field2d",[4170.448402993413; -6358.094921858547; 0.29255889838957333],4170.448402993413,-6358.094921858547,0.29255889838957333,3
173.733752,"Field2d",[4170.443306762104; -6358.098813131583; 0.29255889838957333],4170.443306762104,-6358.098813131583,0.29255889838957333,3
173.737197,"Field2d",[4170.44107534417; -6358.097744902288; 0.2925588983895734],4170.44107534417,-6358.097744902288,0.2925588983895734,3
173.742034,"Field2d",[4170.433980136949; -6358.09556757393; 0.2925588983895734],4170.433980136949,-6358.09556757393,0.2925588983895734,3
173.74607,"Field2d",[4170.418472095552; -6358.095876549805; 0.2925588983895734],4170.418472095552,-6358.095876549805,0.2925588983895734,3
173.749058,"Field2d",[4170.443457354868; -6358.112975687112; 0.2925588983895734],4170.443457354868,-6358.112975687112,0.2925588983895734,3
173.754263,"Field2d",[4170.410232074431; -6358.115728066324; 0.2925588983895734],4170.410232074431,-6358.115728066324,0.2925588983895734,3
173.756769,"Field2d",[4170.415570704291; -6358.1158707882605; 0.29255889838957344],4170.415570704291,-6358.1158707882605,0.29255889838957344,3
173.761662,"Field2d",[4170.4118838610175; -6358.116051177898; 0.29255889838957344],4170.4118838610175,-6358.116051177898,0.29255889838957344,3
173.765668,"Field2d",[4170.435391377216; -6358.128882023862; 0.29255889838957344],4170.435391377216,-6358.128882023862,0.29255889838957344,3
173.769586,"Field2d",[4170.4117544732335; -6358.128516442754; 0.29255889838957344],4170.4117544732335,-6358.128516442754,0.29255889838957344,3
173.772796,"Field2d",[4170.428492908711; -6358.135307449016; 0.29255889838957344],4170.428492908711,-6358.135307449016,0.29255889838957344,3
173.778035,"Field2d",[4170.410787292932; -6358.134905352498; 0.2925588983895735],4170.410787292932,-6358.134905352498,0.2925588983895735,3
173.781008,"Field2d",[4170.4322588254045; -6358.147584361626; 0.2925588983895735],4170.4322588254045,-6358.147584361626,0.2925588983895735,3
173.786157,"Field2d",[4170.4349485166595; -6358.14942517128; 0.2925588983895735],4170.4349485166595,-6358.14942517128,0.2925588983895735,3
173.789438,"Field2d",[4170.430530747299; -6358.147027699142; 0.2925588983895735],4170.430530747299,-6358.147027699142,0.2925588983895735,3
173.792952,"Field2d",[4170.419497014566; -6358.144054963065; 0.2925588983895735],4170.419497014566,-6358.144054963065,0.2925588983895735,3
173.797164,"Field2d",[4170.434332861196; -6358.155165168835; 0.29255889838957355],4170.434332861196,-6358.155165168835,0.29255889838957355,3
173.800977,"Field2d",[4170.428123084436; -6358.151788727226; 0.29255889838957355],4170.428123084436,-6358.151788727226,0.29255889838957355,3
173.805408,"Field2d",[4170.4014141304715; -6358.153116679207; 0.29255889838957355],4170.4014141304715,-6358.153116679207,0.29255889838957355,3
173.809723,"Field2d",[4170.412994996648; -6358.164642713778; 0.29255889838957355],4170.412994996648,-6358.164642713778,0.29255889838957355,3
173.812831,"Field2d",[4170.398822532809; -6358.1649592611; 0.29255889838957355],4170.398822532809,-6358.1649592611,0.29255889838957355,3
173.817458,"Field2d",[4170.400942564897; -6358.165004121918; 0.2925588983895736],4170.400942564897,-6358.165004121918,0.2925588983895736,3
173.821007,"Field2d",[4170.418450951296; -6358.181649128552; 0.2925588983895736],4170.418450951296,-6358.181649128552,0.2925588983895736,3
173.825146,"Field2d",[4170.393790251543; -6358.181672428526; 0.2925588983895736],4170.393790251543,-6358.181672428526,0.2925588983895736,3
173.829877,"Field2d",[4170.413286941594; -6358.190872893763; 0.2925588983895736],4170.413286941594,-6358.190872893763,0.2925588983895736,3
173.833079,"Field2d",[4170.399465201177; -6358.194372552004; 0.2925588983895736],4170.399465201177,-6358.194372552004,0.2925588983895736,3
173.837598,"Field2d",[4170.414769223319; -6358.2038943365105; 0.29255889838957366],4170.414769223319,-6358.2038943365105,0.29255889838957366,3
173.841615,"Field2d",[4170.401370316457; -6358.2001916359495; 0.29255889838957366],4170.401370316457,-6358.2001916359495,0.29255889838957366,3
173.84578,"Field2d",[4170.372430938353; -6358.178866038168; 0.29255889838957366],4170.372430938353,-6358.178866038168,0.29255889838957366,3
173.849362,"Field2d",[4170.337974847661; -6358.160947606122; 0.29255889838957366],4170.337974847661,-6358.160947606122,0.29255889838957366,3
173.85355,"Field2d",[4170.31137188956; -6358.162742551455; 0.29255889838957366],4170.31137188956,-6358.162742551455,0.29255889838957366,3
173.857331,"Field2d",[4170.338945586911; -6358.182979556777; 0.2925588983895737],4170.338945586911,-6358.182979556777,0.2925588983895737,3
173.861393,"Field2d",[4170.333297716005; -6358.179885058171; 0.2925588983895737],4170.333297716005,-6358.179885058171,0.2925588983895737,3
173.865065,"Field2d",[4170.340155648547; -6358.185455842879; 0.2925588983895737],4170.340155648547,-6358.185455842879,0.2925588983895737,3
173.870133,"Field2d",[4170.335808624404; -6358.182632419834; 0.2925588983895737],4170.335808624404,-6358.182632419834,0.2925588983895737,3
173.87279,"Field2d",[4170.316097828042; -6358.179316625812; 0.2925588983895737],4170.316097828042,-6358.179316625812,0.2925588983895737,3
173.877431,"Field2d",[4170.317714047899; -6358.179645191924; 0.2925588983895738],4170.317714047899,-6358.179645191924,0.2925588983895738,3
173.881115,"Field2d",[4170.324991709042; -6358.182381848241; 0.2925588983895738],4170.324991709042,-6358.182381848241,0.2925588983895738,3
173.88592,"Field2d",[4170.317610413885; -6358.180845040692; 0.2925588983895738],4170.317610413885,-6358.180845040692,0.2925588983895738,3
173.889386,"Field2d",[4170.312906704736; -6358.186122458701; 0.2925588983895738],4170.312906704736,-6358.186122458701,0.2925588983895738,3
173.892904,"Field2d",[4170.324985553856; -6358.191528851554; 0.2925588983895738],4170.324985553856,-6358.191528851554,0.2925588983895738,3
173.897276,"Field2d",[4170.317196283555; -6358.197599854795; 0.29255889838957383],4170.317196283555,-6358.197599854795,0.29255889838957383,3
173.901816,"Field2d",[4170.323171218367; -6358.200302786433; 0.29255889838957383],4170.323171218367,-6358.200302786433,0.29255889838957383,3
173.905549,"Field2d",[4170.327018066432; -6358.209997879866; 0.29255889838957383],4170.327018066432,-6358.209997879866,0.29255889838957383,3
173.909806,"Field2d",[4170.325561795115; -6358.20914253474; 0.29255889838957383],4170.325561795115,-6358.20914253474,0.29255889838957383,3
173.913786,"Field2d",[4170.309028011976; -6358.205714023433; 0.29255889838957383],4170.309028011976,-6358.205714023433,0.29255889838957383,3
173.917039,"Field2d",[4170.297683807431; -6358.20603133754; 0.2925588983895739],4170.297683807431,-6358.20603133754,0.2925588983895739,3
173.921245,"Field2d",[4170.316113150869; -6358.213353534628; 0.2925588983895739],4170.316113150869,-6358.213353534628,0.2925588983895739,3
173.92567,"Field2d",[4170.32300507915; -6358.217513465418; 0.2925588983895739],4170.32300507915,-6358.217513465418,0.2925588983895739,3
173.928813,"Field2d",[4170.3041581423995; -6358.22031947245; 0.2925588983895739],4170.3041581423995,-6358.22031947245,0.2925588983895739,3
173.93279,"Field2d",[4170.315460593247; -6358.2255360296585; 0.2925588983895739],4170.315460593247,-6358.2255360296585,0.2925588983895739,3
173.937553,"Field2d",[4170.300331046115; -6358.223736094069; 0.29255889838957394],4170.300331046115,-6358.223736094069,0.29255889838957394,3
173.942259,"Field2d",[4170.309859813901; -6358.226939355793; 0.29255889838957394],4170.309859813901,-6358.226939355793,0.29255889838957394,3
173.946841,"Field2d",[4170.3077459617225; -6358.2263331988715; 0.29255889838957394],4170.3077459617225,-6358.2263331988715,0.29255889838957394,3
173.950499,"Field2d",[4170.317129624465; -6358.231435377357; 0.29255889838957394],4170.317129624465,-6358.231435377357,0.29255889838957394,3
173.953633,"Field2d",[4170.323010223473; -6358.235898556561; 0.29255889838957394],4170.323010223473,-6358.235898556561,0.29255889838957394,3
173.957513,"Field2d",[4170.2980636305665; -6358.232543436912; 0.292558898389574],4170.2980636305665,-6358.232543436912,0.292558898389574,3
173.96182,"Field2d",[4170.286961320709; -6358.233598136306; 0.292558898389574],4170.286961320709,-6358.233598136306,0.292558898389574,3
173.965556,"Field2d",[4170.309714669465; -6358.243606058885; 0.292558898389574],4170.309714669465,-6358.243606058885,0.292558898389574,3
173.969897,"Field2d",[4170.309498517379; -6358.2435122970855; 0.292558898389574],4170.309498517379,-6358.2435122970855,0.292558898389574,3
173.972985,"Field2d",[4170.309137035221; -6358.24335889101; 0.292558898389574],4170.309137035221,-6358.24335889101,0.292558898389574,3
173.976838,"Field2d",[4170.313342167108; -6358.245654190422; 0.29255889838957405],4170.313342167108,-6358.245654190422,0.29255889838957405,3
173.98188,"Field2d",[4170.300818540654; -6358.248265938732; 0.29255889838957405],4170.300818540654,-6358.248265938732,0.29255889838957405,3
173.984832,"Field2d",[4170.30690281657; -6358.255672640605; 0.29255889838957405],4170.30690281657,-6358.255672640605,0.29255889838957405,3
173.989008,"Field2d",[4170.285581997679; -6358.255376210203; 0.29255889838957405],4170.285581997679,-6358.255376210203,0.29255889838957405,3
173.993212,"Field2d",[4170.303828804296; -6358.263630671894; 0.29255889838957405],4170.303828804296,-6358.263630671894,0.29255889838957405,3
173.99729,"Field2d",[4170.302045670967; -6358.26290760585; 0.2925588983895741],4170.302045670967,-6358.26290760585,0.2925588983895741,3
174.000844,"Field2d",[4170.295180988182; -6358.261223179979; 0.2925588983895741],4170.295180988182,-6358.261223179979,0.2925588983895741,3
174.005962,"Field2d",[4170.290162743305; -6358.260531746282; 0.2925588983895741],4170.290162743305,-6358.260531746282,0.2925588983895741,3
174.009476,"Field2d",[4170.296663587864; -6358.271574467406; 0.2925588983895741],4170.296663587864,-6358.271574467406,0.2925588983895741,3
174.013072,"Field2d",[4170.282839092904; -6358.2705572421655; 0.2925588983895741],4170.282839092904,-6358.2705572421655,0.2925588983895741,3
174.017405,"Field2d",[4170.305727302621; -6358.288966472465; 0.29255889838957416],4170.305727302621,-6358.288966472465,0.29255889838957416,3
174.021383,"Field2d",[4170.296305793843; -6358.284277157771; 0.29255889838957416],4170.296305793843,-6358.284277157771,0.29255889838957416,3
174.025671,"Field2d",[4170.2785611242; -6358.2825560603615; 0.29255889838957416],4170.2785611242,-6358.2825560603615,0.29255889838957416,3
174.030417,"Field2d",[4170.2771757684595; -6358.28836074433; 0.29255889838957416],4170.2771757684595,-6358.28836074433,0.29255889838957416,3
174.033463,"Field2d",[4170.297048580996; -6358.3020139854; 0.29255889838957416],4170.297048580996,-6358.3020139854,0.29255889838957416,3
174.038037,"Field2d",[4170.29331986757; -6358.299912198104; 0.2925588983895742],4170.29331986757,-6358.299912198104,0.2925588983895742,3
174.041845,"Field2d",[4170.2903801471775; -6358.298504693074; 0.2925588983895742],4170.2903801471775,-6358.298504693074,0.2925588983895742,3
174.045199,"Field2d",[4170.291911171449; -6358.299305523681; 0.2925588983895742],4170.291911171449,-6358.299305523681,0.2925588983895742,3
174.049698,"Field2d",[4170.277886464519; -6358.3022494154175; 0.2925588983895742],4170.277886464519,-6358.3022494154175,0.2925588983895742,3
174.053029,"Field2d",[4170.27238196631; -6358.301651261487; 0.2925588983895742],4170.27238196631,-6358.301651261487,0.2925588983895742,3
174.057168,"Field2d",[4170.281408930214; -6358.304493164301; 0.29255889838957433],4170.281408930214,-6358.304493164301,0.29255889838957433,3
174.06161,"Field2d",[4170.28996501372; -6358.309226066249; 0.29255889838957433],4170.28996501372,-6358.309226066249,0.29255889838957433,3
174.066042,"Field2d",[4170.26452211547; -6358.309630583457; 0.29255889838957433],4170.26452211547,-6358.309630583457,0.29255889838957433,3
174.070185,"Field2d",[4170.271493632994; -6358.310528382907; 0.29255889838957433],4170.271493632994,-6358.310528382907,0.29255889838957433,3
174.073717,"Field2d",[4170.278956537143; -6358.322146059919; 0.29255889838957433],4170.278956537143,-6358.322146059919,0.29255889838957433,3
174.076888,"Field2d",[4170.277580214938; -6358.321679346979; 0.2925588983895744],4170.277580214938,-6358.321679346979,0.2925588983895744,3
174.081811,"Field2d",[4170.282700377367; -6358.324258820596; 0.2925588983895744],4170.282700377367,-6358.324258820596,0.2925588983895744,3
174.085351,"Field2d",[4170.2794000019; -6358.322888765953; 0.2925588983895744],4170.2794000019,-6358.322888765953,0.2925588983895744,3
174.089886,"Field2d",[4170.266869679297; -6358.321193307423; 0.2925588983895744],4170.266869679297,-6358.321193307423,0.2925588983895744,3
174.092796,"Field2d",[4170.279188888199; -6358.326541089942; 0.2925588983895744],4170.279188888199,-6358.326541089942,0.2925588983895744,3
174.097845,"Field2d",[4170.27455141433; -6358.325056486334; 0.29255889838957444],4170.27455141433,-6358.325056486334,0.29255889838957444,3
174.101364,"Field2d",[4170.258415468595; -6358.325390985324; 0.29255889838957444],4170.258415468595,-6358.325390985324,0.29255889838957444,3
174.106402,"Field2d",[4170.281598635998; -6358.338955167249; 0.29255889838957444],4170.281598635998,-6358.338955167249,0.29255889838957444,3
174.109019,"Field2d",[4170.270672936044; -6358.343658421235; 0.29255889838957444],4170.270672936044,-6358.343658421235,0.29255889838957444,3
174.114381,"Field2d",[4170.279401487121; -6358.348955063957; 0.29255889838957444],4170.279401487121,-6358.348955063957,0.29255889838957444,3
174.118273,"Field2d",[4170.278313825198; -6358.355236184088; 0.2925588983895745],4170.278313825198,-6358.355236184088,0.2925588983895745,3
174.120755,"Field2d",[4170.27397651009; -6358.353053571699; 0.2925588983895745],4170.27397651009,-6358.353053571699,0.2925588983895745,3
174.125457,"Field2d",[4170.277400758037; -6358.355137358484; 0.2925588983895745],4170.277400758037,-6358.355137358484,0.2925588983895745,3
174.13054,"Field2d",[4170.247011291305; -6358.3573840358495; 0.2925588983895745],4170.247011291305,-6358.3573840358495,0.2925588983895745,3
174.133538,"Field2d",[4170.273793836686; -6358.375118261551; 0.2925588983895745],4170.273793836686,-6358.375118261551,0.2925588983895745,3
174.138213,"Field2d",[4170.269721920295; -6358.379544966869; 0.2925588983895745],4170.269721920295,-6358.379544966869,0.2925588983895745,3
174.140845,"Field2d",[4170.252831998684; -6358.376510162304; 0.2925588983895745],4170.252831998684,-6358.376510162304,0.2925588983895745,3
174.145343,"Field2d",[4170.2626189679595; -6358.388001330361; 0.2925588983895745],4170.2626189679595,-6358.388001330361,0.2925588983895745,3
174.149996,"Field2d",[4170.255168611592; -6358.38980901292; 0.2925588983895745],4170.255168611592,-6358.38980901292,0.2925588983895745,3
174.152886,"Field2d",[4170.248071928765; -6358.388678472221; 0.2925588983895745],4170.248071928765,-6358.388678472221,0.2925588983895745,3
174.157017,"Field2d",[4170.257559600857; -6358.392342452286; 0.29255889838957455],4170.257559600857,-6358.392342452286,0.29255889838957455,3
174.160783,"Field2d",[4170.245512871685; -6358.390889650836; 0.29255889838957455],4170.245512871685,-6358.390889650836,0.29255889838957455,3
174.166412,"Field2d",[4170.260692840345; -6358.407889074513; 0.29255889838957455],4170.260692840345,-6358.407889074513,0.29255889838957455,3
174.169336,"Field2d",[4170.252835424053; -6358.40459157694; 0.29255889838957455],4170.252835424053,-6358.40459157694,0.29255889838957455,3
174.174126,"Field2d",[4170.239547692573; -6358.4029349058; 0.29255889838957455],4170.239547692573,-6358.4029349058,0.29255889838957455,3
174.177441,"Field2d",[4170.241407711395; -6358.4032401252725; 0.29255889838957466],4170.241407711395,-6358.4032401252725,0.29255889838957466,3
174.180956,"Field2d",[4170.261062513165; -6358.419153095086; 0.29255889838957466],4170.261062513165,-6358.419153095086,0.29255889838957466,3
174.185115,"Field2d",[4170.229669312343; -6358.4179852739135; 0.29255889838957466],4170.229669312343,-6358.4179852739135,0.29255889838957466,3
174.189811,"Field2d",[4170.243690154469; -6358.422976585725; 0.29255889838957466],4170.243690154469,-6358.422976585725,0.29255889838957466,3
174.192747,"Field2d",[4170.227867422266; -6358.422693570489; 0.29255889838957466],4170.227867422266,-6358.422693570489,0.29255889838957466,3
174.197861,"Field2d",[4170.245929166731; -6358.440150362109; 0.2925588983895747],4170.245929166731,-6358.440150362109,0.2925588983895747,3
174.201134,"Field2d",[4170.247572033478; -6358.441225999934; 0.2925588983895747],4170.247572033478,-6358.441225999934,0.2925588983895747,3
174.205782,"Field2d",[4170.224958440367; -6358.444908646712; 0.2925588983895747],4170.224958440367,-6358.444908646712,0.2925588983895747,3
174.208791,"Field2d",[4170.24225829414; -6358.454762228027; 0.2925588983895747],4170.24225829414,-6358.454762228027,0.2925588983895747,3
174.212891,"Field2d",[4170.241254784941; -6358.454223887479; 0.2925588983895747],4170.241254784941,-6358.454223887479,0.2925588983895747,3
174.217476,"Field2d",[4170.239918899329; -6358.453558984633; 0.2925588983895748],4170.239918899329,-6358.453558984633,0.2925588983895748,3
174.221682,"Field2d",[4170.217653947937; -6358.453429499413; 0.2925588983895748],4170.217653947937,-6358.453429499413,0.2925588983895748,3
174.226221,"Field2d",[4170.233953675271; -6358.459618844486; 0.2925588983895748],4170.233953675271,-6358.459618844486,0.2925588983895748,3
174.229679,"Field2d",[4170.226617024251; -6358.458060524726; 0.2925588983895748],4170.226617024251,-6358.458060524726,0.2925588983895748,3
174.233481,"Field2d",[4170.218061393377; -6358.45776994152; 0.2925588983895748],4170.218061393377,-6358.45776994152,0.2925588983895748,3
174.23732,"Field2d",[4170.225125233646; -6358.465587874728; 0.29255889838957483],4170.225125233646,-6358.465587874728,0.29255889838957483,3
174.241419,"Field2d",[4170.216946767494; -6358.464902192575; 0.29255889838957483],4170.216946767494,-6358.464902192575,0.29255889838957483,3
174.245656,"Field2d",[4170.235308832281; -6358.4753504046985; 0.29255889838957483],4170.235308832281,-6358.4753504046985,0.29255889838957483,3
174.249889,"Field2d",[4170.22009074049; -6358.477857602904; 0.29255889838957483],4170.22009074049,-6358.477857602904,0.29255889838957483,3
174.253889,"Field2d",[4170.235409598952; -6358.4887725782955; 0.29255889838957483],4170.235409598952,-6358.4887725782955,0.29255889838957483,3
174.257165,"Field2d",[4170.23005061456; -6358.48588666974; 0.2925588983895749],4170.23005061456,-6358.48588666974,0.2925588983895749,3
174.260746,"Field2d",[4170.231641341059; -6358.4868225797645; 0.2925588983895749],4170.231641341059,-6358.4868225797645,0.2925588983895749,3
174.26524,"Field2d",[4170.209075715822; -6358.485273316496; 0.2925588983895749],4170.209075715822,-6358.485273316496,0.2925588983895749,3
174.269066,"Field2d",[4170.20664148294; -6358.485227890807; 0.2925588983895749],4170.20664148294,-6358.485227890807,0.2925588983895749,3
174.27317,"Field2d",[4170.21116811818; -6358.48573690231; 0.2925588983895749],4170.21116811818,-6358.48573690231,0.2925588983895749,3
174.278562,"Field2d",[4170.214946602732; -6358.486466755668; 0.29255889838957494],4170.214946602732,-6358.486466755668,0.29255889838957494,3
174.282313,"Field2d",[4170.398575480693; -6358.303514688293; 0.29255889838957494],4170.398575480693,-6358.303514688293,0.29255889838957494,3
174.28558,"Field2d",[4170.187662715445; -6358.182604096922; 0.29255889838957494],4170.187662715445,-6358.182604096922,0.29255889838957494,3
174.290043,"Field2d",[4170.163839095177; -6358.181832962565; 0.29255889838957494],4170.163839095177,-6358.181832962565,0.29255889838957494,3
174.29306,"Field2d",[4170.1796122469195; -6358.196258958905; 0.29255889838957494],4170.1796122469195,-6358.196258958905,0.29255889838957494,3
174.297927,"Field2d",[4170.187937281255; -6358.202887836841; 0.292558898389575],4170.187937281255,-6358.202887836841,0.292558898389575,3
174.300891,"Field2d",[4170.172143873132; -6358.197493678345; 0.292558898389575],4170.172143873132,-6358.197493678345,0.292558898389575,3
174.305175,"Field2d",[4170.157463289698; -6358.197077641984; 0.292558898389575],4170.157463289698,-6358.197077641984,0.292558898389575,3
174.310089,"Field2d",[4170.141200500625; -6358.280244043677; 0.292558898389575],4170.141200500625,-6358.280244043677,0.292558898389575,3
174.313487,"Field2d",[4170.086841258302; -6358.250743842264; 0.292558898389575],4170.086841258302,-6358.250743842264,0.292558898389575,3
174.316756,"Field2d",[4170.077968607331; -6358.24793489244; 0.29255889838957505],4170.077968607331,-6358.24793489244,0.29255889838957505,3
174.321521,"Field2d",[4170.061639232013; -6358.248391603636; 0.29255889838957505],4170.061639232013,-6358.248391603636,0.29255889838957505,3
174.32538,"Field2d",[4170.088434357377; -6358.269837507551; 0.29255889838957505],4170.088434357377,-6358.269837507551,0.29255889838957505,3
174.329289,"Field2d",[4170.064423179329; -6358.265579349456; 0.29255889838957505],4170.064423179329,-6358.265579349456,0.29255889838957505,3
174.332754,"Field2d",[4170.059008267271; -6358.270997950298; 0.29255889838957505],4170.059008267271,-6358.270997950298,0.29255889838957505,3
174.337733,"Field2d",[4170.06664094596; -6358.273008368597; 0.2925588983895751],4170.06664094596,-6358.273008368597,0.2925588983895751,3
174.341711,"Field2d",[4170.056926810091; -6358.278179269367; 0.2925588983895751],4170.056926810091,-6358.278179269367,0.2925588983895751,3
174.344855,"Field2d",[4170.059649289737; -6358.278558812037; 0.2925588983895751],4170.059649289737,-6358.278558812037,0.2925588983895751,3
174.34942,"Field2d",[4170.049967467499; -6358.2791417902645; 0.2925588983895751],4170.049967467499,-6358.2791417902645,0.2925588983895751,3
174.353519,"Field2d",[4170.070850922257; -6358.297901744796; 0.2925588983895751],4170.070850922257,-6358.297901744796,0.2925588983895751,3
174.356999,"Field2d",[4170.070078436719; -6358.297514146429; 0.29255889838957516],4170.070078436719,-6358.297514146429,0.29255889838957516,3
174.360839,"Field2d",[4170.069696135527; -6358.297313071834; 0.29255889838957516],4170.069696135527,-6358.297313071834,0.29255889838957516,3
174.3658,"Field2d",[4170.075411269681; -6358.3014722660655; 0.29255889838957516],4170.075411269681,-6358.3014722660655,0.29255889838957516,3
174.370075,"Field2d",[4170.072095942457; -6358.299441991354; 0.29255889838957516],4170.072095942457,-6358.299441991354,0.29255889838957516,3
174.372949,"Field2d",[4170.074417581257; -6358.301055640256; 0.29255889838957516],4170.074417581257,-6358.301055640256,0.29255889838957516,3
174.377596,"Field2d",[4170.053786880638; -6358.302979348071; 0.2925588983895752],4170.053786880638,-6358.302979348071,0.2925588983895752,3
174.38135,"Field2d",[4170.066130005981; -6358.309542713857; 0.2925588983895752],4170.066130005981,-6358.309542713857,0.2925588983895752,3
174.385178,"Field2d",[4170.067359257886; -6358.310240858424; 0.2925588983895752],4170.067359257886,-6358.310240858424,0.2925588983895752,3
174.389275,"Field2d",[4170.06677425013; -6358.309919285221; 0.2925588983895752],4170.06677425013,-6358.309919285221,0.2925588983895752,3
174.394334,"Field2d",[4170.057480390463; -6358.307009813844; 0.2925588983895752],4170.057480390463,-6358.307009813844,0.2925588983895752,3
174.397498,"Field2d",[4170.071601443365; -6358.318274309096; 0.2925588983895753],4170.071601443365,-6358.318274309096,0.2925588983895753,3
174.401646,"Field2d",[4170.061970685625; -6358.319877453888; 0.2925588983895753],4170.061970685625,-6358.319877453888,0.2925588983895753,3
174.40581,"Field2d",[4170.049580890909; -6358.317162408807; 0.2925588983895753],4170.049580890909,-6358.317162408807,0.2925588983895753,3
174.408875,"Field2d",[4170.04710152064; -6358.316751460431; 0.2925588983895753],4170.04710152064,-6358.316751460431,0.2925588983895753,3
174.413214,"Field2d",[4170.043424753384; -6358.316424768538; 0.2925588983895753],4170.043424753384,-6358.316424768538,0.2925588983895753,3
174.417746,"Field2d",[4170.066310949435; -6358.335823135479; 0.29255889838957533],4170.066310949435,-6358.335823135479,0.29255889838957533,3
174.421562,"Field2d",[4170.063590002618; -6358.3338228091925; 0.29255889838957533],4170.063590002618,-6358.3338228091925,0.29255889838957533,3
174.426149,"Field2d",[4170.058128817796; -6358.330796350106; 0.29255889838957533],4170.058128817796,-6358.330796350106,0.29255889838957533,3
174.429038,"Field2d",[4170.0354907706105; -6358.329844807722; 0.29255889838957533],4170.0354907706105,-6358.329844807722,0.29255889838957533,3
174.433896,"Field2d",[4170.05169985663; -6358.345259976863; 0.29255889838957533],4170.05169985663,-6358.345259976863,0.29255889838957533,3
174.436826,"Field2d",[4170.048721696522; -6358.343935737543; 0.2925588983895754],4170.048721696522,-6358.343935737543,0.2925588983895754,3
174.440976,"Field2d",[4170.051604846185; -6358.345455762165; 0.2925588983895754],4170.051604846185,-6358.345455762165,0.2925588983895754,3
174.44555,"Field2d",[4170.04567824934; -6358.3432543273775; 0.2925588983895754],4170.04567824934,-6358.3432543273775,0.2925588983895754,3
174.450223,"Field2d",[4170.053481694591; -6358.347955844906; 0.2925588983895754],4170.053481694591,-6358.347955844906,0.2925588983895754,3
174.453208,"Field2d",[4170.043194690815; -6358.344543668247; 0.2925588983895754],4170.043194690815,-6358.344543668247,0.2925588983895754,3
174.457381,"Field2d",[4170.052709957237; -6358.350360315312; 0.29255889838957544],4170.052709957237,-6358.350360315312,0.29255889838957544,3
174.461263,"Field2d",[4170.023606321901; -6358.351760461834; 0.29255889838957544],4170.023606321901,-6358.351760461834,0.29255889838957544,3
174.465213,"Field2d",[4170.033195926578; -6358.353215462039; 0.29255889838957544],4170.033195926578,-6358.353215462039,0.29255889838957544,3
174.46928,"Field2d",[4170.0330405545; -6358.3531923985; 0.29255889838957544],4170.0330405545,-6358.3531923985,0.29255889838957544,3
174.474757,"Field2d",[4170.041785991655; -6358.35625853624; 0.29255889838957544],4170.041785991655,-6358.35625853624,0.29255889838957544,3
174.477622,"Field2d",[4170.045423840463; -6358.364739691227; 0.29255889838957555],4170.045423840463,-6358.364739691227,0.29255889838957555,3
174.481862,"Field2d",[4170.033852305201; -6358.362143820302; 0.29255889838957555],4170.033852305201,-6358.362143820302,0.29255889838957555,3
174.485341,"Field2d",[4170.027770982206; -6358.367316405657; 0.29255889838957555],4170.027770982206,-6358.367316405657,0.29255889838957555,3
174.489846,"Field2d",[4170.041104377659; -6358.373473763379; 0.29255889838957555],4170.041104377659,-6358.373473763379,0.29255889838957555,3
174.493159,"Field2d",[4170.035962228003; -6358.371763598349; 0.29255889838957555],4170.035962228003,-6358.371763598349,0.29255889838957555,3
174.497902,"Field2d",[4170.029098010948; -6358.376295338744; 0.29255889838957555],4170.029098010948,-6358.376295338744,0.29255889838957555,3
174.500757,"Field2d",[4170.023000092038; -6358.375710189552; 0.29255889838957555],4170.023000092038,-6358.375710189552,0.29255889838957555,3
174.506226,"Field2d",[4170.034141800088; -6358.37965627124; 0.29255889838957555],4170.034141800088,-6358.37965627124,0.29255889838957555,3
174.508829,"Field2d",[4170.045003887596; -6358.387284011796; 0.29255889838957555],4170.045003887596,-6358.387284011796,0.29255889838957555,3
174.512753,"Field2d",[4170.0144945653765; -6358.38767091182; 0.29255889838957555],4170.0144945653765,-6358.38767091182,0.29255889838957555,3
174.517402,"Field2d",[4170.017162463359; -6358.387783304141; 0.2925588983895756],4170.017162463359,-6358.387783304141,0.2925588983895756,3
174.520837,"Field2d",[4170.036800895672; -6358.398522779423; 0.2925588983895756],4170.036800895672,-6358.398522779423,0.2925588983895756,3
174.524804,"Field2d",[4170.020153381982; -6358.401586835401; 0.2925588983895756],4170.020153381982,-6358.401586835401,0.2925588983895756,3
174.529121,"Field2d",[4170.0392924229845; -6358.41744785885; 0.2925588983895756],4170.0392924229845,-6358.41744785885,0.2925588983895756,3
174.534694,"Field2d",[4170.03086004506; -6358.41289800791; 0.2925588983895756],4170.03086004506,-6358.41289800791,0.2925588983895756,3
174.537608,"Field2d",[4170.012814737533; -6358.410677562333; 0.29255889838957566],4170.012814737533,-6358.410677562333,0.29255889838957566,3
174.542291,"Field2d",[4170.012697738071; -6358.410663802136; 0.29255889838957566],4170.012697738071,-6358.410663802136,0.29255889838957566,3
174.545609,"Field2d",[4170.020099623907; -6358.412773448256; 0.29255889838957566],4170.020099623907,-6358.412773448256,0.29255889838957566,3
174.549723,"Field2d",[4170.018422260884; -6358.412358939031; 0.29255889838957566],4170.018422260884,-6358.412358939031,0.29255889838957566,3
174.554052,"Field2d",[4170.015369444552; -6358.41180748736; 0.29255889838957566],4170.015369444552,-6358.41180748736,0.29255889838957566,3
174.557611,"Field2d",[4170.016943507923; -6358.412145825152; 0.2925588983895757],4170.016943507923,-6358.412145825152,0.2925588983895757,3
174.561379,"Field2d",[4170.012089953322; -6358.41743032099; 0.2925588983895757],4170.012089953322,-6358.41743032099,0.2925588983895757,3
174.565401,"Field2d",[4170.025319931697; -6358.42389688426; 0.2925588983895757],4170.025319931697,-6358.42389688426,0.2925588983895757,3
174.568856,"Field2d",[4170.008976922467; -6358.421992563421; 0.2925588983895757],4170.008976922467,-6358.421992563421,0.2925588983895757,3
174.574251,"Field2d",[4170.0070976676725; -6358.42184682729; 0.2925588983895757],4170.0070976676725,-6358.42184682729,0.2925588983895757,3
174.577163,"Field2d",[4170.027582021515; -6358.435222057427; 0.29255889838957577],4170.027582021515,-6358.435222057427,0.29255889838957577,3
174.582251,"Field2d",[4170.017385345918; -6358.431434453041; 0.29255889838957577],4170.017385345918,-6358.431434453041,0.29255889838957577,3
174.58534,"Field2d",[4170.017861993414; -6358.431617236437; 0.29255889838957577],4170.017861993414,-6358.431617236437,0.29255889838957577,3
174.590098,"Field2d",[4170.030391879462; -6358.442220525922; 0.29255889838957577],4170.030391879462,-6358.442220525922,0.29255889838957577,3
174.594177,"Field2d",[4169.997979371789; -6358.440988618946; 0.29255889838957577],4169.997979371789,-6358.440988618946,0.29255889838957577,3
174.597776,"Field2d",[4170.001530750906; -6358.441385136267; 0.2925588983895758],4170.001530750906,-6358.441385136267,0.2925588983895758,3
174.601358,"Field2d",[4170.0048381071665; -6358.448210307027; 0.2925588983895758],4170.0048381071665,-6358.448210307027,0.2925588983895758,3
174.604856,"Field2d",[4170.019007923153; -6358.457820239311; 0.2925588983895758],4170.019007923153,-6358.457820239311,0.2925588983895758,3
174.609032,"Field2d",[4169.993467742801; -6358.456025475805; 0.2925588983895758],4169.993467742801,-6358.456025475805,0.2925588983895758,3
174.614216,"Field2d",[4170.003416903902; -6358.468591772191; 0.2925588983895758],4170.003416903902,-6358.468591772191,0.2925588983895758,3
174.617381,"Field2d",[4170.013140230622; -6358.475651995942; 0.29255889838957594],4170.013140230622,-6358.475651995942,0.29255889838957594,3
174.621016,"Field2d",[4169.996839059139; -6358.478970317446; 0.29255889838957594],4169.996839059139,-6358.478970317446,0.29255889838957594,3
174.625829,"Field2d",[4170.00601210611; -6358.484208484023; 0.29255889838957594],4170.00601210611,-6358.484208484023,0.29255889838957594,3
174.629937,"Field2d",[4170.008731057545; -6358.486005793899; 0.29255889838957594],4170.008731057545,-6358.486005793899,0.29255889838957594,3
174.632949,"Field2d",[4170.001953153902; -6358.4828869291005; 0.29255889838957594],4170.001953153902,-6358.4828869291005,0.29255889838957594,3
174.637584,"Field2d",[4170.002024394167; -6358.482919988557; 0.292558898389576],4170.002024394167,-6358.482919988557,0.292558898389576,3
174.641201,"Field2d",[4170.0094142045555; -6358.488180675164; 0.292558898389576],4170.0094142045555,-6358.488180675164,0.292558898389576,3
174.645695,"Field2d",[4169.990280096901; -6358.483955509249; 0.292558898389576],4169.990280096901,-6358.483955509249,0.292558898389576,3
174.64904,"Field2d",[4169.996014240242; -6358.48599678508; 0.292558898389576],4169.996014240242,-6358.48599678508,0.292558898389576,3
174.654171,"Field2d",[4169.985214030926; -6358.484703220604; 0.292558898389576],4169.985214030926,-6358.484703220604,0.292558898389576,3
174.658331,"Field2d",[4169.994427507697; -6358.487734621604; 0.29255889838957605],4169.994427507697,-6358.487734621604,0.29255889838957605,3
174.661919,"Field2d",[4170.003132694032; -6358.49276234815; 0.29255889838957605],4170.003132694032,-6358.49276234815,0.29255889838957605,3
174.665438,"Field2d",[4169.990400849363; -6358.489452591938; 0.29255889838957605],4169.990400849363,-6358.489452591938,0.29255889838957605,3
174.6707,"Field2d",[4170.00588972709; -6358.501326483328; 0.29255889838957605],4170.00588972709,-6358.501326483328,0.29255889838957605,3
174.673621,"Field2d",[4169.992273695224; -6358.496256254579; 0.29255889838957605],4169.992273695224,-6358.496256254579,0.29255889838957605,3
174.677239,"Field2d",[4169.9962405284805; -6358.498155576935; 0.2925588983895761],4169.9962405284805,-6358.498155576935,0.2925588983895761,3
174.681681,"Field2d",[4169.9996669229895; -6358.500153072745; 0.2925588983895761],4169.9996669229895,-6358.500153072745,0.2925588983895761,3
174.686384,"Field2d",[4170.076660451563; -6358.409119323342; 0.2925588983895761],4170.076660451563,-6358.409119323342,0.2925588983895761,3
174.689258,"Field2d",[4169.960954884784; -6358.361633278683; 0.2925588983895761],4169.960954884784,-6358.361633278683,0.2925588983895761,3
174.693309,"Field2d",[4169.951591607321; -6358.359793656052; 0.2925588983895761],4169.951591607321,-6358.359793656052,0.2925588983895761,3
174.697411,"Field2d",[4169.955001107545; -6358.360724102545; 0.29255889838957616],4169.955001107545,-6358.360724102545,0.29255889838957616,3
174.70165,"Field2d",[4169.945658833797; -6358.365773207143; 0.29255889838957616],4169.945658833797,-6358.365773207143,0.29255889838957616,3
174.704912,"Field2d",[4169.961103581932; -6358.3733421857205; 0.29255889838957616],4169.961103581932,-6358.3733421857205,0.29255889838957616,3
174.709016,"Field2d",[4169.96343603587; -6358.37464218854; 0.29255889838957616],4169.96343603587,-6358.37464218854,0.29255889838957616,3
174.713081,"Field2d",[4169.955464063475; -6358.371862350983; 0.29255889838957616],4169.955464063475,-6358.371862350983,0.29255889838957616,3
174.717318,"Field2d",[4169.94373578967; -6358.370753271099; 0.2925588983895762],4169.94373578967,-6358.370753271099,0.2925588983895762,3
174.721843,"Field2d",[4169.964533245908; -6358.385483133794; 0.2925588983895762],4169.964533245908,-6358.385483133794,0.2925588983895762,3
174.725464,"Field2d",[4169.965815697887; -6358.38645651187; 0.2925588983895762],4169.965815697887,-6358.38645651187,0.2925588983895762,3
174.73033,"Field2d",[4170.102021025428; -6358.268549182135; 0.2925588983895762],4170.102021025428,-6358.268549182135,0.2925588983895762,3
174.734023,"Field2d",[4169.914031436255; -6358.209877926521; 0.2925588983895762],4169.914031436255,-6358.209877926521,0.2925588983895762,3
174.737408,"Field2d",[4169.921572512042; -6358.2137608382955; 0.29255889838957627],4169.921572512042,-6358.2137608382955,0.29255889838957627,3
174.74118,"Field2d",[4169.910275108309; -6358.211026804965; 0.29255889838957627],4169.910275108309,-6358.211026804965,0.29255889838957627,3
174.745633,"Field2d",[4169.923457011594; -6358.219201894466; 0.29255889838957627],4169.923457011594,-6358.219201894466,0.29255889838957627,3
174.749767,"Field2d",[4169.9260147927835; -6358.221025825492; 0.29255889838957627],4169.9260147927835,-6358.221025825492,0.29255889838957627,3
174.753384,"Field2d",[4169.926458707176; -6358.22135013451; 0.29255889838957627],4169.926458707176,-6358.22135013451,0.29255889838957627,3
174.756829,"Field2d",[4169.916710670225; -6358.217081199726; 0.2925588983895763],4169.916710670225,-6358.217081199726,0.2925588983895763,3
174.760919,"Field2d",[4169.912692900174; -6358.215723359352; 0.2925588983895763],4169.912692900174,-6358.215723359352,0.2925588983895763,3
174.765997,"Field2d",[4169.9029521362245; -6358.214500973013; 0.2925588983895763],4169.9029521362245,-6358.214500973013,0.2925588983895763,3
174.768889,"Field2d",[4169.915986357776; -6358.220271617869; 0.2925588983895763],4169.915986357776,-6358.220271617869,0.2925588983895763,3
174.774065,"Field2d",[4169.922418119284; -6358.224427100013; 0.2925588983895763],4169.922418119284,-6358.224427100013,0.2925588983895763,3
174.777151,"Field2d",[4169.91750615529; -6358.228447476304; 0.2925588983895764],4169.91750615529,-6358.228447476304,0.2925588983895764,3
174.781907,"Field2d",[4169.908860096697; -6358.225703439038; 0.2925588983895764],4169.908860096697,-6358.225703439038,0.2925588983895764,3
174.785709,"Field2d",[4169.90366411762; -6358.224652105376; 0.2925588983895764],4169.90366411762,-6358.224652105376,0.2925588983895764,3
174.791002,"Field2d",[4169.919965778414; -6358.2359441092885; 0.2925588983895764],4169.919965778414,-6358.2359441092885,0.2925588983895764,3
174.793993,"Field2d",[4169.914718258799; -6358.233183080222; 0.2925588983895764],4169.914718258799,-6358.233183080222,0.2925588983895764,3
174.797818,"Field2d",[4169.9146138561; -6358.233128506097; 0.29255889838957644],4169.9146138561,-6358.233128506097,0.29255889838957644,3
174.800866,"Field2d",[4169.912621366924; -6358.232198030794; 0.29255889838957644],4169.912621366924,-6358.232198030794,0.29255889838957644,3
174.805156,"Field2d",[4169.900297799425; -6358.229951203751; 0.29255889838957644],4169.900297799425,-6358.229951203751,0.29255889838957644,3
174.808704,"Field2d",[4169.895365344779; -6358.229561850054; 0.29255889838957644],4169.895365344779,-6358.229561850054,0.29255889838957644,3
174.813098,"Field2d",[4169.90087542909; -6358.230644388067; 0.29255889838957644],4169.90087542909,-6358.230644388067,0.29255889838957644,3
174.817196,"Field2d",[4169.9025200241695; -6358.23102714987; 0.2925588983895765],4169.9025200241695,-6358.23102714987,0.2925588983895765,3
174.822611,"Field2d",[4169.903054047041; -6358.231157751038; 0.2925588983895765],4169.903054047041,-6358.231157751038,0.2925588983895765,3
174.826498,"Field2d",[4169.912850441638; -6358.2360632179525; 0.2925588983895765],4169.912850441638,-6358.2360632179525,0.2925588983895765,3
174.829379,"Field2d",[4169.893653716042; -6358.240576906237; 0.2925588983895765],4169.893653716042,-6358.240576906237,0.2925588983895765,3
174.834014,"Field2d",[4169.8880813804335; -6358.240784002274; 0.2925588983895765],4169.8880813804335,-6358.240784002274,0.2925588983895765,3
174.836862,"Field2d",[4169.895718133197; -6358.241742402321; 0.29255889838957655],4169.895718133197,-6358.241742402321,0.29255889838957655,3
174.841614,"Field2d",[4169.912400218263; -6358.251252390472; 0.29255889838957655],4169.912400218263,-6358.251252390472,0.29255889838957655,3
174.846195,"Field2d",[4169.904925314906; -6358.248482692336; 0.29255889838957655],4169.904925314906,-6358.248482692336,0.29255889838957655,3
174.849415,"Field2d",[4169.8939823085; -6358.2470646425245; 0.29255889838957655],4169.8939823085,-6358.2470646425245,0.29255889838957655,3
174.853944,"Field2d",[4169.911194961466; -6358.257378725188; 0.29255889838957655],4169.911194961466,-6358.257378725188,0.29255889838957655,3
174.856986,"Field2d",[4169.910617658338; -6358.257043513643; 0.2925588983895766],4169.910617658338,-6358.257043513643,0.2925588983895766,3
174.861838,"Field2d",[4169.909129037965; -6358.256246508239; 0.2925588983895766],4169.909129037965,-6358.256246508239,0.2925588983895766,3
174.866479,"Field2d",[4169.914154440962; -6358.259817898687; 0.2925588983895766],4169.914154440962,-6358.259817898687,0.2925588983895766,3
174.869501,"Field2d",[4169.905333889532; -6358.2558789724635; 0.2925588983895766],4169.905333889532,-6358.2558789724635,0.2925588983895766,3
174.872822,"Field2d",[4169.906989449214; -6358.256694730009; 0.2925588983895766],4169.906989449214,-6358.256694730009,0.2925588983895766,3
174.876745,"Field2d",[4169.8812164957935; -6358.2585378766535; 0.29255889838957666],4169.8812164957935,-6358.2585378766535,0.29255889838957666,3
174.880893,"Field2d",[4169.884907706361; -6358.258553600737; 0.29255889838957666],4169.884907706361,-6358.258553600737,0.29255889838957666,3
174.884745,"Field2d",[4169.886712534033; -6358.258627945586; 0.29255889838957666],4169.886712534033,-6358.258627945586,0.29255889838957666,3
174.889857,"Field2d",[4169.886202281081; -6358.258612314225; 0.29255889838957666],4169.886202281081,-6358.258612314225,0.29255889838957666,3
174.893233,"Field2d",[4169.894951078463; -6358.260514744204; 0.29255889838957666],4169.894951078463,-6358.260514744204,0.29255889838957666,3
174.897375,"Field2d",[4169.902497955113; -6358.263534453462; 0.2925588983895767],4169.902497955113,-6358.263534453462,0.2925588983895767,3
174.901511,"Field2d",[4169.905470784921; -6358.264963728858; 0.2925588983895767],4169.905470784921,-6358.264963728858,0.2925588983895767,3
174.905617,"Field2d",[4169.907609677882; -6358.266126780918; 0.2925588983895767],4169.907609677882,-6358.266126780918,0.2925588983895767,3
174.910763,"Field2d",[4170.014993858486; -6358.3891526792095; 0.2925588983895767],4170.014993858486,-6358.3891526792095,0.2925588983895767,3
174.914344,"Field2d",[4169.867698023075; -6358.314954631725; 0.2925588983895767],4169.867698023075,-6358.314954631725,0.2925588983895767,3
174.917264,"Field2d",[4169.850893344895; -6358.312941701074; 0.29255889838957677],4169.850893344895,-6358.312941701074,0.29255889838957677,3
174.92208,"Field2d",[4169.841919793789; -6358.313525510318; 0.29255889838957677],4169.841919793789,-6358.313525510318,0.29255889838957677,3
174.924856,"Field2d",[4169.868558637399; -6358.331474721421; 0.29255889838957677],4169.868558637399,-6358.331474721421,0.29255889838957677,3
174.930013,"Field2d",[4169.864921106933; -6358.329451233644; 0.29255889838957677],4169.864921106933,-6358.329451233644,0.29255889838957677,3
174.932953,"Field2d",[4169.858313109317; -6358.326942039677; 0.29255889838957677],4169.858313109317,-6358.326942039677,0.29255889838957677,3
174.93718,"Field2d",[4169.839780888836; -6358.3272515923045; 0.2925588983895768],4169.839780888836,-6358.3272515923045,0.2925588983895768,3
174.941461,"Field2d",[4169.863421803258; -6358.3418079481535; 0.2925588983895768],4169.863421803258,-6358.3418079481535,0.2925588983895768,3
174.945217,"Field2d",[4169.848046444729; -6358.338230711512; 0.2925588983895768],4169.848046444729,-6358.338230711512,0.2925588983895768,3
174.948721,"Field2d",[4169.836697887019; -6358.338274316449; 0.2925588983895768],4169.836697887019,-6358.338274316449,0.2925588983895768,3
174.952738,"Field2d",[4169.860977798216; -6358.354804784517; 0.2925588983895768],4169.860977798216,-6358.354804784517,0.2925588983895768,3
174.956862,"Field2d",[4169.836447233602; -6358.358514953495; 0.2925588983895769],4169.836447233602,-6358.358514953495,0.2925588983895769,3
174.960915,"Field2d",[4169.852053534016; -6358.366200393637; 0.2925588983895769],4169.852053534016,-6358.366200393637,0.2925588983895769,3
174.965297,"Field2d",[4169.858230695986; -6358.37052335167; 0.2925588983895769],4169.858230695986,-6358.37052335167,0.2925588983895769,3
174.969205,"Field2d",[4169.8296521326965; -6358.369805337112; 0.2925588983895769],4169.8296521326965,-6358.369805337112,0.2925588983895769,3
174.973763,"Field2d",[4169.837731009373; -6358.380225293052; 0.2925588983895769],4169.837731009373,-6358.380225293052,0.2925588983895769,3
174.976763,"Field2d",[4169.8488735513965; -6358.386686110896; 0.29255889838957694],4169.8488735513965,-6358.386686110896,0.29255889838957694,3
174.982276,"Field2d",[4169.823584862798; -6358.386559343733; 0.29255889838957694],4169.823584862798,-6358.386559343733,0.29255889838957694,3
174.985459,"Field2d",[4169.839889557229; -6358.392735575714; 0.29255889838957694],4169.839889557229,-6358.392735575714,0.29255889838957694,3
174.990176,"Field2d",[4169.826126028669; -6358.397358236718; 0.29255889838957694],4169.826126028669,-6358.397358236718,0.29255889838957694,3
174.992795,"Field2d",[4169.828105491541; -6358.397663531079; 0.29255889838957694],4169.828105491541,-6358.397663531079,0.29255889838957694,3
174.997528,"Field2d",[4169.842132261908; -6358.404645067337; 0.292558898389577],4169.842132261908,-6358.404645067337,0.292558898389577,3
175.001784,"Field2d",[4169.824670986487; -6358.4028520813345; 0.292558898389577],4169.824670986487,-6358.4028520813345,0.292558898389577,3
175.005242,"Field2d",[4169.84466620745; -6358.416465407985; 0.292558898389577],4169.84466620745,-6358.416465407985,0.292558898389577,3
175.009938,"Field2d",[4169.825003526776; -6358.4183918660465; 0.292558898389577],4169.825003526776,-6358.4183918660465,0.292558898389577,3
175.012939,"Field2d",[4169.840998087843; -6358.42977975728; 0.292558898389577],4169.840998087843,-6358.42977975728,0.292558898389577,3
175.017931,"Field2d",[4169.82431118885; -6358.425298272939; 0.29255889838957705],4169.82431118885,-6358.425298272939,0.29255889838957705,3
175.021951,"Field2d",[4169.8252905563395; -6358.434230065835; 0.29255889838957705],4169.8252905563395,-6358.434230065835,0.29255889838957705,3
175.025447,"Field2d",[4169.834385211169; -6358.440125208617; 0.29255889838957705],4169.834385211169,-6358.440125208617,0.29255889838957705,3
175.029396,"Field2d",[4169.807771748457; -6358.439370952358; 0.29255889838957705],4169.807771748457,-6358.439370952358,0.29255889838957705,3
175.033537,"Field2d",[4169.813673040828; -6358.440266356343; 0.29255889838957705],4169.813673040828,-6358.440266356343,0.29255889838957705,3
175.036707,"Field2d",[4169.831855253743; -6358.4527742424625; 0.2925588983895771],4169.831855253743,-6358.4527742424625,0.2925588983895771,3
175.041558,"Field2d",[4169.824333777542; -6358.449298620164; 0.2925588983895771],4169.824333777542,-6358.449298620164,0.2925588983895771,3
175.045696,"Field2d",[4169.829682393906; -6358.452669553728; 0.2925588983895771],4169.829682393906,-6358.452669553728,0.2925588983895771,3
175.049444,"Field2d",[4169.821207739247; -6358.44932615621; 0.2925588983895771],4169.821207739247,-6358.44932615621,0.2925588983895771,3
175.05399,"Field2d",[4169.807765612148; -6358.447989531147; 0.2925588983895771],4169.807765612148,-6358.447989531147,0.2925588983895771,3
175.057017,"Field2d",[4169.803524915553; -6358.447937575822; 0.29255889838957716],4169.803524915553,-6358.447937575822,0.29255889838957716,3
175.062095,"Field2d",[4169.828314517431; -6358.466783658924; 0.29255889838957716],4169.828314517431,-6358.466783658924,0.29255889838957716,3
175.065781,"Field2d",[4169.806718857438; -6358.462432123521; 0.29255889838957716],4169.806718857438,-6358.462432123521,0.29255889838957716,3
175.069189,"Field2d",[4169.8147211492505; -6358.465581798452; 0.29255889838957716],4169.8147211492505,-6358.465581798452,0.29255889838957716,3
175.07337,"Field2d",[4169.809777944937; -6358.472427702055; 0.29255889838957716],4169.809777944937,-6358.472427702055,0.29255889838957716,3
175.076896,"Field2d",[4169.8199440074195; -6358.478907413895; 0.2925588983895772],4169.8199440074195,-6358.478907413895,0.2925588983895772,3
175.081653,"Field2d",[4169.799619496153; -6358.475957254107; 0.2925588983895772],4169.799619496153,-6358.475957254107,0.2925588983895772,3
175.085548,"Field2d",[4169.809334703322; -6358.479574973162; 0.2925588983895772],4169.809334703322,-6358.479574973162,0.2925588983895772,3
175.088916,"Field2d",[4169.81071651541; -6358.480138251122; 0.2925588983895772],4169.81071651541,-6358.480138251122,0.2925588983895772,3
175.093103,"Field2d",[4169.821308802038; -6358.488394470262; 0.2925588983895772],4169.821308802038,-6358.488394470262,0.2925588983895772,3
175.097608,"Field2d",[4169.813969630416; -6358.484464910761; 0.29255889838957727],4169.813969630416,-6358.484464910761,0.29255889838957727,3
175.101542,"Field2d",[4169.803572548184; -6358.489293100834; 0.29255889838957727],4169.803572548184,-6358.489293100834,0.29255889838957727,3
175.105128,"Field2d",[4169.818310104003; -6358.501664279421; 0.29255889838957727],4169.818310104003,-6358.501664279421,0.29255889838957727,3
175.109601,"Field2d",[4169.798254065462; -6358.496104656439; 0.29255889838957727],4169.798254065462,-6358.496104656439,0.29255889838957727,3
175.112763,"Field2d",[4169.809957504794; -6358.503310746518; 0.29255889838957727],4169.809957504794,-6358.503310746518,0.29255889838957727,3
175.117568,"Field2d",[4169.799423739632; -6358.499769670665; 0.2925588983895773],4169.799423739632,-6358.499769670665,0.2925588983895773,3
175.121872,"Field2d",[4169.797500857752; -6358.499209897472; 0.2925588983895773],4169.797500857752,-6358.499209897472,0.2925588983895773,3
175.125081,"Field2d",[4169.804057158693; -6358.509436150702; 0.2925588983895773],4169.804057158693,-6358.509436150702,0.2925588983895773,3
175.129547,"Field2d",[4169.784249136024; -6358.507868489509; 0.2925588983895773],4169.784249136024,-6358.507868489509,0.2925588983895773,3
175.134598,"Field2d",[4169.780715077865; -6358.5078394044385; 0.2925588983895773],4169.780715077865,-6358.5078394044385,0.2925588983895773,3
175.137574,"Field2d",[4169.802440105005; -6358.520317150238; 0.2925588983895774],4169.802440105005,-6358.520317150238,0.2925588983895774,3
175.141503,"Field2d",[4169.776523994648; -6358.520562419846; 0.2925588983895774],4169.776523994648,-6358.520562419846,0.2925588983895774,3
175.145684,"Field2d",[4169.788097517493; -6358.523323861147; 0.2925588983895774],4169.788097517493,-6358.523323861147,0.2925588983895774,3
175.150285,"Field2d",[4169.7850403579905; -6358.522797042156; 0.2925588983895774],4169.7850403579905,-6358.522797042156,0.2925588983895774,3
175.153948,"Field2d",[4169.79193742415; -6358.52507872812; 0.2925588983895774],4169.79193742415,-6358.52507872812,0.2925588983895774,3
175.15815,"Field2d",[4169.778242959791; -6358.524547237307; 0.29255889838957744],4169.778242959791,-6358.524547237307,0.29255889838957744,3
175.161709,"Field2d",[4169.802083804743; -6358.542824064225; 0.29255889838957744],4169.802083804743,-6358.542824064225,0.29255889838957744,3
175.165103,"Field2d",[4169.778114321954; -6358.539029180961; 0.29255889838957744],4169.778114321954,-6358.539029180961,0.29255889838957744,3
175.170254,"Field2d",[4169.782971825364; -6358.54032116974; 0.29255889838957744],4169.782971825364,-6358.54032116974,0.29255889838957744,3
175.173918,"Field2d",[4169.79374734482; -6358.546395356417; 0.29255889838957744],4169.79374734482,-6358.546395356417,0.29255889838957744,3
175.17738,"Field2d",[4169.7852552508075; -6358.549321540289; 0.2925588983895775],4169.7852552508075,-6358.549321540289,0.2925588983895775,3
175.182064,"Field2d",[4169.776892308501; -6358.547492672302; 0.2925588983895775],4169.776892308501,-6358.547492672302,0.2925588983895775,3
175.185801,"Field2d",[4169.772507483136; -6358.552733680459; 0.2925588983895775],4169.772507483136,-6358.552733680459,0.2925588983895775,3
175.188768,"Field2d",[4169.787672386072; -6358.5616509696365; 0.2925588983895775],4169.787672386072,-6358.5616509696365,0.2925588983895775,3
175.193007,"Field2d",[4169.7882399588025; -6358.569222071354; 0.2925588983895775],4169.7882399588025,-6358.569222071354,0.2925588983895775,3
175.196767,"Field2d",[4169.775527054058; -6358.569032999491; 0.29255889838957755],4169.775527054058,-6358.569032999491,0.29255889838957755,3
175.202111,"Field2d",[4169.773485041729; -6358.570426391906; 0.29255889838957755],4169.773485041729,-6358.570426391906,0.29255889838957755,3
175.205082,"Field2d",[4169.769348122509; -6358.569492299208; 0.29255889838957755],4169.769348122509,-6358.569492299208,0.29255889838957755,3
175.209545,"Field2d",[4169.784732747434; -6358.580314377754; 0.29255889838957755],4169.784732747434,-6358.580314377754,0.29255889838957755,3
175.213551,"Field2d",[4169.775854250781; -6358.576409272787; 0.29255889838957755],4169.775854250781,-6358.576409272787,0.29255889838957755,3
175.218173,"Field2d",[4169.7778596833905; -6358.577403403883; 0.2925588983895776],4169.7778596833905,-6358.577403403883,0.2925588983895776,3
175.221182,"Field2d",[4169.768610036856; -6358.57490333266; 0.2925588983895776],4169.768610036856,-6358.57490333266,0.2925588983895776,3
175.225838,"Field2d",[4169.774654552667; -6358.577446840033; 0.2925588983895776],4169.774654552667,-6358.577446840033,0.2925588983895776,3
175.229001,"Field2d",[4169.781903368125; -6358.582146712259; 0.2925588983895776],4169.781903368125,-6358.582146712259,0.2925588983895776,3
175.233809,"Field2d",[4169.77221163831; -6358.578466561115; 0.2925588983895776],4169.77221163831,-6358.578466561115,0.2925588983895776,3
175.237309,"Field2d",[4169.766296901149; -6358.577030255957; 0.29255889838957766],4169.766296901149,-6358.577030255957,0.29255889838957766,3
175.241054,"Field2d",[4169.774862798401; -6358.5885045093655; 0.29255889838957766],4169.774862798401,-6358.5885045093655,0.29255889838957766,3
175.246337,"Field2d",[4169.767042663387; -6358.58588729578; 0.29255889838957766],4169.767042663387,-6358.58588729578,0.29255889838957766,3
175.249274,"Field2d",[4169.751256716945; -6358.585846315133; 0.29255889838957766],4169.751256716945,-6358.585846315133,0.29255889838957766,3
175.253034,"Field2d",[4169.774205195128; -6358.600103830315; 0.29255889838957766],4169.774205195128,-6358.600103830315,0.29255889838957766,3
175.257895,"Field2d",[4169.772427180515; -6358.599099685892; 0.2925588983895777],4169.772427180515,-6358.599099685892,0.2925588983895777,3
175.262735,"Field2d",[4169.769011484675; -6358.59750458532; 0.2925588983895777],4169.769011484675,-6358.59750458532,0.2925588983895777,3
175.265765,"Field2d",[4169.759865879855; -6358.595228912179; 0.2925588983895777],4169.759865879855,-6358.595228912179,0.2925588983895777,3
175.268892,"Field2d",[4169.769580211752; -6358.600122743854; 0.2925588983895777],4169.769580211752,-6358.600122743854,0.2925588983895777,3
175.272805,"Field2d",[4169.743905726723; -6358.601668416012; 0.2925588983895777],4169.743905726723,-6358.601668416012,0.2925588983895777,3
175.276877,"Field2d",[4169.749754858698; -6358.608143592111; 0.29255889838957777],4169.749754858698,-6358.608143592111,0.29255889838957777,3
175.282363,"Field2d",[4169.761973409248; -6358.618617883118; 0.29255889838957777],4169.761973409248,-6358.618617883118,0.29255889838957777,3
175.285057,"Field2d",[4169.767761838531; -6358.622605692943; 0.29255889838957777],4169.767761838531,-6358.622605692943,0.29255889838957777,3
175.289817,"Field2d",[4169.721351976233; -6358.6062580148455; 0.29255889838957777],4169.721351976233,-6358.6062580148455,0.29255889838957777,3
175.293114,"Field2d",[4169.679435697574; -6358.598619839402; 0.29255889838957777],4169.679435697574,-6358.598619839402,0.29255889838957777,3
175.296944,"Field2d",[4169.682334679294; -6358.599328817283; 0.2925588983895778],4169.682334679294,-6358.599328817283,0.2925588983895778,3
175.301826,"Field2d",[4169.68622542917; -6358.609751881473; 0.2925588983895778],4169.68622542917,-6358.609751881473,0.2925588983895778,3
175.306053,"Field2d",[4169.690910024429; -6358.61247609437; 0.2925588983895778],4169.690910024429,-6358.61247609437,0.2925588983895778,3
175.30927,"Field2d",[4169.681679030404; -6358.609372934497; 0.2925588983895778],4169.681679030404,-6358.609372934497,0.2925588983895778,3
175.313433,"Field2d",[4169.688879727075; -6358.613228351358; 0.2925588983895778],4169.688879727075,-6358.613228351358,0.2925588983895778,3
175.318021,"Field2d",[4169.679434041169; -6358.610412686301; 0.2925588983895779],4169.679434041169,-6358.610412686301,0.2925588983895779,3
175.321435,"Field2d",[4169.662114817077; -6358.611553261122; 0.2925588983895779],4169.662114817077,-6358.611553261122,0.2925588983895779,3
175.325559,"Field2d",[4169.689205693036; -6358.630577429263; 0.2925588983895779],4169.689205693036,-6358.630577429263,0.2925588983895779,3
175.33042,"Field2d",[4169.820668369925; -6358.507533640852; 0.2925588983895779],4169.820668369925,-6358.507533640852,0.2925588983895779,3
175.332924,"Field2d",[4169.61575909888; -6358.538824499606; 0.2925588983895779],4169.61575909888,-6358.538824499606,0.2925588983895779,3
175.33778,"Field2d",[4169.638529801234; -6358.555716183809; 0.29255889838957794],4169.638529801234,-6358.555716183809,0.29255889838957794,3
175.34124,"Field2d",[4169.619145783517; -6358.551173476702; 0.29255889838957794],4169.619145783517,-6358.551173476702,0.29255889838957794,3
175.344854,"Field2d",[4169.615577057539; -6358.550611422062; 0.29255889838957794],4169.615577057539,-6358.550611422062,0.29255889838957794,3
175.349717,"Field2d",[4169.613313122173; -6358.550362503806; 0.29255889838957794],4169.613313122173,-6358.550362503806,0.29255889838957794,3
175.353765,"Field2d",[4169.609230560753; -6358.550256647036; 0.29255889838957794],4169.609230560753,-6358.550256647036,0.29255889838957794,3
175.356997,"Field2d",[4169.6341867000965; -6358.570728912052; 0.292558898389578],4169.6341867000965,-6358.570728912052,0.292558898389578,3
175.36179,"Field2d",[4169.614584727036; -6358.565295289128; 0.292558898389578],4169.614584727036,-6358.565295289128,0.292558898389578,3
175.365249,"Field2d",[4169.601390480231; -6358.565292818198; 0.292558898389578],4169.601390480231,-6358.565292818198,0.292558898389578,3
175.368997,"Field2d",[4169.621296534321; -6358.5750015849435; 0.292558898389578],4169.621296534321,-6358.5750015849435,0.292558898389578,3
175.373244,"Field2d",[4169.606416121221; -6358.572817150844; 0.292558898389578],4169.606416121221,-6358.572817150844,0.292558898389578,3
175.378658,"Field2d",[4169.610692403005; -6358.573845015827; 0.29255889838957805],4169.610692403005,-6358.573845015827,0.29255889838957805,3
175.381425,"Field2d",[4169.606734288366; -6358.573231353801; 0.29255889838957805],4169.606734288366,-6358.573231353801,0.29255889838957805,3
175.384881,"Field2d",[4169.61977801012; -6358.579541859002; 0.29255889838957805],4169.61977801012,-6358.579541859002,0.29255889838957805,3
175.389826,"Field2d",[4169.611470326968; -6358.585307413353; 0.29255889838957805],4169.611470326968,-6358.585307413353,0.29255889838957805,3
175.393812,"Field2d",[4169.616772912357; -6358.587780781975; 0.29255889838957805],4169.616772912357,-6358.587780781975,0.29255889838957805,3
175.397546,"Field2d",[4169.629540532119; -6358.601324881441; 0.29255889838957816],4169.629540532119,-6358.601324881441,0.29255889838957816,3
175.401705,"Field2d",[4169.610194825758; -6358.593439807458; 0.29255889838957816],4169.610194825758,-6358.593439807458,0.29255889838957816,3
175.40475,"Field2d",[4169.60376655695; -6358.591790780654; 0.29255889838957816],4169.60376655695,-6358.591790780654,0.29255889838957816,3
175.409226,"Field2d",[4169.616353857539; -6358.599583440088; 0.29255889838957816],4169.616353857539,-6358.599583440088,0.29255889838957816,3
175.413455,"Field2d",[4169.599751526721; -6358.596098913876; 0.29255889838957816],4169.599751526721,-6358.596098913876,0.29255889838957816,3
175.417694,"Field2d",[4169.617017476717; -6358.609269050845; 0.2925588983895782],4169.617017476717,-6358.609269050845,0.2925588983895782,3
175.422094,"Field2d",[4169.594600500856; -6358.610761497607; 0.2925588983895782],4169.594600500856,-6358.610761497607,0.2925588983895782,3
175.425671,"Field2d",[4169.592374285988; -6358.610437289918; 0.2925588983895782],4169.592374285988,-6358.610437289918,0.2925588983895782,3
175.428806,"Field2d",[4169.59463957883; -6358.61092360845; 0.2925588983895782],4169.59463957883,-6358.61092360845,0.2925588983895782,3
175.432926,"Field2d",[4169.594177221703; -6358.61083263467; 0.2925588983895782],4169.594177221703,-6358.61083263467,0.2925588983895782,3
175.43735,"Field2d",[4169.611558551438; -6358.623718689867; 0.29255889838957827],4169.611558551438,-6358.623718689867,0.29255889838957827,3
175.441305,"Field2d",[4169.5908753289605; -6358.625025815077; 0.29255889838957827],4169.5908753289605,-6358.625025815077,0.29255889838957827,3
175.446002,"Field2d",[4169.595148130037; -6358.626487747085; 0.29255889838957827],4169.595148130037,-6358.626487747085,0.29255889838957827,3
175.449121,"Field2d",[4169.605674907816; -6358.633421670702; 0.29255889838957827],4169.605674907816,-6358.633421670702,0.29255889838957827,3
175.453778,"Field2d",[4169.6057076318675; -6358.633443377103; 0.29255889838957827],4169.6057076318675,-6358.633443377103,0.29255889838957827,3
175.457325,"Field2d",[4169.60464132883; -6358.632778520862; 0.2925588983895783],4169.60464132883,-6358.632778520862,0.2925588983895783,3
175.461822,"Field2d",[4169.590641043212; -6358.629042694814; 0.2925588983895783],4169.590641043212,-6358.629042694814,0.2925588983895783,3
175.465002,"Field2d",[4169.602497049176; -6358.636225006759; 0.2925588983895783],4169.602497049176,-6358.636225006759,0.2925588983895783,3
175.468831,"Field2d",[4169.602159526012; -6358.636024306255; 0.2925588983895783],4169.602159526012,-6358.636024306255,0.2925588983895783,3
175.474355,"Field2d",[4169.58582717208; -6358.632787992839; 0.2925588983895783],4169.58582717208,-6358.632787992839,0.2925588983895783,3
175.476891,"Field2d",[4169.581926332037; -6358.632336638523; 0.2925588983895783],4169.581926332037,-6358.632336638523,0.2925588983895783,3
175.481664,"Field2d",[4169.595172623414; -6358.638112547387; 0.2925588983895783],4169.595172623414,-6358.638112547387,0.2925588983895783,3
175.485085,"Field2d",[4169.5795279827125; -6358.636709124784; 0.2925588983895783],4169.5795279827125,-6358.636709124784,0.2925588983895783,3
175.489917,"Field2d",[4169.572392663006; -6358.637115728949; 0.2925588983895783],4169.572392663006,-6358.637115728949,0.2925588983895783,3
175.493307,"Field2d",[4169.579934913483; -6358.637859634767; 0.2925588983895783],4169.579934913483,-6358.637859634767,0.2925588983895783,3
175.497372,"Field2d",[4169.584065450186; -6358.638629919074; 0.2925588983895784],4169.584065450186,-6358.638629919074,0.2925588983895784,3
175.502199,"Field2d",[4169.575230045227; -6358.638599840916; 0.2925588983895784],4169.575230045227,-6358.638599840916,0.2925588983895784,3
175.505473,"Field2d",[4169.595933624933; -6358.649429338729; 0.2925588983895784],4169.595933624933,-6358.649429338729,0.2925588983895784,3
175.509061,"Field2d",[4169.60254871351; -6358.654483592313; 0.2925588983895784],4169.60254871351,-6358.654483592313,0.2925588983895784,3
175.514422,"Field2d",[4169.592384062972; -6358.64989516796; 0.2925588983895784],4169.592384062972,-6358.64989516796,0.2925588983895784,3
175.518415,"Field2d",[4169.586231061246; -6358.65393544607; 0.2925588983895785],4169.586231061246,-6358.65393544607,0.2925588983895785,3
175.522107,"Field2d",[4169.597769176193; -6358.662765839995; 0.2925588983895785],4169.597769176193,-6358.662765839995,0.2925588983895785,3
175.52572,"Field2d",[4169.589329878889; -6358.664899912913; 0.2925588983895785],4169.589329878889,-6358.664899912913,0.2925588983895785,3
175.529222,"Field2d",[4169.590519191044; -6358.665588957525; 0.2925588983895785],4169.590519191044,-6358.665588957525,0.2925588983895785,3
175.533079,"Field2d",[4169.590141024861; -6358.6653802097635; 0.2925588983895785],4169.590141024861,-6358.6653802097635,0.2925588983895785,3
175.537761,"Field2d",[4169.570974958232; -6358.6690658443; 0.29255889838957855],4169.570974958232,-6358.6690658443,0.29255889838957855,3
175.541968,"Field2d",[4169.57604482339; -6358.670321405308; 0.29255889838957855],4169.57604482339,-6358.670321405308,0.29255889838957855,3
175.544815,"Field2d",[4169.584885200412; -6358.6744065643825; 0.29255889838957855],4169.584885200412,-6358.6744065643825,0.29255889838957855,3
175.549455,"Field2d",[4169.576089639878; -6358.672187952952; 0.29255889838957855],4169.576089639878,-6358.672187952952,0.29255889838957855,3
175.554552,"Field2d",[4169.574129222975; -6358.671778659264; 0.29255889838957855],4169.574129222975,-6358.671778659264,0.29255889838957855,3
175.557383,"Field2d",[4169.5873657520815; -6358.679324287312; 0.2925588983895786],4169.5873657520815,-6358.679324287312,0.2925588983895786,3
175.561252,"Field2d",[4169.58967339451; -6358.680817845251; 0.2925588983895786],4169.58967339451,-6358.680817845251,0.2925588983895786,3
175.565068,"Field2d",[4169.585671839255; -6358.67872479329; 0.2925588983895786],4169.585671839255,-6358.67872479329,0.2925588983895786,3
175.569569,"Field2d",[4169.568290866897; -6358.676572092285; 0.2925588983895786],4169.568290866897,-6358.676572092285,0.2925588983895786,3
175.574126,"Field2d",[4169.5581570564145; -6358.6774361261905; 0.2925588983895786],4169.5581570564145,-6358.6774361261905,0.2925588983895786,3
175.57764,"Field2d",[4169.58630571343; -6358.697817673615; 0.29255889838957866],4169.58630571343,-6358.697817673615,0.29255889838957866,3
175.582519,"Field2d",[4169.654476916943; -6358.701099527686; 0.29255889838957866],4169.654476916943,-6358.701099527686,0.29255889838957866,3
175.585969,"Field2d",[4169.561355867172; -6358.691480465225; 0.29255889838957866],4169.561355867172,-6358.691480465225,0.29255889838957866,3
175.58918,"Field2d",[4169.558946572079; -6358.697213501033; 0.29255889838957866],4169.558946572079,-6358.697213501033,0.29255889838957866,3
175.593087,"Field2d",[4169.5569842282675; -6358.6971442939; 0.29255889838957866],4169.5569842282675,-6358.6971442939,0.29255889838957866,3
175.598178,"Field2d",[4169.581566445022; -6358.718425832676; 0.2925588983895787],4169.581566445022,-6358.718425832676,0.2925588983895787,3
175.60116,"Field2d",[4169.572666656965; -6358.713502956519; 0.2925588983895787],4169.572666656965,-6358.713502956519,0.2925588983895787,3
175.605848,"Field2d",[4169.554086060359; -6358.7169413687825; 0.2925588983895787],4169.554086060359,-6358.7169413687825,0.2925588983895787,3
175.609094,"Field2d",[4169.5670737515975; -6358.723004173414; 0.2925588983895787],4169.5670737515975,-6358.723004173414,0.2925588983895787,3
175.612774,"Field2d",[4169.543348435902; -6358.724241084576; 0.2925588983895787],4169.543348435902,-6358.724241084576,0.2925588983895787,3
175.616959,"Field2d",[4169.5598791883585; -6358.729401493451; 0.29255889838957877],4169.5598791883585,-6358.729401493451,0.29255889838957877,3
175.620986,"Field2d",[4169.543164149208; -6358.730070998714; 0.29255889838957877],4169.543164149208,-6358.730070998714,0.29255889838957877,3
175.625963,"Field2d",[4169.562049467341; -6358.737521616589; 0.29255889838957877],4169.562049467341,-6358.737521616589,0.29255889838957877,3
175.629749,"Field2d",[4169.5506565210035; -6358.735914696374; 0.29255889838957877],4169.5506565210035,-6358.735914696374,0.29255889838957877,3
175.633849,"Field2d",[4169.551161232043; -6358.735991308199; 0.29255889838957877],4169.551161232043,-6358.735991308199,0.29255889838957877,3
175.636793,"Field2d",[4169.539085366435; -6358.737177767769; 0.2925588983895788],4169.539085366435,-6358.737177767769,0.2925588983895788,3
175.641234,"Field2d",[4169.548812112245; -6358.738176594134; 0.2925588983895788],4169.548812112245,-6358.738176594134,0.2925588983895788,3
175.645095,"Field2d",[4169.55218526831; -6358.7449667504225; 0.2925588983895788],4169.55218526831,-6358.7449667504225,0.2925588983895788,3
175.649216,"Field2d",[4169.553920860392; -6358.745467658946; 0.2925588983895788],4169.553920860392,-6358.745467658946,0.2925588983895788,3
175.653396,"Field2d",[4169.563371759786; -6358.750527921376; 0.2925588983895788],4169.563371759786,-6358.750527921376,0.2925588983895788,3
175.657642,"Field2d",[4169.546012343953; -6358.748207448769; 0.2925588983895789],4169.546012343953,-6358.748207448769,0.2925588983895789,3
175.660906,"Field2d",[4169.538357154246; -6358.748390813436; 0.2925588983895789],4169.538357154246,-6358.748390813436,0.2925588983895789,3
175.665125,"Field2d",[4169.554276428633; -6358.7536570273305; 0.2925588983895789],4169.554276428633,-6358.7536570273305,0.2925588983895789,3
175.670701,"Field2d",[4169.545685070355; -6358.752431112216; 0.2925588983895789],4169.545685070355,-6358.752431112216,0.2925588983895789,3
175.673783,"Field2d",[4169.548949490272; -6358.753127322905; 0.2925588983895789],4169.548949490272,-6358.753127322905,0.2925588983895789,3
175.678625,"Field2d",[4169.544425346416; -6358.752596726514; 0.29255889838957894],4169.544425346416,-6358.752596726514,0.29255889838957894,3
175.682202,"Field2d",[4169.591396320435; -6358.580911553647; 0.29255889838957894],4169.591396320435,-6358.580911553647,0.29255889838957894,3
175.68528,"Field2d",[4169.416808100547; -6358.556568269114; 0.29255889838957894],4169.416808100547,-6358.556568269114,0.29255889838957894,3
175.690359,"Field2d",[4169.438079930004; -6358.575014027426; 0.29255889838957894],4169.438079930004,-6358.575014027426,0.29255889838957894,3
175.693513,"Field2d",[4169.416383383318; -6358.569355282576; 0.29255889838957894],4169.416383383318,-6358.569355282576,0.29255889838957894,3
175.697237,"Field2d",[4169.410746479362; -6358.574343608631; 0.292558898389579],4169.410746479362,-6358.574343608631,0.292558898389579,3
175.700725,"Field2d",[4169.422335622087; -6358.5798735544; 0.292558898389579],4169.422335622087,-6358.5798735544,0.292558898389579,3
175.705834,"Field2d",[4169.4110771400065; -6358.577501213943; 0.292558898389579],4169.4110771400065,-6358.577501213943,0.292558898389579,3
175.708884,"Field2d",[4169.414251547924; -6358.578397691278; 0.292558898389579],4169.414251547924,-6358.578397691278,0.292558898389579,3
175.713778,"Field2d",[4169.4189577316765; -6358.580271914441; 0.292558898389579],4169.4189577316765,-6358.580271914441,0.292558898389579,3
175.716822,"Field2d",[4169.420645335801; -6358.581019128057; 0.29255889838957905],4169.420645335801,-6358.581019128057,0.29255889838957905,3
175.72169,"Field2d",[4169.415903047756; -6358.579475734971; 0.29255889838957905],4169.415903047756,-6358.579475734971,0.29255889838957905,3
175.725271,"Field2d",[4169.4148122228635; -6358.579148710205; 0.29255889838957905],4169.4148122228635,-6358.579148710205,0.29255889838957905,3
175.728908,"Field2d",[4169.422807145275; -6358.583265343865; 0.29255889838957905],4169.422807145275,-6358.583265343865,0.29255889838957905,3
175.733528,"Field2d",[4169.423636559427; -6358.583712870149; 0.29255889838957905],4169.423636559427,-6358.583712870149,0.29255889838957905,3
175.737799,"Field2d",[4169.411057970912; -6358.580765060115; 0.2925588983895791],4169.411057970912,-6358.580765060115,0.2925588983895791,3
175.741252,"Field2d",[4169.395226664094; -6358.582281885614; 0.2925588983895791],4169.395226664094,-6358.582281885614,0.2925588983895791,3
175.746658,"Field2d",[4169.4181758864415; -6358.60337606885; 0.2925588983895791],4169.4181758864415,-6358.60337606885,0.2925588983895791,3
175.74965,"Field2d",[4169.41498499199; -6358.601767351222; 0.2925588983895791],4169.41498499199,-6358.601767351222,0.2925588983895791,3
175.753075,"Field2d",[4169.406627915586; -6358.607338588397; 0.2925588983895791],4169.406627915586,-6358.607338588397,0.2925588983895791,3
175.756815,"Field2d",[4169.414137816382; -6358.611609011195; 0.29255889838957916],4169.414137816382,-6358.611609011195,0.29255889838957916,3
175.761939,"Field2d",[4169.405746362436; -6358.608720441563; 0.29255889838957916],4169.405746362436,-6358.608720441563,0.29255889838957916,3
175.765331,"Field2d",[4169.393110080793; -6358.61353981238; 0.29255889838957916],4169.393110080793,-6358.61353981238,0.29255889838957916,3
175.76879,"Field2d",[4169.400445806576; -6358.615444579975; 0.29255889838957916],4169.400445806576,-6358.615444579975,0.29255889838957916,3
175.773644,"Field2d",[4169.397279410096; -6358.614859322689; 0.29255889838957916],4169.397279410096,-6358.614859322689,0.29255889838957916,3
175.777236,"Field2d",[4169.405399979865; -6358.617920474281; 0.2925588983895792],4169.405399979865,-6358.617920474281,0.2925588983895792,3
175.781033,"Field2d",[4169.391738833166; -6358.616827982653; 0.2925588983895792],4169.391738833166,-6358.616827982653,0.2925588983895792,3
175.785648,"Field2d",[4169.3947318027; -6358.623386306593; 0.2925588983895792],4169.3947318027,-6358.623386306593,0.2925588983895792,3
175.790272,"Field2d",[4169.391929102932; -6358.623013182082; 0.2925588983895792],4169.391929102932,-6358.623013182082,0.2925588983895792,3
175.794361,"Field2d",[4169.394814798561; -6358.623601959909; 0.2925588983895792],4169.394814798561,-6358.623601959909,0.2925588983895792,3
175.796696,"Field2d",[4169.403549525935; -6358.6272443528005; 0.29255889838957927],4169.403549525935,-6358.6272443528005,0.29255889838957927,3
175.800909,"Field2d",[4169.396565913574; -6358.633536903563; 0.29255889838957927],4169.396565913574,-6358.633536903563,0.29255889838957927,3
175.804965,"Field2d",[4169.407312597032; -6358.640049455993; 0.29255889838957927],4169.407312597032,-6358.640049455993,0.29255889838957927,3
175.809512,"Field2d",[4169.395819471217; -6358.636542767387; 0.29255889838957927],4169.395819471217,-6358.636542767387,0.29255889838957927,3
175.813043,"Field2d",[4169.391161588618; -6358.635604176634; 0.29255889838957927],4169.391161588618,-6358.635604176634,0.29255889838957927,3
175.817608,"Field2d",[4169.383945497164; -6358.635236886496; 0.2925588983895793],4169.383945497164,-6358.635236886496,0.2925588983895793,3
175.821118,"Field2d",[4169.40633770933; -6358.650907609358; 0.2925588983895793],4169.40633770933,-6358.650907609358,0.2925588983895793,3
175.826736,"Field2d",[4169.396861020269; -6358.646902270215; 0.2925588983895793],4169.396861020269,-6358.646902270215,0.2925588983895793,3
175.829405,"Field2d",[4169.3841806465525; -6358.645144822443; 0.2925588983895793],4169.3841806465525,-6358.645144822443,0.2925588983895793,3
175.833994,"Field2d",[4169.3798269349045; -6358.644933754225; 0.2925588983895793],4169.3798269349045,-6358.644933754225,0.2925588983895793,3
175.837093,"Field2d",[4169.388613762595; -6358.647022977166; 0.2925588983895794],4169.388613762595,-6358.647022977166,0.2925588983895794,3
175.841435,"Field2d",[4169.38295860091; -6358.646359447632; 0.2925588983895794],4169.38295860091,-6358.646359447632,0.2925588983895794,3
175.845426,"Field2d",[4169.396967578286; -6358.65283337706; 0.2925588983895794],4169.396967578286,-6358.65283337706,0.2925588983895794,3
175.849888,"Field2d",[4169.383704588028; -6358.650722661119; 0.2925588983895794],4169.383704588028,-6358.650722661119,0.2925588983895794,3
175.853057,"Field2d",[4169.396662697138; -6358.657029921032; 0.2925588983895794],4169.396662697138,-6358.657029921032,0.2925588983895794,3
175.856834,"Field2d",[4169.3902400839315; -6358.654939615676; 0.29255889838957944],4169.3902400839315,-6358.654939615676,0.29255889838957944,3
175.862406,"Field2d",[4169.381359073384; -6358.659477185785; 0.29255889838957944],4169.381359073384,-6358.659477185785,0.29255889838957944,3
175.865443,"Field2d",[4169.393162586516; -6358.670337294244; 0.29255889838957944],4169.393162586516,-6358.670337294244,0.29255889838957944,3
175.869971,"Field2d",[4169.388718197425; -6358.668548392329; 0.29255889838957944],4169.388718197425,-6358.668548392329,0.29255889838957944,3
175.874726,"Field2d",[4169.37823250478; -6358.666732437606; 0.29255889838957944],4169.37823250478,-6358.666732437606,0.29255889838957944,3
175.87718,"Field2d",[4169.388482959712; -6358.678537575519; 0.2925588983895795],4169.388482959712,-6358.678537575519,0.2925588983895795,3
175.882201,"Field2d",[4169.386427086146; -6358.68195283253; 0.2925588983895795],4169.386427086146,-6358.68195283253,0.2925588983895795,3
175.885811,"Field2d",[4169.3806520544795; -6358.680030013071; 0.2925588983895795],4169.3806520544795,-6358.680030013071,0.2925588983895795,3
175.88994,"Field2d",[4169.386327748412; -6358.6828152222715; 0.2925588983895795],4169.386327748412,-6358.6828152222715,0.2925588983895795,3
175.894767,"Field2d",[4169.374009353992; -6358.68033346505; 0.2925588983895795],4169.374009353992,-6358.68033346505,0.2925588983895795,3
175.896762,"Field2d",[4169.378989786637; -6358.681905808976; 0.29255889838957955],4169.378989786637,-6358.681905808976,0.29255889838957955,3
175.901408,"Field2d",[4169.378123531664; -6358.68165021129; 0.29255889838957955],4169.378123531664,-6358.68165021129,0.29255889838957955,3
175.90631,"Field2d",[4169.382457911078; -6358.683396559517; 0.29255889838957955],4169.382457911078,-6358.683396559517,0.29255889838957955,3
175.909233,"Field2d",[4169.3611657631245; -6358.68454095943; 0.29255889838957955],4169.3611657631245,-6358.68454095943,0.29255889838957955,3
175.913028,"Field2d",[4169.3875656118225; -6358.702701800422; 0.29255889838957955],4169.3875656118225,-6358.702701800422,0.29255889838957955,3
175.916788,"Field2d",[4169.381526248757; -6358.699677659035; 0.2925588983895796],4169.381526248757,-6358.699677659035,0.2925588983895796,3
175.921471,"Field2d",[4169.380782700771; -6358.69932105252; 0.2925588983895796],4169.380782700771,-6358.69932105252,0.2925588983895796,3
175.92515,"Field2d",[4169.38809543373; -6358.704688287718; 0.2925588983895796],4169.38809543373,-6358.704688287718,0.2925588983895796,3
175.929177,"Field2d",[4169.3882218394565; -6358.704781529503; 0.2925588983895796],4169.3882218394565,-6358.704781529503,0.2925588983895796,3
175.933696,"Field2d",[4169.371087229376; -6358.700002112993; 0.2925588983895796],4169.371087229376,-6358.700002112993,0.2925588983895796,3
175.937072,"Field2d",[4169.383849502315; -6358.708467689744; 0.29255889838957966],4169.383849502315,-6358.708467689744,0.29255889838957966,3
175.941569,"Field2d",[4169.364130168266; -6358.704970702767; 0.29255889838957966],4169.364130168266,-6358.704970702767,0.29255889838957966,3
175.94532,"Field2d",[4169.3816467948045; -6358.717334736545; 0.29255889838957966],4169.3816467948045,-6358.717334736545,0.29255889838957966,3
175.949291,"Field2d",[4169.377360564542; -6358.721581225439; 0.29255889838957966],4169.377360564542,-6358.721581225439,0.29255889838957966,3
175.953917,"Field2d",[4169.3637221201225; -6358.717861151706; 0.29255889838957966],4169.3637221201225,-6358.717861151706,0.29255889838957966,3
175.957374,"Field2d",[4169.376878799146; -6358.726725988537; 0.29255889838957977],4169.376878799146,-6358.726725988537,0.29255889838957977,3
175.96197,"Field2d",[4169.371900025738; -6358.730590192863; 0.29255889838957977],4169.371900025738,-6358.730590192863,0.29255889838957977,3
175.965113,"Field2d",[4169.35549389434; -6358.727751454524; 0.29255889838957977],4169.35549389434,-6358.727751454524,0.29255889838957977,3
175.970251,"Field2d",[4169.3546791857425; -6358.72762384578; 0.29255889838957977],4169.3546791857425,-6358.72762384578,0.29255889838957977,3
175.972941,"Field2d",[4169.373275544453; -6358.741043622234; 0.29255889838957977],4169.373275544453,-6358.741043622234,0.29255889838957977,3
175.976969,"Field2d",[4169.361105715186; -6358.736478596594; 0.2925588983895798],4169.361105715186,-6358.736478596594,0.2925588983895798,3
175.981727,"Field2d",[4169.368744711497; -6358.741072554615; 0.2925588983895798],4169.368744711497,-6358.741072554615,0.2925588983895798,3
175.985247,"Field2d",[4169.355299274523; -6358.737542835137; 0.2925588983895798],4169.355299274523,-6358.737542835137,0.2925588983895798,3
175.990472,"Field2d",[4169.374804652266; -6358.761967993932; 0.2925588983895798],4169.374804652266,-6358.761967993932,0.2925588983895798,3
175.993851,"Field2d",[4169.348302766566; -6358.753058922097; 0.2925588983895798],4169.348302766566,-6358.753058922097,0.2925588983895798,3
175.997367,"Field2d",[4169.34146693647; -6358.751801316766; 0.2925588983895799],4169.34146693647,-6358.751801316766,0.2925588983895799,3
176.001127,"Field2d",[4169.337051481739; -6358.7571830250745; 0.2925588983895799],4169.337051481739,-6358.7571830250745,0.2925588983895799,3
176.005717,"Field2d",[4169.355263941234; -6358.768937432389; 0.2925588983895799],4169.355263941234,-6358.768937432389,0.2925588983895799,3
176.010174,"Field2d",[4169.360688620965; -6358.715467775343; 0.2925588983895799],4169.360688620965,-6358.715467775343,0.2925588983895799,3
176.014115,"Field2d",[4169.307262926886; -6358.701383111254; 0.2925588983895799],4169.307262926886,-6358.701383111254,0.2925588983895799,3
176.017404,"Field2d",[4169.313909175879; -6358.704217539347; 0.29255889838957994],4169.313909175879,-6358.704217539347,0.29255889838957994,3
176.020926,"Field2d",[4169.307897008379; -6358.708412865667; 0.29255889838957994],4169.307897008379,-6358.708412865667,0.29255889838957994,3
176.025835,"Field2d",[4169.302883920765; -6358.707258710708; 0.29255889838957994],4169.302883920765,-6358.707258710708,0.29255889838957994,3
176.030006,"Field2d",[4169.316064120167; -6358.715286623771; 0.29255889838957994],4169.316064120167,-6358.715286623771,0.29255889838957994,3
176.034022,"Field2d",[4169.302801954062; -6358.711679245825; 0.29255889838957994],4169.302801954062,-6358.711679245825,0.29255889838957994,3
176.036979,"Field2d",[4169.291855296763; -6358.71122797695; 0.29255889838958],4169.291855296763,-6358.71122797695,0.29255889838958,3
176.042059,"Field2d",[4169.314824511153; -6358.727579346588; 0.29255889838958],4169.314824511153,-6358.727579346588,0.29255889838958,3
176.04512,"Field2d",[4169.313449335207; -6358.726668837313; 0.29255889838958],4169.313449335207,-6358.726668837313,0.29255889838958,3
176.049738,"Field2d",[4169.313936462534; -6358.726999991049; 0.29255889838958],4169.313936462534,-6358.726999991049,0.29255889838958,3
176.054184,"Field2d",[4169.289052702832; -6358.724868795981; 0.29255889838958],4169.289052702832,-6358.724868795981,0.29255889838958,3
176.056887,"Field2d",[4169.295475535518; -6358.735134214145; 0.29255889838958005],4169.295475535518,-6358.735134214145,0.29255889838958005,3
176.061643,"Field2d",[4169.293487299302; -6358.734667736117; 0.29255889838958005],4169.293487299302,-6358.734667736117,0.29255889838958005,3
176.065511,"Field2d",[4169.29574195211; -6358.735351720965; 0.29255889838958005],4169.29574195211,-6358.735351720965,0.29255889838958005,3
176.0701,"Field2d",[4169.286047341307; -6358.734427974597; 0.29255889838958005],4169.286047341307,-6358.734427974597,0.29255889838958005,3
176.073634,"Field2d",[4169.285617010287; -6358.734390547903; 0.29255889838958005],4169.285617010287,-6358.734390547903,0.29255889838958005,3
176.077144,"Field2d",[4169.286568320098; -6358.740467142274; 0.2925588983895801],4169.286568320098,-6358.740467142274,0.2925588983895801,3
176.081885,"Field2d",[4169.292595553515; -6358.742241738522; 0.2925588983895801],4169.292595553515,-6358.742241738522,0.2925588983895801,3
176.085064,"Field2d",[4169.303317453858; -6358.748643052699; 0.2925588983895801],4169.303317453858,-6358.748643052699,0.2925588983895801,3
176.090072,"Field2d",[4169.289983117669; -6358.745153831484; 0.2925588983895801],4169.289983117669,-6358.745153831484,0.2925588983895801,3
176.093037,"Field2d",[4169.279230302973; -6358.74477114757; 0.2925588983895801],4169.279230302973,-6358.74477114757,0.2925588983895801,3
176.097926,"Field2d",[4169.2830148062885; -6358.745202968559; 0.29255889838958016],4169.2830148062885,-6358.745202968559,0.29255889838958016,3
176.10205,"Field2d",[4169.284414101945; -6358.745404040043; 0.29255889838958016],4169.284414101945,-6358.745404040043,0.29255889838958016,3
176.104731,"Field2d",[4169.303029881706; -6358.758320619596; 0.29255889838958016],4169.303029881706,-6358.758320619596,0.29255889838958016,3
176.110006,"Field2d",[4169.281847564188; -6358.75475721174; 0.29255889838958016],4169.281847564188,-6358.75475721174,0.29255889838958016,3
176.113522,"Field2d",[4169.272856423858; -6358.75491469148; 0.29255889838958016],4169.272856423858,-6358.75491469148,0.29255889838958016,3
176.117478,"Field2d",[4169.29215902586; -6358.763404829241; 0.2925588983895802],4169.29215902586,-6358.763404829241,0.2925588983895802,3
176.121157,"Field2d",[4169.283988848763; -6358.769412147541; 0.2925588983895802],4169.283988848763,-6358.769412147541,0.2925588983895802,3
176.124876,"Field2d",[4169.294384176826; -6358.775743962076; 0.2925588983895802],4169.294384176826,-6358.775743962076,0.2925588983895802,3
176.12921,"Field2d",[4169.280132993759; -6358.772194693957; 0.2925588983895802],4169.280132993759,-6358.772194693957,0.2925588983895802,3
176.133219,"Field2d",[4169.263482073625; -6358.773803530108; 0.2925588983895802],4169.263482073625,-6358.773803530108,0.2925588983895802,3
176.137995,"Field2d",[4169.2887883232725; -6358.787353179526; 0.29255889838958027],4169.2887883232725,-6358.787353179526,0.29255889838958027,3
176.141619,"Field2d",[4169.275965939477; -6358.792476895864; 0.29255889838958027],4169.275965939477,-6358.792476895864,0.29255889838958027,3
176.145992,"Field2d",[4169.289351419254; -6358.800992360631; 0.29255889838958027],4169.289351419254,-6358.800992360631,0.29255889838958027,3
176.149006,"Field2d",[4169.284594116976; -6358.798653250889; 0.29255889838958027],4169.284594116976,-6358.798653250889,0.29255889838958027,3
176.152937,"Field2d",[4169.268328912708; -6358.802379087079; 0.29255889838958027],4169.268328912708,-6358.802379087079,0.29255889838958027,3
176.157903,"Field2d",[4169.2769376445385; -6358.805360489517; 0.2925588983895803],4169.2769376445385,-6358.805360489517,0.2925588983895803,3
176.160831,"Field2d",[4169.287311068639; -6358.812241503626; 0.2925588983895803],4169.287311068639,-6358.812241503626,0.2925588983895803,3
176.165495,"Field2d",[4169.256822786385; -6358.813437862356; 0.2925588983895803],4169.256822786385,-6358.813437862356,0.2925588983895803,3
176.168842,"Field2d",[4169.2605115954475; -6358.813572177829; 0.2925588983895803],4169.2605115954475,-6358.813572177829,0.2925588983895803,3
176.174091,"Field2d",[4169.276552708491; -6358.820200852321; 0.2925588983895803],4169.276552708491,-6358.820200852321,0.2925588983895803,3
176.176763,"Field2d",[4169.261766392875; -6358.818898581822; 0.2925588983895804],4169.261766392875,-6358.818898581822,0.2925588983895804,3
176.181393,"Field2d",[4169.258036115462; -6358.818855943609; 0.2925588983895804],4169.258036115462,-6358.818855943609,0.2925588983895804,3
176.18571,"Field2d",[4169.268429012455; -6358.8306148398715; 0.2925588983895804],4169.268429012455,-6358.8306148398715,0.2925588983895804,3
176.188807,"Field2d",[4169.255166821728; -6358.830084196705; 0.2925588983895804],4169.255166821728,-6358.830084196705,0.2925588983895804,3
176.192747,"Field2d",[4169.268804040153; -6358.834864759665; 0.2925588983895804],4169.268804040153,-6358.834864759665,0.2925588983895804,3
176.197889,"Field2d",[4169.274351798855; -6358.837642806482; 0.29255889838958044],4169.274351798855,-6358.837642806482,0.29255889838958044,3
176.200877,"Field2d",[4169.265231954009; -6358.835114744983; 0.29255889838958044],4169.265231954009,-6358.835114744983,0.29255889838958044,3
176.205069,"Field2d",[4169.272695292122; -6358.8386221581695; 0.29255889838958044],4169.272695292122,-6358.8386221581695,0.29255889838958044,3
176.209283,"Field2d",[4169.27534730015; -6358.847268451866; 0.29255889838958044],4169.27534730015,-6358.847268451866,0.29255889838958044,3
176.21281,"Field2d",[4169.279229920106; -6358.850335515889; 0.29255889838958044],4169.279229920106,-6358.850335515889,0.29255889838958044,3
176.218043,"Field2d",[4169.260119937407; -6358.85084907974; 0.2925588983895805],4169.260119937407,-6358.85084907974,0.2925588983895805,3
176.221991,"Field2d",[4169.266992761071; -6358.8542257537865; 0.2925588983895805],4169.266992761071,-6358.8542257537865,0.2925588983895805,3
176.224801,"Field2d",[4169.269758609068; -6358.8557965241425; 0.2925588983895805],4169.269758609068,-6358.8557965241425,0.2925588983895805,3
176.230028,"Field2d",[4169.275798316299; -6358.860630412456; 0.2925588983895805],4169.275798316299,-6358.860630412456,0.2925588983895805,3
176.23385,"Field2d",[4169.2685478673275; -6358.8566200048745; 0.2925588983895805],4169.2685478673275,-6358.8566200048745,0.2925588983895805,3
176.2372,"Field2d",[4169.250485902713; -6358.854220338946; 0.29255889838958055],4169.250485902713,-6358.854220338946,0.29255889838958055,3
176.240988,"Field2d",[4169.271450946181; -6358.8714469378565; 0.29255889838958055],4169.271450946181,-6358.8714469378565,0.29255889838958055,3
176.245658,"Field2d",[4169.264459526941; -6358.873928119541; 0.29255889838958055],4169.264459526941,-6358.873928119541,0.29255889838958055,3
176.249692,"Field2d",[4169.241905577469; -6358.875982740849; 0.29255889838958055],4169.241905577469,-6358.875982740849,0.29255889838958055,3
176.253544,"Field2d",[4169.242453364202; -6358.876043104527; 0.29255889838958055],4169.242453364202,-6358.876043104527,0.29255889838958055,3
176.257988,"Field2d",[4169.245621106875; -6358.8766220571215; 0.2925588983895806],4169.245621106875,-6358.8766220571215,0.2925588983895806,3
176.260988,"Field2d",[4169.23749256716; -6358.8765878162985; 0.2925588983895806],4169.23749256716,-6358.8765878162985,0.2925588983895806,3
176.266194,"Field2d",[4169.2463631986075; -6358.878286387687; 0.2925588983895806],4169.2463631986075,-6358.878286387687,0.2925588983895806,3
176.269141,"Field2d",[4169.248336464909; -6358.887216829675; 0.2925588983895806],4169.248336464909,-6358.887216829675,0.2925588983895806,3
176.273024,"Field2d",[4169.243879454962; -6358.888344357984; 0.2925588983895806],4169.243879454962,-6358.888344357984,0.2925588983895806,3
176.277086,"Field2d",[4169.246961622735; -6358.893512272112; 0.29255889838958066],4169.246961622735,-6358.893512272112,0.29255889838958066,3
176.282685,"Field2d",[4169.247357031166; -6358.893692872548; 0.29255889838958066],4169.247357031166,-6358.893692872548,0.29255889838958066,3
176.28612,"Field2d",[4169.235171185851; -6358.892885714161; 0.29255889838958066],4169.235171185851,-6358.892885714161,0.29255889838958066,3
176.289076,"Field2d",[4169.2543182629925; -6358.903780567361; 0.29255889838958066],4169.2543182629925,-6358.903780567361,0.29255889838958066,3
176.293224,"Field2d",[4169.227011885942; -6358.904940087586; 0.29255889838958066],4169.227011885942,-6358.904940087586,0.29255889838958066,3
176.297419,"Field2d",[4169.241524431941; -6358.908887784042; 0.2925588983895807],4169.241524431941,-6358.908887784042,0.2925588983895807,3
176.302443,"Field2d",[4169.255203938725; -6358.918379381607; 0.2925588983895807],4169.255203938725,-6358.918379381607,0.2925588983895807,3
176.306004,"Field2d",[4169.249139224417; -6358.915318281207; 0.2925588983895807],4169.249139224417,-6358.915318281207,0.2925588983895807,3
176.309701,"Field2d",[4169.248340762729; -6358.92433075461; 0.2925588983895807],4169.248340762729,-6358.92433075461,0.2925588983895807,3
176.314143,"Field2d",[4169.229930234622; -6358.921100252321; 0.2925588983895807],4169.229930234622,-6358.921100252321,0.2925588983895807,3
176.317153,"Field2d",[4169.234173221977; -6358.922257943531; 0.29255889838958077],4169.234173221977,-6358.922257943531,0.29255889838958077,3
176.322012,"Field2d",[4169.232066500245; -6358.921782189549; 0.29255889838958077],4169.232066500245,-6358.921782189549,0.29255889838958077,3
176.325295,"Field2d",[4169.225336002979; -6358.921216653099; 0.29255889838958077],4169.225336002979,-6358.921216653099,0.29255889838958077,3
176.330544,"Field2d",[4169.243936490558; -6358.931959572781; 0.29255889838958077],4169.243936490558,-6358.931959572781,0.29255889838958077,3
176.333604,"Field2d",[4169.246140589265; -6358.933396272105; 0.29255889838958077],4169.246140589265,-6358.933396272105,0.29255889838958077,3
176.338022,"Field2d",[4169.24139071949; -6358.937458552764; 0.2925588983895808],4169.24139071949,-6358.937458552764,0.2925588983895808,3
176.341009,"Field2d",[4169.240058157228; -6358.936786978461; 0.2925588983895808],4169.240058157228,-6358.936786978461,0.2925588983895808,3
176.346125,"Field2d",[4169.217235815577; -6358.736596278054; 0.2925588983895808],4169.217235815577,-6358.736596278054,0.2925588983895808,3
176.348878,"Field2d",[4169.006848450532; -6358.693674962646; 0.2925588983895808],4169.006848450532,-6358.693674962646,0.2925588983895808,3
176.353156,"Field2d",[4168.996638918249; -6358.693755162274; 0.2925588983895808],4168.996638918249,-6358.693755162274,0.2925588983895808,3
176.357935,"Field2d",[4169.021287840824; -6358.710857946547; 0.2925588983895809],4169.021287840824,-6358.710857946547,0.2925588983895809,3
176.362089,"Field2d",[4168.989779361266; -6358.712094402016; 0.2925588983895809],4168.989779361266,-6358.712094402016,0.2925588983895809,3
176.365955,"Field2d",[4168.996307593475; -6358.7127171030215; 0.2925588983895809],4168.996307593475,-6358.7127171030215,0.2925588983895809,3
176.368903,"Field2d",[4169.01118878104; -6358.7195502466075; 0.2925588983895809],4169.01118878104,-6358.7195502466075,0.2925588983895809,3
176.374155,"Field2d",[4169.013564129828; -6358.72790749699; 0.2925588983895809],4169.013564129828,-6358.72790749699,0.2925588983895809,3
176.377082,"Field2d",[4169.009895028336; -6358.726114032984; 0.292558898389581],4169.009895028336,-6358.726114032984,0.292558898389581,3
176.381507,"Field2d",[4169.01539269903; -6358.72983121742; 0.292558898389581],4169.01539269903,-6358.72983121742,0.292558898389581,3
176.385187,"Field2d",[4168.9939226384895; -6358.732302608103; 0.292558898389581],4168.9939226384895,-6358.732302608103,0.292558898389581,3
176.389768,"Field2d",[4168.988394087338; -6358.7319989177795; 0.292558898389581],4168.988394087338,-6358.7319989177795,0.292558898389581,3
176.392785,"Field2d",[4169.004623508216; -6358.747948347219; 0.292558898389581],4169.004623508216,-6358.747948347219,0.292558898389581,3
176.397748,"Field2d",[4168.988320877964; -6358.745203593279; 0.29255889838958105],4168.988320877964,-6358.745203593279,0.29255889838958105,3
176.401524,"Field2d",[4168.982082260821; -6358.74495135485; 0.29255889838958105],4168.982082260821,-6358.74495135485,0.29255889838958105,3
176.404936,"Field2d",[4168.986481432204; -6358.745532249159; 0.29255889838958105],4168.986481432204,-6358.745532249159,0.29255889838958105,3
176.410095,"Field2d",[4168.995968192964; -6358.748857858239; 0.29255889838958105],4168.995968192964,-6358.748857858239,0.29255889838958105,3
176.413358,"Field2d",[4168.990608629199; -6358.747633597746; 0.29255889838958105],4168.990608629199,-6358.747633597746,0.29255889838958105,3
176.417979,"Field2d",[4168.988795079872; -6358.747291010317; 0.2925588983895811],4168.988795079872,-6358.747291010317,0.2925588983895811,3
176.422037,"Field2d",[4168.982799171555; -6358.746908384355; 0.2925588983895811],4168.982799171555,-6358.746908384355,0.2925588983895811,3
176.425576,"Field2d",[4168.979382861813; -6358.746929725329; 0.2925588983895811],4168.979382861813,-6358.746929725329,0.2925588983895811,3
176.430088,"Field2d",[4169.000136895374; -6358.757490012711; 0.2925588983895811],4169.000136895374,-6358.757490012711,0.2925588983895811,3
176.433327,"Field2d",[4168.987693618948; -6358.75483657447; 0.2925588983895811],4168.987693618948,-6358.75483657447,0.2925588983895811,3
176.43774,"Field2d",[4168.998819787473; -6358.760419142069; 0.2925588983895811],4168.998819787473,-6358.760419142069,0.2925588983895811,3
176.441788,"Field2d",[4168.989182726917; -6358.757847726552; 0.2925588983895811],4168.989182726917,-6358.757847726552,0.2925588983895811,3
176.444826,"Field2d",[4168.986413356063; -6358.757278103268; 0.2925588983895811],4168.986413356063,-6358.757278103268,0.2925588983895811,3
176.44921,"Field2d",[4168.985564190306; -6358.757119174685; 0.2925588983895811],4168.985564190306,-6358.757119174685,0.2925588983895811,3
176.453824,"Field2d",[4168.9881956352565; -6358.757764999373; 0.2925588983895811],4168.9881956352565,-6358.757764999373,0.2925588983895811,3
176.457329,"Field2d",[4168.979613688878; -6358.757210461482; 0.29255889838958116],4168.979613688878,-6358.757210461482,0.29255889838958116,3
176.462163,"Field2d",[4168.972684182346; -6358.757750935068; 0.29255889838958116],4168.972684182346,-6358.757750935068,0.29255889838958116,3
176.465188,"Field2d",[4169.000273757677; -6358.777158337602; 0.29255889838958116],4169.000273757677,-6358.777158337602,0.29255889838958116,3
176.469402,"Field2d",[4168.980240333156; -6358.773205385838; 0.29255889838958116],4168.980240333156,-6358.773205385838,0.29255889838958116,3
176.473504,"Field2d",[4168.9787682068945; -6358.772961385217; 0.29255889838958116],4168.9787682068945,-6358.772961385217,0.29255889838958116,3
176.477609,"Field2d",[4168.979039114582; -6358.773007952021; 0.2925588983895812],4168.979039114582,-6358.773007952021,0.2925588983895812,3
176.481368,"Field2d",[4168.998899738622; -6358.789841923283; 0.2925588983895812],4168.998899738622,-6358.789841923283,0.2925588983895812,3
176.485582,"Field2d",[4168.9773531133815; -6358.784388570773; 0.2925588983895812],4168.9773531133815,-6358.784388570773,0.2925588983895812,3
176.490648,"Field2d",[4168.966479127952; -6358.784115338585; 0.2925588983895812],4168.966479127952,-6358.784115338585,0.2925588983895812,3
176.493614,"Field2d",[4168.973988070359; -6358.794244783846; 0.2925588983895812],4168.973988070359,-6358.794244783846,0.2925588983895812,3
176.497978,"Field2d",[4168.9660325561235; -6358.795653130642; 0.2925588983895813],4168.9660325561235,-6358.795653130642,0.2925588983895813,3
176.502536,"Field2d",[4169.268345007822; -6358.792451663974; 0.2925588983895813],4169.268345007822,-6358.792451663974,0.2925588983895813,3
176.505599,"Field2d",[4169.017114536739; -6358.662324954513; 0.2925588983895813],4169.017114536739,-6358.662324954513,0.2925588983895813,3
176.510105,"Field2d",[4169.000213238419; -6358.660134799265; 0.2925588983895813],4169.000213238419,-6358.660134799265,0.2925588983895813,3
176.513372,"Field2d",[4168.991234470866; -6358.6606319791645; 0.2925588983895813],4168.991234470866,-6358.6606319791645,0.2925588983895813,3
176.517603,"Field2d",[4169.011794389145; -6358.669380638567; 0.2925588983895813],4169.011794389145,-6358.669380638567,0.2925588983895813,3
176.52121,"Field2d",[4169.014293334816; -6358.6706170165335; 0.2925588983895813],4169.014293334816,-6358.6706170165335,0.2925588983895813,3
176.524754,"Field2d",[4169.007571995449; -6358.668429487685; 0.2925588983895813],4169.007571995449,-6358.668429487685,0.2925588983895813,3
176.530726,"Field2d",[4169.119288129618; -6358.800890323264; 0.2925588983895813],4169.119288129618,-6358.800890323264,0.2925588983895813,3
176.533796,"Field2d",[4168.988787326582; -6358.709716786183; 0.2925588983895813],4168.988787326582,-6358.709716786183,0.2925588983895813,3
176.537012,"Field2d",[4168.972980128278; -6358.705293929227; 0.2925588983895814],4168.972980128278,-6358.705293929227,0.2925588983895814,3
176.541601,"Field2d",[4168.9648179516935; -6358.704435950676; 0.2925588983895814],4168.9648179516935,-6358.704435950676,0.2925588983895814,3
176.545543,"Field2d",[4168.980047620773; -6358.711818649875; 0.2925588983895814],4168.980047620773,-6358.711818649875,0.2925588983895814,3
176.549822,"Field2d",[4168.969412948589; -6358.709353332437; 0.2925588983895814],4168.969412948589,-6358.709353332437,0.2925588983895814,3
176.552766,"Field2d",[4168.976809388107; -6358.719417002459; 0.2925588983895814],4168.976809388107,-6358.719417002459,0.2925588983895814,3
176.55724,"Field2d",[4168.968786951998; -6358.717193147536; 0.29255889838958143],4168.968786951998,-6358.717193147536,0.29255889838958143,3
176.561137,"Field2d",[4168.975556319241; -6358.720235913346; 0.29255889838958143],4168.975556319241,-6358.720235913346,0.29255889838958143,3
176.564887,"Field2d",[4168.9617463888335; -6358.718333365504; 0.29255889838958143],4168.9617463888335,-6358.718333365504,0.29255889838958143,3
176.569098,"Field2d",[4168.973185915076; -6358.723039118638; 0.29255889838958143],4168.973185915076,-6358.723039118638,0.29255889838958143,3
176.573068,"Field2d",[4168.962599544419; -6358.726909029513; 0.29255889838958143],4168.962599544419,-6358.726909029513,0.29255889838958143,3
176.577519,"Field2d",[4168.972665649593; -6358.731617865704; 0.2925588983895815],4168.972665649593,-6358.731617865704,0.2925588983895815,3
176.582208,"Field2d",[4168.972653781527; -6358.738276001573; 0.2925588983895815],4168.972653781527,-6358.738276001573,0.2925588983895815,3
176.585905,"Field2d",[4168.959854972882; -6358.735595606084; 0.2925588983895815],4168.959854972882,-6358.735595606084,0.2925588983895815,3
176.590665,"Field2d",[4169.023818064492; -6358.7525682427195; 0.2925588983895815],4169.023818064492,-6358.7525682427195,0.2925588983895815,3
176.593509,"Field2d",[4168.944495450842; -6358.758688553351; 0.2925588983895815],4168.944495450842,-6358.758688553351,0.2925588983895815,3
176.598789,"Field2d",[4168.969207348651; -6358.772099413319; 0.29255889838958155],4168.969207348651,-6358.772099413319,0.29255889838958155,3
176.601245,"Field2d",[4168.955863331206; -6358.7691527616; 0.29255889838958155],4168.955863331206,-6358.7691527616,0.29255889838958155,3
176.605536,"Field2d",[4168.97072671061; -6358.778926084502; 0.29255889838958155],4168.97072671061,-6358.778926084502,0.29255889838958155,3
176.609851,"Field2d",[4168.972722276815; -6358.78038828079; 0.29255889838958155],4168.972722276815,-6358.78038828079,0.29255889838958155,3
176.613743,"Field2d",[4168.942964279622; -6358.779712473341; 0.29255889838958155],4168.942964279622,-6358.779712473341,0.29255889838958155,3
176.617357,"Field2d",[4168.947373032618; -6358.780215507; 0.2925588983895816],4168.947373032618,-6358.780215507,0.2925588983895816,3
176.62099,"Field2d",[4168.954679697578; -6358.782228362278; 0.2925588983895816],4168.954679697578,-6358.782228362278,0.2925588983895816,3
176.625437,"Field2d",[4168.966913432012; -6358.789993652276; 0.2925588983895816],4168.966913432012,-6358.789993652276,0.2925588983895816,3
176.63007,"Field2d",[4168.969330719409; -6358.791743929861; 0.2925588983895816],4168.969330719409,-6358.791743929861,0.2925588983895816,3
176.633214,"Field2d",[4168.942386576975; -6358.789763379811; 0.2925588983895816],4168.942386576975,-6358.789763379811,0.2925588983895816,3
176.634119,"Field2d",[4077.387140283896; -6341.404349470692; 0.29255889838958166],4077.387140283896,-6341.404349470692,0.29255889838958166,3